{
    "epn": {
        "events": [
            {
                "name": "e1",
                "createdDate": "Thu Jul 18 2013",
                "attributes": [
                    {
                        "name": "Certainty",
                        "type": "Double",
                        "defaultValue": "1",
                        "dimension": 0,
                        "description": "The certainty that this event happen (value between 0 to 1)"
                    },
                    {
                        "name": "OccurrenceTime",
                        "type": "Date",
                        "dimension": 0,
                        "description": "No value means it equals the event detection time, other option is to use one of the defined distribution functions with parameters"
                    },
                    {
                        "name": "ExpirationTime",
                        "type": "Date",
                        "dimension": 0,
                        "description": "Only till this time the cost and certainty parameters of the event are valid, and only till this time a proactive action is considered"
                    },
                    {
                        "name": "Cost",
                        "type": "Double",
                        "dimension": 0,
                        "description": "The cost of this event occurrence. Negative if this is an opportunity"
                    },
                    {
                        "name": "Duration",
                        "type": "Double",
                        "defaultValue": "0",
                        "dimension": 0,
                        "description": "Used in case the this event occur within an interval"
                    },
                    {
                        "name": "a",
                        "type": "Integer",
                        "dimension": "0"
                    },
                    {
                        "name": "key",
                        "type": "String",
                        "dimension": "0"
                    },
                     {
                        "name": "localKey",
                        "type": "String",
                        "dimension": "0"
                    }
                ]
            },
            {
                "name": "e2",
                "createdDate": "Thu Jul 18 2013",
                "attributes": [
                    {
                        "name": "Certainty",
                        "type": "Double",
                        "defaultValue": "1",
                        "dimension": 0,
                        "description": "The certainty that this event happen (value between 0 to 1)"
                    },
                    {
                        "name": "OccurrenceTime",
                        "type": "Date",
                        "dimension": 0,
                        "description": "No value means it equals the event detection time, other option is to use one of the defined distribution functions with parameters"
                    },
                    {
                        "name": "ExpirationTime",
                        "type": "Date",
                        "dimension": 0,
                        "description": "Only till this time the cost and certainty parameters of the event are valid, and only till this time a proactive action is considered"
                    },
                    {
                        "name": "Cost",
                        "type": "Double",
                        "dimension": 0,
                        "description": "The cost of this event occurrence. Negative if this is an opportunity"
                    },
                    {
                        "name": "Duration",
                        "type": "Double",
                        "defaultValue": "0",
                        "dimension": 0,
                        "description": "Used in case the this event occur within an interval"
                    },
                    {
                        "name": "a",
                        "type": "Double",
                        "dimension": "0"
                    },
                     {
                        "name": "a2",
                        "type": "String",
                        "dimension": "0"
                    }
                ]
            }
        ],
        "epas": [
         
            {
            	"name":"Absence",
				"description":"",
				"createdDate":"Mon Jul 22 2013",
				"createdBy":"",
				"epaType":"Absence",
				"context":"composite",
				"inputEvents":
				[
					{"name":"e1",
					"consumptionPolicy":"Consume",
					"instanceSelectionPolicy":"First",
					"filterExpression":"e1.a > 5"
					}
				],
				"computedVariables":[],
				"evaluationPolicy":"Deferred",
				"cardinalityPolicy":"Single",
				 "internalSegmentation":
                [                	
                ],
                "derivedEvents": [
                    {
                        "name": "e2",
                        "reportParticipants": false,
                        "expressions": {
                            "Duration": "0",
                            "a": "context.windowSize"
                        }
                    }
                ],"derivedActions":[]
           }
        ],
        "contexts": {
            "temporal": [
                {
                    "name": "temp1",
                    "createdDate": "Thu Jul 18 2013",
                    "type": "TemporalInterval",
                    "atStartup": false,
                    "neverEnding": false,
                    "initiators": [
                        {
                            "initiatorType": "Event",
                            "initiatorPolicy": "Ignore",
                            "name": "e1",
                            "condition": "e1.a<4"
                        }
                    ],
                    "terminators": [                        
                        {
                            "terminatorType": "RelativeTime",
                            "terminationType": "Terminate",
                            "relativeTime": "30000"
                        }
                    ]
                }
            ],
            "segmentation": [
                {
                    "name": "KeySegmentation",
                    "description": "",
                    "createdDate": "Tue Jul 02 2013",
                    "createdBy": "",
                    "participantEvents": [
                        {
                            "name": "e1",
                            "expression": "e1.key"
                        }
                       
                    ]
                },
                {
                    "name": "localSegmentation",
                    "description": "",
                    "createdDate": "Tue Jul 02 2013",
                    "createdBy": "",
                    "participantEvents": [
                        {
                            "name": "e1",
                            "expression": "e1.localKey"
                        }
                       
                    ]
                }                       
            ],
            "composite": 
            [
          	  {
                    "name": "composite",
                    "createdDate": "Tue Nov 13 2012",
                    "temporalContexts": [
                        {
                            "name": "temp1"
                        }
                    ],
                    "segmentationContexts": [
                        
                    ]
                }
            ]
        },
        "consumers": [
            {
                "name": "C1",
                "createdDate": "Thu Jul 18 2013",
                "type": "File",
                "properties": [
                    {
                        "name": "filename",
                        "value": "D:\\EP\\Projects\\Proton\\development\\input\\output-e2-forTest.txt"
                    },
                    {
                        "name": "formatter",
                        "value": "tag"
                    },
                    {
                        "name": "delimiter",
                        "value": ";"
                    },
                    {
                        "name": "tagDataSeparator",
                        "value": "="
                    },
                    {
                        "name": "SendingDelay",
                        "value": "1000"
                    }
                ],
                "events": [
                    {
                        "name": "e1"
                    },
                    {
                        "name": "e2"
                    }
                ],
                "actions": []
            }
        ],
        "producers": [
            {
                "name": "P1",
                "createdDate": "Thu Jul 18 2013",
                "type": "File",
                "properties": [
                    {
                        "name": "filename",                        
                        "value": "D:\\EP\\Projects\\Proton\\development\\input\\input-e1-forTest.txt"
                    },
                    {
                        "name": "pollingInterval",
                        "value": "1000"
                    },
                    {
                        "name": "sendingDelay",
                        "value": "100"
                    },
                    {
                        "name": "formatter",
                        "value": "tag"
                    },
                    {
                        "name": "delimiter",
                        "value": ";"
                    },
                    {
                        "name": "tagDataSeparator",
                        "value": "="
                    }
                ],
                "events": []
            }
        ],
        "actions": [],
        "name": "TestTerminatorCondition"
    }
}