{
    "epn": {
        "events": [
            {
                "name": "e1",
                "createdDate": "Thu Jul 18 2013",
                "attributes": [
                    {
                        "name": "Certainty",
                        "type": "Double",
                        "defaultValue": "1",
                        "dimension": 0,
                        "description": "The certainty that this event happen (value between 0 to 1)"
                    },
                    {
                        "name": "OccurrenceTime",
                        "type": "Date",
                        "dimension": 0,
                        "description": "No value means it equals the event detection time, other option is to use one of the defined distribution functions with parameters"
                    },
                    {
                        "name": "ExpirationTime",
                        "type": "Date",
                        "dimension": 0,
                        "description": "Only till this time the cost and certainty parameters of the event are valid, and only till this time a proactive action is considered"
                    },
                    {
                        "name": "Cost",
                        "type": "Double",
                        "dimension": 0,
                        "description": "The cost of this event occurrence. Negative if this is an opportunity"
                    },
                    {
                        "name": "Duration",
                        "type": "Double",
                        "defaultValue": "0",
                        "dimension": 0,
                        "description": "Used in case the this event occur within an interval"
                    },
                    {
                        "name": "a",
                        "type": "Integer",
                        "dimension": "0"
                    },
                    {
                        "name": "key",
                        "type": "String",
                        "dimension": "0"
                    },
                     {
                        "name": "localKey",
                        "type": "String",
                        "dimension": "0"
                    }
                ]
            },
            {
                "name": "e2",
                "createdDate": "Thu Jul 18 2013",
                "attributes": [
                    {
                        "name": "Certainty",
                        "type": "Double",
                        "defaultValue": "1",
                        "dimension": 0,
                        "description": "The certainty that this event happen (value between 0 to 1)"
                    },
                    {
                        "name": "OccurrenceTime",
                        "type": "Date",
                        "dimension": 0,
                        "description": "No value means it equals the event detection time, other option is to use one of the defined distribution functions with parameters"
                    },
                    {
                        "name": "ExpirationTime",
                        "type": "Date",
                        "dimension": 0,
                        "description": "Only till this time the cost and certainty parameters of the event are valid, and only till this time a proactive action is considered"
                    },
                    {
                        "name": "Cost",
                        "type": "Double",
                        "dimension": 0,
                        "description": "The cost of this event occurrence. Negative if this is an opportunity"
                    },
                    {
                        "name": "Duration",
                        "type": "Double",
                        "defaultValue": "0",
                        "dimension": 0,
                        "description": "Used in case the this event occur within an interval"
                    },
                    {
                        "name": "a",
                        "type": "Integer",
                        "dimension": "0"
                    },
                    {
                        "name": "key",
                        "type": "String",
                        "dimension": "0"
                    },
                     {
                        "name": "a2",
                        "type": "String",
                        "dimension": "0"
                    }
                  ]
                 },
                 {
                "name": "e3",
                "createdDate": "Thu Jul 18 2013",
                "attributes": [
                    {
                        "name": "Certainty",
                        "type": "Double",
                        "defaultValue": "1",
                        "dimension": 0,
                        "description": "The certainty that this event happen (value between 0 to 1)"
                    },
                    {
                        "name": "OccurrenceTime",
                        "type": "Date",
                        "dimension": 0,
                        "description": "No value means it equals the event detection time, other option is to use one of the defined distribution functions with parameters"
                    },
                    {
                        "name": "ExpirationTime",
                        "type": "Date",
                        "dimension": 0,
                        "description": "Only till this time the cost and certainty parameters of the event are valid, and only till this time a proactive action is considered"
                    },
                    {
                        "name": "Cost",
                        "type": "Double",
                        "dimension": 0,
                        "description": "The cost of this event occurrence. Negative if this is an opportunity"
                    },
                    {
                        "name": "Duration",
                        "type": "Double",
                        "defaultValue": "0",
                        "dimension": 0,
                        "description": "Used in case the this event occur within an interval"
                    },
                    {
                        "name": "a",
                        "type": "Integer",
                        "dimension": "0"
                    },
                     {
                        "name": "a2",
                        "type": "String",
                        "dimension": "0"
                    },
                    {
                        "name": "localKey",
                        "type": "String",
                        "dimension": "0"
                    }
                ]
            }
        ],
        "epas": [         
            {
                "name": "Aggregation",
                "description": "",
                "createdDate": "Mon Jul 22 2013",
                "createdBy": "",
                "epaType": "Aggregate",
                "context": "temp1",
                "inputEvents": [
                    {
                        "name": "e1",
                        "alias": "E1Instance1",
                        "filterExpression": "E1Instance1.a<=20",
                        "consumptionPolicy": "Reuse",
                        "instanceSelectionPolicy": "First"
                    },
                    {
                        "name": "e1",
                        "alias": "E1Instance2",
                        "filterExpression": "E1Instance2.a>20",
                        "consumptionPolicy": "Consume",
                        "instanceSelectionPolicy": "First"
                    },
                    {
                        "name": "e3",
                        "alias": "e3",
                        "filterExpression": "e3.a>10",
                        "consumptionPolicy": "Consume",
                        "instanceSelectionPolicy": "First"
                    }
                ],
                "computedVariables": [
                    {
                        "name": "X1",
                        "aggregationType": "Count",
                        "E1Instance1": "E1Instance1.a",
                        "E1Instance2": "E1Instance2.a",
                        "e3": "e3.a"
                    }
                ],
                "evaluationPolicy": "Immediate",
                "cardinalityPolicy": "Single",
                "internalSegmentation": [                   	  
                ],
                "derivedEvents": [
                    {
                        "name": "e2",
                        "reportParticipants": false,
                        "expressions": {
                            "Duration": "0",
                            "a": "X1+context.windowSize"
                        }
                    }
                ],
                "derivedActions": []
            }
        ],
        "contexts": {
            "temporal": [
                {
                    "name": "temp1",
                    "createdDate": "Thu Jul 18 2013",
                    "type": "TemporalInterval",
                    "atStartup": false,
                    "neverEnding": false,
                    "initiators": [
                        {
                            "initiatorType": "Event",
                            "initiatorPolicy": "Ignore",
                            "name": "e1",
                            "condition": "e1.a<4"
                        }
                    ],
                    "terminators": [
                        
                        {
                            "terminatorType": "RelativeTime",
                            "terminationType": "Terminate",
                            "relativeTime": "60000"
                        }
                    ]
                }
            ],
            "segmentation": [
                {
                    "name": "KeySegmentation",
                    "description": "",
                    "createdDate": "Tue Jul 02 2013",
                    "createdBy": "",
                    "participantEvents": [
                        {
                            "name": "e1",
                            "expression": "e1.key"
                        },
                        {
                            "name": "e3",
                            "expression": "e3.a2"
                        }
                       
                    ]
                },
                {
                    "name": "localSegmentation",
                    "description": "",
                    "createdDate": "Tue Jul 02 2013",
                    "createdBy": "",
                    "participantEvents": [
                        {
                            "name": "e1",
                            "expression": "e1.localKey"
                        },
                        {
                            "name": "e3",
                            "expression": "e3.localKey"
                        }
                       
                    ]
                }                       
            ],
            "composite": 
            [
          	  {
                    "name": "composite",
                    "createdDate": "Tue Nov 13 2012",
                    "temporalContexts": [
                        {
                            "name": "temp1"
                        }
                    ],
                    "segmentationContexts": [
                        {
                            "name": "KeySegmentation"
                        }
                    ]
                }
            ]
        },
        "consumers": [
            {
                "name": "C1",
                "createdDate": "Thu Jul 18 2013",
                "type": "File",
                "properties": [
                    {
                        "name": "filename",
                        "value": "D:\\EP\\Projects\\Proton\\development\\input\\output-e2-forTest.txt"
                    },
                    {
                        "name": "formatter",
                        "value": "tag"
                    },
                    {
                        "name": "delimiter",
                        "value": ";"
                    },
                    {
                        "name": "tagDataSeparator",
                        "value": "="
                    },
                    {
                        "name": "SendingDelay",
                        "value": "1000"
                    }
                ],
                "events": [
                    {
                        "name": "e1"
                    },
                    {
                        "name": "e2"
                    }
                ],
                "actions": []
            }
        ],
        "producers": [
            {
                "name": "P1",
                "createdDate": "Thu Jul 18 2013",
                "type": "File",
                "properties": [
                    {
                        "name": "filename",                        
                        "value": "D:\\EP\\Projects\\Proton\\development\\input\\input-e1-forTest.txt"
                    },
                    {
                        "name": "pollingInterval",
                        "value": "1000"
                    },
                    {
                        "name": "sendingDelay",
                        "value": "100"
                    },
                    {
                        "name": "formatter",
                        "value": "tag"
                    },
                    {
                        "name": "delimiter",
                        "value": ";"
                    },
                    {
                        "name": "tagDataSeparator",
                        "value": "="
                    }
                ],
                "events": []
            }
        ],
        "actions": [],
        "name": "TestTerminatorCondition"
    }
}