{
  "epn": {
    "events": [
      {
        "name": "cdr",
        "createdDate": "Wed Jul 30 2014",
        "attributes": [
          {
            "name": "PhoneNumber",
            "type": "Integer",
            "dimension": "0"
          },
          {
            "name": "Center",
            "type": "Integer",
            "dimension": "0"
          }
        ]
      },
      {
        "name": "CdrCounter",
        "createdDate": "Wed Jul 30 2014",
        "attributes": [
          {
            "name": "PhoneNumber",
            "type": "Integer",
            "dimension": "0"
          },
          {
            "name": "Count",
            "type": "Integer",
            "defaultValue": "0",
            "dimension": "0"
          },
          {
            "name": "Center",
            "type": "Integer",
            "dimension": "0"
          }
        ]
      }
    ],
    "epas": [
      {
        "name": "CountEPA",
        "createdDate": "Wed Jul 30 2014",
        "epaType": "Aggregate",
        "context": "CdrTimeWindow",
        "inputEvents": [
          {
            "name": "cdr",
            "consumptionPolicy": "Reuse",
            "instanceSelectionPolicy": "First"
          }
        ],
        "computedVariables": [
          {
            "name": "CountVariable",
            "aggregationType": "Count",
            "cdr": "1"
          }
        ],
        "assertion": "CountVariable > 0",
        "evaluationPolicy": "Immediate",
        "cardinalityPolicy": "Unrestricted",
        "internalSegmentation": [
          {
            "name": "CdrSegmentation"
          },
          {
            "name": "CdrByCenter"
          }
        ],
        "derivedEvents": [
          {
            "name": "CdrCounter",
            "reportParticipants": false,
            "expressions": {
              "PhoneNumber": "context.CdrSegmentation",
              "Count": "CountVariable",
              "Center": "context.CdrByCenter"
              
            }
          }
        ]
      }
    ],
    "contexts": {
      "temporal": [
        {
          "name": "CdrTimeWindow",
          "createdDate": "Wed Jul 30 2014",
          "type": "TemporalInterval",
          "atStartup": true,
          "neverEnding": false,
          "initiators": [],
          "terminators": [
            {
              "terminatorType": "RelativeTime",
              "terminationType": "Terminate",
              "relativeTime": "180000"
            }
          ]
        }
      ],
      "segmentation": [
        {
          "name": "CdrSegmentation",
          "createdDate": "Wed Jul 30 2014",
          "participantEvents": [
            {
              "name": "cdr",
              "expression": " cdr.PhoneNumber"
            }
          ]
        },
        {
          "name": "CdrByCenter",
          "createdDate": "Wed Aug 06 2014",
          "participantEvents": [
            {
              "name": "cdr",
              "expression": "cdr.Center"
            }
          ]
        }
      ],
      "composite": []
    },
    "consumers": [
      {
        "name": "CdrAggregatorConsumer",
        "createdDate": "Wed Jul 30 2014",
        "type": "File",
        "properties": [
          {
            "name": "filename",
            "value": "D:\\EP\\Projects\\Proton\\development\\input\\CdrAggregation.txt"
          },
          {
            "name": "formatter",
            "value": "tag"
          },
          {
            "name": "delimiter",
            "value": ";"
          },
          {
            "name": "tagDataSeparator",
            "value": "="
          },
          {
            "name": "SendingDelay",
            "value": "100"
          },
          {
            "name": "dateFormat",
            "value": "dd/MM/yyyy-HH:mm:ss"
          }
        ],
        "events": [
          {
            "name": "CdrCounter"
          },
          {
            "name": "cdr"
          }
        ]
      }
    ],
    "producers": [
      {
        "name": "CdrProducer",
        "createdDate": "Wed Jul 30 2014",
        "type": "File",
        "properties": [
          {
            "name": "filename",
            "value": "D:\\EP\\Projects\\Proton\\development\\input\\CdrSource.txt"
          },
          {
            "name": "pollingInterval",
            "value": "100"
          },
          {
            "name": "sendingDelay",
            "value": "100"
          },
          {
            "name": "formatter",
            "value": "tag"
          },
          {
            "name": "delimiter",
            "value": ";"
          },
          {
            "name": "tagDataSeparator",
            "value": "="
          },
          {
            "name": "dateFormat",
            "value": "dd/MM/yyyy-HH:mm:ss"
          }
        ],
        "events": []
      }
    ],
    "name": "aggreg"
  }
}