{
    "epn": {
        "events": [
            {
                "name": "OutputEvent",
                "createdDate": "Tue Nov 06 2012",
                "attributes": [
                    {
                        "name": "Certainty",
                        "type": "Double",
                        "defaultValue": "1",
                        "dimension": 0,
                        "description": "The certainty that this event happen (value between 0 to 1)"
                    },
                    {
                        "name": "OccurrenceTime",
                        "type": "String",
                        "dimension": 0,
                        "description": "No value means it equals the event detection time, other option is to use one of the defined distribution functions with parameters"
                    },
                    {
                        "name": "ExpirationTime",
                        "type": "String",
                        "dimension": 0,
                        "description": "Only till this time the cost and certainty parameters of the event are valid, and only till this time a proactive action is considered"
                    },
                    {
                        "name": "Cost",
                        "type": "Double",
                        "dimension": 0,
                        "description": "The cost of this event occurrence. Negative if this is an opportunity"
                    },
                    {
                        "name": "Duration",
                        "type": "Double",
                        "defaultValue": "0",
                        "dimension": 0,
                        "description": "Used in case the this event occur within an interval"
                    },
                    {
                        "name": "CountVariable",
                        "type": "Integer",
                        "dimension": 0
                    },
                    {
                        "name": "Message",
                        "type": "String",
                        "dimension": 1
                    },
                    {
                        "name": "Message1",
                        "type": "String",
                        "dimension": 1
                    },
                    {
                        "name": "MaxVariable",
                        "type": "Double",
                        "dimension": 0
                    }
                ]
            },
            {
                "name": "E1",
                "createdDate": "Wed Nov 21 2012",
                "attributes": [
                    {
                        "name": "Certainty",
                        "type": "Double",
                        "defaultValue": "1",
                        "dimension": 0,
                        "description": "The certainty that this event happen (value between 0 to 1)"
                    },
                    {
                        "name": "OccurrenceTime",
                        "type": "String",
                        "dimension": 0,
                        "description": "No value means it equals the event detection time, other option is to use one of the defined distribution functions with parameters"
                    },
                    {
                        "name": "ExpirationTime",
                        "type": "String",
                        "dimension": 0,
                        "description": "Only till this time the cost and certainty parameters of the event are valid, and only till this time a proactive action is considered"
                    },
                    {
                        "name": "Cost",
                        "type": "Double",
                        "dimension": 0,
                        "description": "The cost of this event occurrence. Negative if this is an opportunity"
                    },
                    {
                        "name": "Duration",
                        "type": "Double",
                        "defaultValue": "0",
                        "dimension": 0,
                        "description": "Used in case the this event occur within an interval"
                    },
                    {
                        "name": "A1",
                        "type": "Integer",
                        "dimension": 0
                    },
                    {
                        "name": "A2",
                        "type": "String",
                        "dimension": 0
                    },
                    {
                        "name": "A3",
                        "type": "Double",
                        "dimension": 0
                    },
                    {
                        "name": "A4",
                        "type": "String",
                        "dimension": 0
                    }
                ]
            },
            {
                "name": "E2",
                "createdDate": "Wed Nov 21 2012",
                "attributes": [
                    {
                        "name": "Certainty",
                        "type": "Double",
                        "defaultValue": "1",
                        "dimension": 0,
                        "description": "The certainty that this event happen (value between 0 to 1)"
                    },
                    {
                        "name": "OccurrenceTime",
                        "type": "String",
                        "dimension": 0,
                        "description": "No value means it equals the event detection time, other option is to use one of the defined distribution functions with parameters"
                    },
                    {
                        "name": "ExpirationTime",
                        "type": "String",
                        "dimension": 0,
                        "description": "Only till this time the cost and certainty parameters of the event are valid, and only till this time a proactive action is considered"
                    },
                    {
                        "name": "Cost",
                        "type": "Double",
                        "dimension": 0,
                        "description": "The cost of this event occurrence. Negative if this is an opportunity"
                    },
                    {
                        "name": "Duration",
                        "type": "Double",
                        "defaultValue": "0",
                        "dimension": 0,
                        "description": "Used in case the this event occur within an interval"
                    },
                    {
                        "name": "A1",
                        "type": "Integer",
                        "dimension": 0
                    },
                    {
                        "name": "A3",
                        "type": "Double",
                        "dimension": 0
                    },
                    {
                        "name": "A2",
                        "type": "String",
                        "dimension": 0
                    }
                ]
            },
            {
                "name": "ArrayAttributeEvent",
                "createdDate": "Thu Nov 22 2012",
                "attributes": [
                    {
                        "name": "Certainty",
                        "type": "Double",
                        "defaultValue": "1",
                        "dimension": 0,
                        "description": "The certainty that this event happen (value between 0 to 1)"
                    },
                    {
                        "name": "OccurrenceTime",
                        "type": "String",
                        "dimension": 0,
                        "description": "No value means it equals the event detection time, other option is to use one of the defined distribution functions with parameters"
                    },
                    {
                        "name": "ExpirationTime",
                        "type": "String",
                        "dimension": 0,
                        "description": "Only till this time the cost and certainty parameters of the event are valid, and only till this time a proactive action is considered"
                    },
                    {
                        "name": "Cost",
                        "type": "Double",
                        "dimension": 0,
                        "description": "The cost of this event occurrence. Negative if this is an opportunity"
                    },
                    {
                        "name": "Duration",
                        "type": "Double",
                        "defaultValue": "0",
                        "dimension": 0,
                        "description": "Used in case the this event occur within an interval"
                    },
                    {
                        "name": "ArrayString",
                        "type": "String",
                        "dimension": 0
                    }
                ]
            }
        ],
        "epas": [
            {
                "name": "AggregationEPA",
                "createdDate": "Tue Nov 06 2012",
                "epaType": "Aggregate",
                "context": "TemporalContext",
                "inputEvents": [
                    {
                        "name": "E1",
                        "alias": "Alias1",
                        "filterExpression": "Alias1.A1>=10",
                        "consumptionPolicy": "Reuse",
                        "instanceSelectionPolicy": "First"
                    },
                    {
                        "name": "E1",
                        "alias": "Alias2",
                        "filterExpression": "Alias2.A1<15",
                        "consumptionPolicy": "Reuse",
                        "instanceSelectionPolicy": "First"
                    },
                    {
                        "name": "E2",
                        "consumptionPolicy": "Reuse",
                        "instanceSelectionPolicy": "First"
                    }
                ],
                "computedVariables": [
                    {
                        "name": "CountVariable",
                        "aggregationType": "Count",
                        "Alias1": "1",
                        "Alias2": "2",
                        "E2": "1"
                    },
                    {
                        "name": "MaxVariable",
                        "aggregationType": "Max",
                        "Alias1": "Alias1.A3",
                        "Alias2": "Alias2.A3",
                        "E2": "E2.A3"
                    }
                ],
                "assertion": "CountVariable>3",
                "evaluationPolicy": "Immediate",
                "cardinalityPolicy": "Single",
                "internalSegmentation": [],
                "derivedEvents": [
                    {
                        "name": "OutputEvent",
                        "reportParticipants": false,
                        "expressions": {
                            "Duration": "0",
                            "CountVariable": "CountVariable",
                            "Message": "ArrayAppend(Alias1.A2,Alias2.A4)",
                            "Message1":"E2.A2",
                            "MaxVariable": "MaxVariable"
                        }
                    }
                ],
                "derivedActions": []
            },
             {
                "name": "FilterOut",
                "createdDate": "Thu Nov 22 2012",
                "epaType": "Basic",
                "context": "TemporalContext",
                "inputEvents": [
                    {
                        "name": "OutputEvent",
                        "consumptionPolicy": "Consume",
                        "instanceSelectionPolicy": "First"
                    }
                ],
                "computedVariables": [],
                "evaluationPolicy": "Immediate",
                "cardinalityPolicy": "Single",
                "internalSegmentation": [],
                "derivedEvents": [
                    {
                        "name": "ArrayAttributeEvent",
                        "reportParticipants": false,
                        "expressions": {
                            "Duration": "0",
                            "ArrayString": "ArrayGet(OutputEvent.Message,ArraySize(OutputEvent.Message)-1)"
                        }
                    }
                ],
                "derivedActions": []
            }
        ],
        "contexts": {
            "temporal": [
                {
                    "name": "TemporalContext",
                    "createdDate": "Tue Nov 06 2012",
                    "type": "TemporalInterval",
                    "atStartup": true,
                    "neverEnding": true,
                    "initiators": [],
                    "terminators": []
                }
            ],
            "segmentation": [],
            "composite": []
        },
        "consumers": [
            {
                "name": "OutputConsumer",
                "createdDate": "Tue Nov 06 2012",
                "type": "File",
                "properties": [
                    {
                        "name": "filename",
                        "value": "D:\\EP\\Projects\\Proton\\development\\input\\aggregationOutput.txt"
                    },
                    {
                        "name": "formatter",
                        "value": "tag"
                    },
                    {
                        "name": "delimiter",
                        "value": ";"
                    },
                    {
                        "name": "tagDataSeparator",
                        "value": "="
                    },
                    {
                        "name": "SendingDelay",
                        "value": "1000"
                    }
                ],
                "events": [
                     {
                        "name": "OutputEvent"
                     },
                    {
                        "name": "E1"
                    },
                    {
                        "name": "E2"
                    },
                    {
                    	"name": "ArrayAttributeEvent"
                    }
                ],
                "actions": []
            }
        ],
        "producers": [
            {
                "name": "InputProducer",
                "createdDate": "Tue Nov 06 2012",
                "type": "File",
                "properties": [
                    {
                        "name": "filename",
                        "value": "D:\\EP\\Projects\\Proton\\development\\input\\aggregationInput.txt"
                    },
                    {
                        "name": "pollingInterval",
                        "value": "1000"
                    },
                    {
                        "name": "sendingDelay",
                        "value": "5000"
                    },
                    {
                        "name": "formatter",
                        "value": "tag"
                    },
                    {
                        "name": "delimiter",
                        "value": ";"
                    },
                    {
                        "name": "tagDataSeparator",
                        "value": "="
                    }
                ],
                "events": []
            }
        ],
        "actions": [],
        "name": "AggregationTest"
    }
}