{
    "epn": {
        "events": [
            {
                "name": "OrphanObject",
                "createdDate": "Sun Jan 06 2013",
                "attributes": [
                    {
                        "name": "EventTime",
                        "type": "String",
                        "defaultValue": "1",
                        "dimension": 0,
                        "description": "The certainty that this event happen (value between 0 to 1)"
                    },
                    {
                        "name": "EventDuration",
                        "type": "String",
                        "dimension": 0,
                        "description": "No value means it equals the event detection time, other option is to use one of the defined distribution functions with parameters"
                    },
                    {
                        "name": "EventID",
                        "type": "String",
                        "dimension": 0,
                        "description": "Only till this time the cost and certainty parameters of the event are valid, and only till this time a proactive action is considered"
                    },
                    {
                        "name": "PosLat",
                        "type": "String",
                        "dimension": "0"
                    },
                    {
                        "name": "PosLong",
                        "type": "String",
                        "dimension": 0
                    },
                    {
                        "name": "SensorId",
                        "type": "String",
                        "dimension": 0
                    },
                    {
                        "name": "AdditionalData",
                        "type": "String",
                        "dimension": 0
                    },
                    {
                        "name": "SensorName",
                        "type": "String",
                        "dimension": 0
                    },
                    {
                        "name": "EventDetails",
                        "type": "String",
                        "dimension": 0
                    },
                    {
                        "name": "EventName",
                        "type": "String",
                        "dimension": 0
                    }
                ]
            },
            {
                "name": "SuspiciousPerson",
                "createdDate": "Sun Jan 06 2013",
                "attributes": [
                    {
                        "name": "EventTime",
                        "type": "String",
                        "defaultValue": "1",
                        "dimension": 0,
                        "description": "The certainty that this event happen (value between 0 to 1)"
                    },
                    {
                        "name": "EventDuration",
                        "type": "String",
                        "dimension": 0,
                        "description": "No value means it equals the event detection time, other option is to use one of the defined distribution functions with parameters"
                    },
                    {
                        "name": "EventID",
                        "type": "String",
                        "dimension": 0,
                        "description": "Only till this time the cost and certainty parameters of the event are valid, and only till this time a proactive action is considered"
                    },
                    {
                        "name": "PosLat",
                        "type": "String",
                        "dimension": 0
                    },
                    {
                        "name": "PosLong",
                        "type": "String",
                        "dimension": 0
                    },
                    {
                        "name": "SensorId",
                        "type": "String",
                        "dimension": 0
                    },
                    {
                        "name": "AdditionalData",
                        "type": "String",
                        "dimension": 0
                    },
                    {
                        "name": "SensorName",
                        "type": "String",
                        "dimension": 0
                    },
                    {
                        "name": "EventDetails",
                        "type": "String",
                        "dimension": 0
                    },
                    {
                        "name": "EventName",
                        "type": "String",
                        "dimension": 0
                    }
                ]
            },
            {
                "name": "Intrusion",
                "createdDate": "Sun Jan 06 2013",
                "attributes": [
                    {
                        "name": "EventTime",
                        "type": "String",
                        "defaultValue": "1",
                        "dimension": 0,
                        "description": "The certainty that this event happen (value between 0 to 1)"
                    },
                    {
                        "name": "EventDuration",
                        "type": "String",
                        "dimension": 0,
                        "description": "No value means it equals the event detection time, other option is to use one of the defined distribution functions with parameters"
                    },
                    {
                        "name": "EventID",
                        "type": "String",
                        "dimension": 0,
                        "description": "Only till this time the cost and certainty parameters of the event are valid, and only till this time a proactive action is considered"
                    },
                    {
                        "name": "PosLat",
                        "type": "String",
                        "dimension": 0
                    },
                    {
                        "name": "PosLong",
                        "type": "String",
                        "dimension": 0
                    },
                    {
                        "name": "SensorId",
                        "type": "String",
                        "dimension": 0
                    },
                    {
                        "name": "AdditionalData",
                        "type": "String",
                        "dimension": 0
                    },
                    {
                        "name": "SensorName",
                        "type": "String",
                        "dimension": 0
                    },
                    {
                        "name": "EventDetails",
                        "type": "String",
                        "dimension": 0
                    },
                    {
                        "name": "EventName",
                        "type": "String",
                        "dimension": 0
                    }
                ]
            },
            {
                "name": "SuspiciousBehaviour",
                "createdDate": "Sun Jan 06 2013",
                "attributes": [
                    {
                        "name": "EventTime",
                        "type": "String",
                        "defaultValue": "1",
                        "dimension": 0,
                        "description": "The certainty that this event happen (value between 0 to 1)"
                    },
                    {
                        "name": "EventDuration",
                        "type": "String",
                        "dimension": 0,
                        "description": "No value means it equals the event detection time, other option is to use one of the defined distribution functions with parameters"
                    },
                    {
                        "name": "EventID",
                        "type": "String",
                        "dimension": 0,
                        "description": "Only till this time the cost and certainty parameters of the event are valid, and only till this time a proactive action is considered"
                    },
                    {
                        "name": "PosLat",
                        "type": "String",
                        "dimension": 0
                    },
                    {
                        "name": "PosLong",
                        "type": "String",
                        "dimension": 0
                    },
                    {
                        "name": "SensorId",
                        "type": "String",
                        "dimension": 0
                    },
                    {
                        "name": "AdditionalData",
                        "type": "String",
                        "dimension": 0
                    },
                    {
                        "name": "SensorName",
                        "type": "String",
                        "dimension": 0
                    },
                    {
                        "name": "EventDetails",
                        "type": "String",
                        "dimension": 0
                    },
                    {
                        "name": "EventName",
                        "type": "String",
                        "dimension": 0
                    }
                ]
            },
            {
                "name": "MOrphanObject",
                "createdDate": "Thu Jan 17 2013",
                "attributes": [
                    {
                        "name": "EventTime",
                        "type": "String",
                        "defaultValue": "1",
                        "dimension": 0,
                        "description": "The certainty that this event happen (value between 0 to 1)"
                    },
                    {
                        "name": "EventDuration",
                        "type": "String",
                        "dimension": 0,
                        "description": "No value means it equals the event detection time, other option is to use one of the defined distribution functions with parameters"
                    },
                    {
                        "name": "PosLat",
                        "type": "String",
                        "dimension": 0
                    },
                    {
                        "name": "PosLong",
                        "type": "String",
                        "dimension": 0
                    },
                    {
                        "name": "SensorId",
                        "type": "String",
                        "dimension": 0
                    },
                    {
                        "name": "AdditionalData",
                        "type": "String",
                        "dimension": 0
                    },
                    {
                        "name": "SensorName",
                        "type": "String",
                        "dimension": 0
                    },
                    {
                        "name": "EventDetails",
                        "type": "String",
                        "dimension": 0
                    },
                    {
                        "name": "EventID",
                        "type": "String",
                        "dimension": 0
                    },
                    {
                        "name": "EventName",
                        "type": "String",
                        "dimension": 0
                    }
                ]
            },
            {
                "name": "MSuspiciousPerson",
                "createdDate": "Thu Jan 17 2013",
                "attributes": [
                    {
                        "name": "EventTime",
                        "type": "String",
                        "defaultValue": "1",
                        "dimension": 0,
                        "description": "The certainty that this event happen (value between 0 to 1)"
                    },
                    {
                        "name": "EventDuration",
                        "type": "String",
                        "dimension": 0,
                        "description": "No value means it equals the event detection time, other option is to use one of the defined distribution functions with parameters"
                    },
                    {
                        "name": "EventID",
                        "type": "String",
                        "dimension": 0,
                        "description": "Only till this time the cost and certainty parameters of the event are valid, and only till this time a proactive action is considered"
                    },
                    {
                        "name": "PosLat",
                        "type": "String",
                        "dimension": 0
                    },
                    {
                        "name": "PosLong",
                        "type": "String",
                        "dimension": 0
                    },
                    {
                        "name": "SensorId",
                        "type": "String",
                        "dimension": 0
                    },
                    {
                        "name": "AdditionalData",
                        "type": "String",
                        "dimension": 0
                    },
                    {
                        "name": "SensorName",
                        "type": "String",
                        "dimension": 0
                    },
                    {
                        "name": "EventDetails",
                        "type": "String",
                        "dimension": 0
                    },
                    {
                        "name": "EventName",
                        "type": "String",
                        "dimension": 0
                    }
                ]
            },
            {
                "name": "MIntrusion",
                "createdDate": "Thu Jan 17 2013",
                "attributes": [
                    {
                        "name": "EventTime",
                        "type": "String",
                        "defaultValue": "1",
                        "dimension": 0,
                        "description": "The certainty that this event happen (value between 0 to 1)"
                    },
                    {
                        "name": "EventDuration",
                        "type": "String",
                        "dimension": 0,
                        "description": "No value means it equals the event detection time, other option is to use one of the defined distribution functions with parameters"
                    },
                    {
                        "name": "PosLat",
                        "type": "String",
                        "dimension": 0
                    },
                    {
                        "name": "PosLong",
                        "type": "String",
                        "dimension": 0
                    },
                    {
                        "name": "SensorId",
                        "type": "String",
                        "dimension": 0
                    },
                    {
                        "name": "AdditionalData",
                        "type": "String",
                        "dimension": 0
                    },
                    {
                        "name": "SensorName",
                        "type": "String",
                        "dimension": 0
                    },
                    {
                        "name": "EventDetails",
                        "type": "String",
                        "dimension": 0
                    },
                    {
                        "name": "EventID",
                        "type": "String",
                        "dimension": 0
                    },
                    {
                        "name": "EventName",
                        "type": "String",
                        "dimension": 0
                    }
                ]
            },
            {
                "name": "MSuspiciousBehaviour",
                "createdDate": "Thu Jan 17 2013",
                "attributes": [
                    {
                        "name": "EventTime",
                        "type": "String",
                        "defaultValue": "1",
                        "dimension": 0,
                        "description": "The certainty that this event happen (value between 0 to 1)"
                    },
                    {
                        "name": "EventDuration",
                        "type": "String",
                        "dimension": 0,
                        "description": "No value means it equals the event detection time, other option is to use one of the defined distribution functions with parameters"
                    },
                    {
                        "name": "EventID",
                        "type": "String",
                        "dimension": 0,
                        "description": "Only till this time the cost and certainty parameters of the event are valid, and only till this time a proactive action is considered"
                    },
                    {
                        "name": "PosLat",
                        "type": "String",
                        "dimension": 0
                    },
                    {
                        "name": "PosLong",
                        "type": "String",
                        "dimension": 0
                    },
                    {
                        "name": "SensorId",
                        "type": "String",
                        "dimension": 0
                    },
                    {
                        "name": "AdditionalData",
                        "type": "String",
                        "dimension": 0
                    },
                    {
                        "name": "SensorName",
                        "type": "String",
                        "dimension": 0
                    },
                    {
                        "name": "EventDetails",
                        "type": "String",
                        "dimension": 0
                    },
                    {
                        "name": "EventName",
                        "type": "String",
                        "dimension": 0
                    }
                ]
            },
            {
                "name": "DensityEstimation",
                "createdDate": "Thu Jan 31 2013",
                "attributes": [
                    {
                        "name": "EventTime",
                        "type": "String",
                        "defaultValue": "1",
                        "dimension": 0,
                        "description": "The certainty that this event happen (value between 0 to 1)"
                    },
                    {
                        "name": "EventDuration",
                        "type": "String",
                        "dimension": 0,
                        "description": "No value means it equals the event detection time, other option is to use one of the defined distribution functions with parameters"
                    },
                    {
                        "name": "EventID",
                        "type": "String",
                        "dimension": 0,
                        "description": "Only till this time the cost and certainty parameters of the event are valid, and only till this time a proactive action is considered"
                    },
                    {
                        "name": "EventName",
                        "type": "String",
                        "defaultValue": "0",
                        "dimension": 0,
                        "description": "Used in case the this event occur within an interval"
                    },
                    {
                        "name": "PosLat",
                        "type": "String",
                        "dimension": 0
                    },
                    {
                        "name": "PosLong",
                        "type": "String",
                        "dimension": 0
                    },
                    {
                        "name": "SensorId",
                        "type": "String",
                        "dimension": 0
                    },
                    {
                        "name": "AdditionalData",
                        "type": "String",
                        "dimension": 0
                    },
                    {
                        "name": "SensorName",
                        "type": "String",
                        "dimension": 0
                    },
                    {
                        "name": "EventDetails",
                        "type": "Double",
                        "dimension": 0
                    }
                ]
            },
            {
                "name": "OrphanObjectAlert",
                "createdDate": "Thu Jan 31 2013",
                "attributes": [
                    {
                        "name": "EventName",
                        "type": "String",
                        "defaultValue": "1",
                        "dimension": 0,
                        "description": "The certainty that this event happen (value between 0 to 1)"
                    },
                    {
                        "name": "PosLat",
                        "type": "String",
                        "dimension": 0,
                        "description": "The cost of this event occurrence. Negative if this is an opportunity"
                    },
                    {
                        "name": "PosLong",
                        "type": "String",
                        "defaultValue": "0",
                        "dimension": 0,
                        "description": "Used in case the this event occur within an interval"
                    },
                    {
                        "name": "EventTime",
                        "type": "String",
                        "dimension": 0
                    },
                    {
                        "name": "SensorName",
                        "type": "String",
                        "dimension": 0
                    },
                    {
                        "name": "TriggeredEventID",
                        "type": "String",
                        "dimension": 0
                    },
                    {
                        "name": "AdditionalData",
                        "type": "String",
                        "dimension": 0
                    },
                    {
                        "name": "EventDetails",
                        "type": "String",
                        "dimension": 0
                    },
                    {
                        "name": "EventDuration",
                        "type": "String",
                        "dimension": 0
                    },
                    {
                        "name": "Description",
                        "type": "String",
                        "dimension": 0
                    }
                ]
            },
            {
                "name": "MOrphanObjectAlert",
                "createdDate": "Thu Jan 31 2013",
                "attributes": [
                    {
                        "name": "PosLat",
                        "type": "String",
                        "dimension": 0,
                        "description": "Only till this time the cost and certainty parameters of the event are valid, and only till this time a proactive action is considered"
                    },
                    {
                        "name": "PosLong",
                        "type": "String",
                        "dimension": 0,
                        "description": "The cost of this event occurrence. Negative if this is an opportunity"
                    },
                    {
                        "name": "EventTime",
                        "type": "String",
                        "defaultValue": "0",
                        "dimension": 0,
                        "description": "Used in case the this event occur within an interval"
                    },
                    {
                        "name": "SensorName",
                        "type": "String",
                        "dimension": 0
                    },
                    {
                        "name": "TriggeredEventID",
                        "type": "String",
                        "dimension": 0
                    },
                    {
                        "name": "AdditionalData",
                        "type": "String",
                        "dimension": 0
                    },
                    {
                        "name": "EventDetails",
                        "type": "String",
                        "dimension": 0
                    },
                    {
                        "name": "EventDuration",
                        "type": "String",
                        "dimension": 0
                    },
                    {
                        "name": "Description",
                        "type": "String",
                        "dimension": 0
                    },
                    {
                        "name": "EventName",
                        "type": "String",
                        "dimension": 0
                    }
                ]
            },
            {
                "name": "SuspiciousPersonAlert",
                "createdDate": "Thu Jan 31 2013",
                "attributes": [
                    {
                        "name": "EventTime",
                        "type": "String",
                        "defaultValue": "1",
                        "dimension": 0,
                        "description": "The certainty that this event happen (value between 0 to 1)"
                    },
                    {
                        "name": "EventDuration",
                        "type": "String",
                        "dimension": 0,
                        "description": "No value means it equals the event detection time, other option is to use one of the defined distribution functions with parameters"
                    },
                    {
                        "name": "PosLong",
                        "type": "String",
                        "dimension": 0
                    },
                    {
                        "name": "EventName",
                        "type": "String",
                        "dimension": 0
                    },
                    {
                        "name": "AdditionalData",
                        "type": "String",
                        "dimension": 0
                    },
                    {
                        "name": "SensorName",
                        "type": "String",
                        "dimension": 0
                    },
                    {
                        "name": "EventDetails",
                        "type": "String",
                        "dimension": 0
                    },
                    {
                        "name": "Description",
                        "type": "String",
                        "dimension": 0
                    },
                    {
                        "name": "TriggeredEventID",
                        "type": "String",
                        "dimension": 0
                    }
                ]
            },
            {
                "name": "MSuspiciousPersonAlert",
                "createdDate": "Thu Jan 31 2013",
                "attributes": [
                    {
                        "name": "EventTime",
                        "type": "String",
                        "defaultValue": "1",
                        "dimension": 0,
                        "description": "The certainty that this event happen (value between 0 to 1)"
                    },
                    {
                        "name": "EventDuration",
                        "type": "String",
                        "dimension": 0,
                        "description": "No value means it equals the event detection time, other option is to use one of the defined distribution functions with parameters"
                    },
                    {
                        "name": "EventName",
                        "type": "String",
                        "defaultValue": "0",
                        "dimension": 0,
                        "description": "Used in case the this event occur within an interval"
                    },
                    {
                        "name": "PosLat",
                        "type": "String",
                        "dimension": 0
                    },
                    {
                        "name": "PosLong",
                        "type": "String",
                        "dimension": 0
                    },
                    {
                        "name": "AdditionalData",
                        "type": "String",
                        "dimension": 0
                    },
                    {
                        "name": "SensorName",
                        "type": "String",
                        "dimension": 0
                    },
                    {
                        "name": "EventDetails",
                        "type": "String",
                        "dimension": 0
                    },
                    {
                        "name": "Description",
                        "type": "String",
                        "dimension": 0
                    },
                    {
                        "name": "TriggeredEventID",
                        "type": "String",
                        "dimension": 0
                    }
                ]
            },
            {
                "name": "IntrusionAlert",
                "createdDate": "Thu Jan 31 2013",
                "attributes": [
                    {
                        "name": "PosLat",
                        "type": "String",
                        "dimension": 0,
                        "description": "Only till this time the cost and certainty parameters of the event are valid, and only till this time a proactive action is considered"
                    },
                    {
                        "name": "PosLong",
                        "type": "String",
                        "dimension": 0,
                        "description": "The cost of this event occurrence. Negative if this is an opportunity"
                    },
                    {
                        "name": "EventTime",
                        "type": "String",
                        "defaultValue": "0",
                        "dimension": 0,
                        "description": "Used in case the this event occur within an interval"
                    },
                    {
                        "name": "SensorName",
                        "type": "String",
                        "dimension": 0
                    },
                    {
                        "name": "TriggeredEventID",
                        "type": "String",
                        "dimension": 0
                    },
                    {
                        "name": "AdditionalData",
                        "type": "String",
                        "dimension": 0
                    },
                    {
                        "name": "EventDetails",
                        "type": "String",
                        "dimension": 0
                    },
                    {
                        "name": "EventDuration",
                        "type": "String",
                        "dimension": 0
                    },
                    {
                        "name": "Description",
                        "type": "String",
                        "dimension": 0
                    },
                    {
                        "name": "EventName",
                        "type": "String",
                        "dimension": 0
                    }
                ]
            },
            {
                "name": "MIntrusionAlert",
                "createdDate": "Thu Jan 31 2013",
                "attributes": [
                    {
                        "name": "PosLat",
                        "type": "String",
                        "dimension": 0,
                        "description": "Only till this time the cost and certainty parameters of the event are valid, and only till this time a proactive action is considered"
                    },
                    {
                        "name": "PosLong",
                        "type": "String",
                        "dimension": 0,
                        "description": "The cost of this event occurrence. Negative if this is an opportunity"
                    },
                    {
                        "name": "EventTime",
                        "type": "String",
                        "defaultValue": "0",
                        "dimension": 0,
                        "description": "Used in case the this event occur within an interval"
                    },
                    {
                        "name": "SensorName",
                        "type": "String",
                        "dimension": 0
                    },
                    {
                        "name": "TriggeredEventID",
                        "type": "String",
                        "dimension": 0
                    },
                    {
                        "name": "AdditionalData",
                        "type": "String",
                        "dimension": 0
                    },
                    {
                        "name": "EventDetails",
                        "type": "String",
                        "dimension": 0
                    },
                    {
                        "name": "EventDuration",
                        "type": "String",
                        "dimension": 0
                    },
                    {
                        "name": "Description",
                        "type": "String",
                        "dimension": 0
                    },
                    {
                        "name": "EventName",
                        "type": "String",
                        "dimension": 0
                    }
                ]
            },
            {
                "name": "SuspiciousBehaviourAlert",
                "createdDate": "Thu Jan 31 2013",
                "attributes": [
                    {
                        "name": "EventName",
                        "type": "String",
                        "defaultValue": "1",
                        "dimension": 0,
                        "description": "The certainty that this event happen (value between 0 to 1)"
                    },
                    {
                        "name": "PosLat",
                        "type": "String",
                        "dimension": 0,
                        "description": "Only till this time the cost and certainty parameters of the event are valid, and only till this time a proactive action is considered"
                    },
                    {
                        "name": "PosLong",
                        "type": "String",
                        "dimension": 0,
                        "description": "The cost of this event occurrence. Negative if this is an opportunity"
                    },
                    {
                        "name": "EventTime",
                        "type": "String",
                        "defaultValue": "0",
                        "dimension": 0,
                        "description": "Used in case the this event occur within an interval"
                    },
                    {
                        "name": "SensorName",
                        "type": "String",
                        "dimension": 0
                    },
                    {
                        "name": "TriggeredEventID",
                        "type": "String",
                        "dimension": 0
                    },
                    {
                        "name": "AdditionalData",
                        "type": "String",
                        "dimension": 0
                    },
                    {
                        "name": "EventDetails",
                        "type": "String",
                        "dimension": 0
                    },
                    {
                        "name": "EventDuration",
                        "type": "String",
                        "dimension": 0
                    },
                    {
                        "name": "Description",
                        "type": "String",
                        "dimension": 0
                    }
                ]
            },
            {
                "name": "MSuspiciousBehaviourAlert",
                "createdDate": "Thu Jan 31 2013",
                "attributes": [
                    {
                        "name": "EventName",
                        "type": "String",
                        "defaultValue": "1",
                        "dimension": 0,
                        "description": "The certainty that this event happen (value between 0 to 1)"
                    },
                    {
                        "name": "EventId",
                        "type": "String",
                        "dimension": 0,
                        "description": "No value means it equals the event detection time, other option is to use one of the defined distribution functions with parameters"
                    },
                    {
                        "name": "PosLat",
                        "type": "String",
                        "dimension": 0,
                        "description": "Only till this time the cost and certainty parameters of the event are valid, and only till this time a proactive action is considered"
                    },
                    {
                        "name": "PosLong",
                        "type": "String",
                        "dimension": 0,
                        "description": "The cost of this event occurrence. Negative if this is an opportunity"
                    },
                    {
                        "name": "EventTime",
                        "type": "String",
                        "defaultValue": "0",
                        "dimension": 0,
                        "description": "Used in case the this event occur within an interval"
                    },
                    {
                        "name": "SensorName",
                        "type": "Integer",
                        "dimension": 0
                    },
                    {
                        "name": "TriggeredEventID",
                        "type": "Integer",
                        "dimension": 0
                    },
                    {
                        "name": "AdditionalData",
                        "type": "Integer",
                        "dimension": 0
                    },
                    {
                        "name": "EventDetails",
                        "type": "Integer",
                        "dimension": 0
                    },
                    {
                        "name": "EventDuration",
                        "type": "Integer",
                        "dimension": 0
                    },
                    {
                        "name": "Description",
                        "type": "String",
                        "dimension": 0
                    }
                ]
            },
            {
                "name": "DensityEstimationAlert",
                "createdDate": "Thu Jan 31 2013",
                "attributes": [
                    {
                        "name": "EventName",
                        "type": "String",
                        "defaultValue": "1",
                        "dimension": 0,
                        "description": "The certainty that this event happen (value between 0 to 1)"
                    },
                    {
                        "name": "PosLat",
                        "type": "String",
                        "dimension": 0,
                        "description": "Only till this time the cost and certainty parameters of the event are valid, and only till this time a proactive action is considered"
                    },
                    {
                        "name": "PosLong",
                        "type": "String",
                        "dimension": 0,
                        "description": "The cost of this event occurrence. Negative if this is an opportunity"
                    },
                    {
                        "name": "EventTime",
                        "type": "String",
                        "defaultValue": "0",
                        "dimension": 0,
                        "description": "Used in case the this event occur within an interval"
                    },
                    {
                        "name": "SensorName",
                        "type": "String",
                        "dimension": 0
                    },
                    {
                        "name": "TriggeredEventID",
                        "type": "String",
                        "dimension": 0
                    },
                    {
                        "name": "AdditionalData",
                        "type": "String",
                        "dimension": 0
                    },
                    {
                        "name": "EventDetails",
                        "type": "String",
                        "dimension": 0
                    },
                    {
                        "name": "EventDuration",
                        "type": "String",
                        "dimension": 0
                    },
                    {
                        "name": "Description",
                        "type": "String",
                        "dimension": 0
                    }
                ]
            },
            {
                "name": "OrphanObjectSuspiciousPersonAlert",
                "createdDate": "Sun Feb 10 2013",
                "attributes": [
                    {
                        "name": "EventName",
                        "type": "String",
                        "dimension": 0,
                        "description": "The certainty that this event happen (value between 0 to 1)"
                    },
                    {
                        "name": "PosLat",
                        "type": "String",
                        "dimension": 0,
                        "description": "Only till this time the cost and certainty parameters of the event are valid, and only till this time a proactive action is considered"
                    },
                    {
                        "name": "PosLong",
                        "type": "String",
                        "dimension": 0,
                        "description": "The cost of this event occurrence. Negative if this is an opportunity"
                    },
                    {
                        "name": "EventTime",
                        "type": "String",
                        "dimension": 0,
                        "description": "Used in case the this event occur within an interval"
                    },
                    {
                        "name": "SensorName",
                        "type": "String",
                        "dimension": 0
                    },
                    {
                        "name": "TriggeredEventID",
                        "type": "String",
                        "dimension": 0
                    },
                    {
                        "name": "AdditionalData",
                        "type": "String",
                        "dimension": 0
                    },
                    {
                        "name": "EventDetails",
                        "type": "String",
                        "dimension": 0
                    },
                    {
                        "name": "EventDuration",
                        "type": "String",
                        "dimension": 0
                    },
                    {
                        "name": "Description",
                        "type": "String",
                        "dimension": 0
                    }
                ]
            },
            {
                "name": "SuspiciousBehaviourSuspiciousPersonAlert",
                "createdDate": "Tue Feb 19 2013",
                "attributes": [
                    {
                        "name": "EventName",
                        "type": "String",
                        "dimension": 0,
                        "description": "The certainty that this event happen (value between 0 to 1)"
                    },
                    {
                        "name": "PosLat",
                        "type": "String",
                        "dimension": 0,
                        "description": "No value means it equals the event detection time, other option is to use one of the defined distribution functions with parameters"
                    },
                    {
                        "name": "PosLong",
                        "type": "String",
                        "dimension": 0,
                        "description": "Only till this time the cost and certainty parameters of the event are valid, and only till this time a proactive action is considered"
                    },
                    {
                        "name": "EventTime",
                        "type": "String",
                        "dimension": 0,
                        "description": "The cost of this event occurrence. Negative if this is an opportunity"
                    },
                    {
                        "name": "SensorName",
                        "type": "String",
                        "dimension": 0,
                        "description": "Used in case the this event occur within an interval"
                    },
                    {
                        "name": "TriggeredEventID",
                        "type": "String",
                        "dimension": 0
                    },
                    {
                        "name": "AdditionalData",
                        "type": "String",
                        "dimension": 0
                    },
                    {
                        "name": "EventDetails",
                        "type": "String",
                        "dimension": 0
                    },
                    {
                        "name": "EventDuration",
                        "type": "String",
                        "dimension": 0
                    },
                    {
                        "name": "Description",
                        "type": "String",
                        "dimension": 0
                    }
                ]
            },
            {
                "name": "SuspiciousBehaviourSuspiciousPersonCrowdingAlert",
                "createdDate": "Tue Feb 19 2013",
                "attributes": [
                    {
                        "name": "EventName",
                        "type": "String",
                        "defaultValue": "1",
                        "dimension": 0,
                        "description": "The certainty that this event happen (value between 0 to 1)"
                    },
                    {
                        "name": "PosLat",
                        "type": "String",
                        "dimension": 0,
                        "description": "No value means it equals the event detection time, other option is to use one of the defined distribution functions with parameters"
                    },
                    {
                        "name": "PosLong",
                        "type": "String",
                        "dimension": 0,
                        "description": "Only till this time the cost and certainty parameters of the event are valid, and only till this time a proactive action is considered"
                    },
                    {
                        "name": "EventTime",
                        "type": "String",
                        "dimension": 0,
                        "description": "The cost of this event occurrence. Negative if this is an opportunity"
                    },
                    {
                        "name": "SensorName",
                        "type": "String",
                        "defaultValue": "0",
                        "dimension": 0,
                        "description": "Used in case the this event occur within an interval"
                    },
                    {
                        "name": "TriggeredEventID",
                        "type": "String",
                        "dimension": 0
                    },
                    {
                        "name": "AdditionalData",
                        "type": "String",
                        "dimension": 0
                    },
                    {
                        "name": "EventDetails",
                        "type": "String",
                        "dimension": 0
                    },
                    {
                        "name": "EventDuration",
                        "type": "String",
                        "dimension": 0
                    },
                    {
                        "name": "Description",
                        "type": "String",
                        "dimension": 0
                    }
                ]
            },
            {
                "name": "InitialSuspiciousBehaviour",
                "createdDate": "Mon Feb 25 2013",
                "attributes": [
                    {
                        "name": "EventTime",
                        "type": "String",
                        "defaultValue": "1",
                        "dimension": 0,
                        "description": "The certainty that this event happen (value between 0 to 1)"
                    },
                    {
                        "name": "EventDuration",
                        "type": "String",
                        "dimension": 0,
                        "description": "No value means it equals the event detection time, other option is to use one of the defined distribution functions with parameters"
                    },
                    {
                        "name": "EventID",
                        "type": "String",
                        "dimension": 0,
                        "description": "Only till this time the cost and certainty parameters of the event are valid, and only till this time a proactive action is considered"
                    },
                    {
                        "name": "PosLat",
                        "type": "String",
                        "dimension": 0,
                        "description": "The cost of this event occurrence. Negative if this is an opportunity"
                    },
                    {
                        "name": "PosLong",
                        "type": "String",
                        "defaultValue": "0",
                        "dimension": 0,
                        "description": "Used in case the this event occur within an interval"
                    },
                    {
                        "name": "SensorId",
                        "type": "String",
                        "dimension": 0
                    },
                    {
                        "name": "AdditionalData",
                        "type": "String",
                        "dimension": 0
                    },
                    {
                        "name": "SensorName",
                        "type": "String",
                        "dimension": 0
                    },
                    {
                        "name": "EventDetails",
                        "type": "String",
                        "dimension": 0
                    },
                    {
                        "name": "EventName",
                        "type": "String",
                        "dimension": 0
                    }
                ]
            }
        ],
        "epas": [
            {
                "name": "OrphanObj",
                "createdDate": "Sun Jan 20 2013",
                "epaType": "All",
                "context": "Orphan",
                "inputEvents": [
                    {
                        "name": "OrphanObject",
                        "alias": "orphan2",
                        "consumptionPolicy": "Consume",
                        "instanceSelectionPolicy": "First"
                    }
                ],
                "computedVariables": [],
                "evaluationPolicy": "Deferred",
                "cardinalityPolicy": "Single",
                "internalSegmentation": [],
                "derivedEvents": [
                    {
                        "name": "OrphanObjectAlert",
                        "reportParticipants": false,
                        "expressions": {
                            "EventName": "orphan2.Name",
                            "PosLat": "orphan2.PosLat",
                            "PosLong": "orphan2.PosLong",
                            "EventTime": "orphan2.EventTime",
                            "SensorName": "orphan2.SensorName",
                            "TriggeredEventID": "orphan2.EventID",
                            "AdditionalData": "orphan2.AdditionalData",
                            "EventDetails": "orphan2.EventDetails",
                            "EventDuration": "orphan2.EventDuration",
                            "Description": "\"An Orphan object was spotted in the street!\""
                        }
                    }
                ],
                "derivedActions": []
            },
            {
                "name": "OrphanSusp",
                "createdDate": "Sun Jan 20 2013",
                "epaType": "Sequence",
                "context": "Orphan",
                "inputEvents": [
                    {
                        "name": "OrphanObject",
                        "alias": "orphan",
                        "consumptionPolicy": "Consume",
                        "instanceSelectionPolicy": "First"
                    },
                    {
                        "name": "SuspiciousPerson",
                        "alias": "susp",
                        "consumptionPolicy": "Consume",
                        "instanceSelectionPolicy": "First"
                    }
                ],
                "computedVariables": [],
                "evaluationPolicy": "Immediate",
                "cardinalityPolicy": "Single",
                "internalSegmentation": [],
                "derivedEvents": [
                    {
                        "name": "OrphanObjectSuspiciousPersonAlert",
                        "reportParticipants": false,
                        "expressions": {
                            "EventName": "\"Orphan object and a criminal\"",
                            "PosLat": "susp.PosLat",
                            "PosLong": "susp.PosLong",
                            "EventTime": "susp.EventTime",
                            "SensorName": "susp.SensorName",
                            "TriggeredEventID": "susp.EventID ++ \";\" ++ orphan.EventID",
                            "AdditionalData": "susp.AdditionalData",
                            "EventDetails": "susp.EventDetails",
                            "EventDuration": "susp.EventDuration"
                        }
                    }
                ],
                "derivedActions": []
            },
            {
                "name": "Criminal",
                "createdDate": "Sun Jan 20 2013",
                "epaType": "Basic",
                "context": "open",
                "inputEvents": [
                    {
                        "name": "SuspiciousPerson",
                        "consumptionPolicy": "Consume",
                        "instanceSelectionPolicy": "First"
                    }
                ],
                "computedVariables": [],
                "evaluationPolicy": "Immediate",
                "cardinalityPolicy": "Single",
                "internalSegmentation": [],
                "derivedEvents": [
                    {
                        "name": "SuspiciousPersonAlert",
                        "reportParticipants": false,
                        "expressions": {
                            "EventTime": "SuspiciousPerson.EventTime",
                            "EventDuration": "SuspiciousPerson.EventDuration",
                            "PosLong": "SuspiciousPerson.PosLong",
                            "EventName": "\"SuspiciousPerson\"",
                            "AdditionalData": "SuspiciousPerson.AdditionalData",
                            "SensorName": "SuspiciousPerson.SensorName",
                            "EventDetails": "SuspiciousPerson.EventDetails",
                            "Description": "\"SuspiciousPerson detected\"",
                            "TriggeredEventID": "SuspiciousPerson.EventID"
                        }
                    }
                ],
                "derivedActions": []
            },
            {
                "name": "OrphanObjectSuspiciousPerson",
                "createdDate": "Sun Jan 20 2013",
                "epaType": "Sequence",
                "context": "Orphan",
                "inputEvents": [
                    {
                        "name": "OrphanObject",
                        "alias": "orphan",
                        "consumptionPolicy": "Consume",
                        "instanceSelectionPolicy": "First"
                    },
                    {
                        "name": "SuspiciousPerson",
                        "alias": "susp2",
                        "consumptionPolicy": "Consume",
                        "instanceSelectionPolicy": "First"
                    }
                ],
                "computedVariables": [],
                "evaluationPolicy": "Immediate",
                "cardinalityPolicy": "Single",
                "internalSegmentation": [],
                "derivedEvents": [
                    {
                        "name": "OrphanObjectSuspiciousPersonAlert",
                        "reportParticipants": false,
                        "expressions": {
                            "EventName": "\"OrphanObjectSuspiciousPerson\"",
                            "PosLat": "susp2.PosLat",
                            "PosLong": "susp2.PosLong",
                            "EventTime": "susp2.EventTime",
                            "SensorName": "susp2.SensorName",
                            "TriggeredEventID": "susp2.EventID ++ \";\" ++ orphan.EventID",
                            "AdditionalData": "susp2.AdditionalData",
                            "EventDetails": "susp2.EventDetails",
                            "EventDuration": "susp2.EventDuration",
                            "Description": "\"there is an orphan Object and a criminal near by\""
                        }
                    }
                ],
                "derivedActions": []
            },
            {
                "name": "Intur",
                "createdDate": "Sun Jan 20 2013",
                "epaType": "Basic",
                "context": "open",
                "inputEvents": [
                    {
                        "name": "Intrusion",
                        "consumptionPolicy": "Consume",
                        "instanceSelectionPolicy": "First"
                    }
                ],
                "computedVariables": [],
                "evaluationPolicy": "Immediate",
                "cardinalityPolicy": "Single",
                "internalSegmentation": [],
                "derivedEvents": [
                    {
                        "name": "IntrusionAlert",
                        "reportParticipants": false,
                        "expressions": {
                            "PosLat": "Intrusion.PosLat",
                            "PosLong": "Intrusion.PosLong",
                            "EventTime": "Intrusion.EventTime",
                            "SensorName": "Intrusion.SensorName",
                            "TriggeredEventID": "Intrusion.EventID",
                            "AdditionalData": "Intrusion.AdditionalData",
                            "EventDetails": "Intrusion.EventDetails",
                            "EventDuration": "Intrusion.EventDuration",
                            "Description": "\"Intrusion detected\"",
                            "EventName": "\"Intrusion Alert\""
                        }
                    }
                ],
                "derivedActions": []
            },
            {
                "name": "behavSusp",
                "createdDate": "Sun Jan 20 2013",
                "epaType": "Sequence",
                "context": "Behaviour",
                "inputEvents": [
                    {
                        "name": "InitialSuspiciousBehaviour",
                        "alias": "susp1",
                        "consumptionPolicy": "Consume",
                        "instanceSelectionPolicy": "First"
                    },
                    {
                        "name": "SuspiciousBehaviour",
                        "alias": "susp2",
                        "consumptionPolicy": "Consume",
                        "instanceSelectionPolicy": "First"
                    }
                ],
                "computedVariables": [],
                "evaluationPolicy": "Immediate",
                "cardinalityPolicy": "Single",
                "internalSegmentation": [],
                "derivedEvents": [
                    {
                        "name": "SuspiciousBehaviourAlert",
                        "reportParticipants": false,
                        "expressions": {
                            "EventName": "\"Suspicious behaviour\"",
                            "PosLat": "susp2.PosLat",
                            "PosLong": "susp2.PosLong",
                            "EventTime": "susp2.EventTime",
                            "SensorName": "susp2.SensorName",
                            "TriggeredEventID": "susp2.EventID ++ \";\" ++ susp1.EventID",
                            "AdditionalData": "susp2.AdditionalData",
                            "EventDetails": "susp2.EventDetails",
                            "EventDuration": "susp2.EventDuration",
                            "Description": "\"A person is loitering in the street!\""
                        }
                    }
                ],
                "derivedActions": []
            },
            {
                "name": "MSusp",
                "createdDate": "Sun Feb 10 2013",
                "epaType": "Basic",
                "context": "open",
                "inputEvents": [
                    {
                        "name": "MSuspiciousPerson",
                        "consumptionPolicy": "Consume",
                        "instanceSelectionPolicy": "First"
                    }
                ],
                "computedVariables": [],
                "evaluationPolicy": "Immediate",
                "cardinalityPolicy": "Single",
                "internalSegmentation": [],
                "derivedEvents": [
                    {
                        "name": "MSuspiciousPersonAlert",
                        "reportParticipants": false,
                        "expressions": {
                            "EventTime": "MSuspiciousPerson.EventTime",
                            "EventDuration": "MSuspiciousPerson.EventDuration",
                            "EventName": "\"MSuspiciousPerson\"",
                            "PosLat": "MSuspiciousPerson.PosLat",
                            "PosLong": "MSuspiciousPerson.PosLong",
                            "AdditionalData": "MSuspiciousPerson.AdditionalData",
                            "SensorName": "MSuspiciousPerson.SensorName",
                            "EventDetails": "MSuspiciousPerson.EventDetails",
                            "Description": "\"Suspicious person\"",
                            "TriggeredEventID": "MSuspiciousPerson.EventID"
                        }
                    }
                ],
                "derivedActions": []
            },
            {
                "name": "MOrphan",
                "createdDate": "Sun Feb 10 2013",
                "epaType": "Basic",
                "context": "open",
                "inputEvents": [
                    {
                        "name": "MOrphanObject",
                        "consumptionPolicy": "Consume",
                        "instanceSelectionPolicy": "First"
                    }
                ],
                "computedVariables": [],
                "assertion": "TimeDiff(orphan1.EventTime,orphan2.EventTime)>600000",
                "evaluationPolicy": "Immediate",
                "cardinalityPolicy": "Single",
                "internalSegmentation": [],
                "derivedEvents": [
                    {
                        "name": "MOrphanObjectAlert",
                        "reportParticipants": false,
                        "expressions": {
                            "PosLat": "MOrphanObject.PosLat",
                            "PosLong": "MOrphanObject.PosLong",
                            "EventTime": "MOrphanObject.EventTime",
                            "SensorName": "MOrphanObject.SensorName",
                            "TriggeredEventID": "MOrphanObject.EventID",
                            "AdditionalData": "MOrphanObject.AdditionalData",
                            "EventDetails": "MOrphanObject.EventDetails",
                            "EventDuration": "MOrphanObject.EventDuration",
                            "Description": "\"Orphan Object\"",
                            "EventName": "\"MOrphanObject\""
                        }
                    }
                ],
                "derivedActions": []
            },
            {
                "name": "MIntrusionep",
                "createdDate": "Sun Feb 10 2013",
                "epaType": "Basic",
                "context": "open",
                "inputEvents": [
                    {
                        "name": "MIntrusion",
                        "consumptionPolicy": "Consume",
                        "instanceSelectionPolicy": "First"
                    }
                ],
                "computedVariables": [],
                "evaluationPolicy": "Immediate",
                "cardinalityPolicy": "Single",
                "internalSegmentation": [],
                "derivedEvents": [
                    {
                        "name": "MIntrusionAlert",
                        "reportParticipants": false,
                        "expressions": {
                            "PosLat": "MIntrusion.PosLat",
                            "PosLong": "MIntrusion.PosLong",
                            "EventTime": "MIntrusion.EventTime",
                            "SensorName": "MIntrusion.SensorName",
                            "TriggeredEventID": "MIntrusion.EventID",
                            "AdditionalData": "MIntrusion.AdditionalData",
                            "EventDetails": "MIntrusion.EventDetails",
                            "EventDuration": "MIntrusion.EventDuration",
                            "Description": "\"Intrusion!!\"",
                            "EventName": "\"MIntrusion\""
                        }
                    }
                ],
                "derivedActions": []
            },
            {
                "name": "MsuspB",
                "createdDate": "Sun Feb 10 2013",
                "epaType": "Basic",
                "context": "open",
                "inputEvents": [
                    {
                        "name": "MSuspiciousBehaviour",
                        "consumptionPolicy": "Consume",
                        "instanceSelectionPolicy": "First"
                    },
                    {
                        "name": "MSuspiciousBehaviour",
                        "alias": "susp2",
                        "consumptionPolicy": "Consume",
                        "instanceSelectionPolicy": "Override"
                    }
                ],
                "computedVariables": [],
                "assertion": "TimeDiff(susp1.EventTime,susp2.EventTime)>600000",
                "evaluationPolicy": "Immediate",
                "cardinalityPolicy": "Single",
                "internalSegmentation": [],
                "derivedEvents": [
                    {
                        "name": "MSuspiciousBehaviourAlert",
                        "reportParticipants": false,
                        "expressions": {
                            "EventName": "\"Mobile suspicious behavior\"",
                            "EventId": "MSuspiciousBehaviour.EventId",
                            "PosLat": "MSuspiciousBehaviour.PosLat",
                            "PosLong": "MSuspiciousBehaviour.PosLong",
                            "EventTime": "MSuspiciousBehaviour.EventTime",
                            "SensorName": "MSuspiciousBehaviour.SensorName",
                            "TriggeredEventID": "MSuspiciousBehaviour.EventID",
                            "AdditionalData": "MSuspiciousBehaviour.AdditionalData",
                            "EventDetails": "MSuspiciousBehaviour.EventDetails",
                            "EventDuration": "MSuspiciousBehaviour.EventDuration",
                            "Description": "\"Suspicious behaviour detected\""
                        }
                    }
                ],
                "derivedActions": []
            },
            {
                "name": "DensityEs",
                "createdDate": "Mon Feb 18 2013",
                "epaType": "Basic",
                "context": "open",
                "inputEvents": [
                    {
                        "name": "DensityEstimation",
                        "filterExpression": "DensityEstimation.EventDetails > 6",
                        "consumptionPolicy": "Consume",
                        "instanceSelectionPolicy": "First"
                    }
                ],
                "computedVariables": [],
                "evaluationPolicy": "Immediate",
                "cardinalityPolicy": "Single",
                "internalSegmentation": [],
                "derivedEvents": [
                    {
                        "name": "DensityEstimationAlert",
                        "reportParticipants": false,
                        "expressions": {
                            "EventName": "\"DensityEstimation\"",
                            "PosLat": "DensityEstimation.PosLat",
                            "PosLong": "DensityEstimation.PosLong",
                            "EventTime": "DensityEstimation.EventTime",
                            "SensorName": "DensityEstimation.SensorName",
                            "TriggeredEventID": "DensityEstimation.EventID",
                            "AdditionalData": "DensityEstimation.AdditionalData",
                            "EventDetails": "DensityEstimation.EventDetails",
                            "EventDuration": "DensityEstimation.EventDuration",
                            "Description": "\t\"there is Crowding of \" ++ DensityEstimation.EventDetails++ \"People\""
                        }
                    }
                ],
                "derivedActions": []
            },
            {
                "name": "SuspiciousBehaviourSuspiciousPerson",
                "createdDate": "Tue Feb 19 2013",
                "epaType": "All",
                "context": "Behaviour",
                "inputEvents": [
                    {
                        "name": "SuspiciousBehaviour",
                        "alias": "susb",
                        "consumptionPolicy": "Consume",
                        "instanceSelectionPolicy": "First"
                    },
                    {
                        "name": "SuspiciousPerson",
                        "alias": "susp",
                        "consumptionPolicy": "Consume",
                        "instanceSelectionPolicy": "First"
                    }
                ],
                "computedVariables": [],
                "evaluationPolicy": "Immediate",
                "cardinalityPolicy": "Single",
                "internalSegmentation": [],
                "derivedEvents": [
                    {
                        "name": "SuspiciousBehaviourSuspiciousPersonAlert",
                        "reportParticipants": false,
                        "expressions": {
                            "EventName": "\"Suspicious Behavior Suspicious Person\"",
                            "PosLat": "susp.PosLat",
                            "PosLong": "susp.PosLong",
                            "EventTime": "susp.EventTime",
                            "SensorName": "susp.SensorName",
                            "TriggeredEventID": "susp.EventId ++ \";\" ++ susb.EventId",
                            "AdditionalData": "susp.AdditionalData",
                            "EventDetails": "susp.EventDetails",
                            "EventDuration": "susp.EventDuration",
                            "Description": "\"a criminal is now loitering in the street!\""
                        }
                    }
                ],
                "derivedActions": []
            },
            {
                "name": "SuspiciousBehaviourSuspiciousPersonCrowding",
                "createdDate": "Tue Feb 19 2013",
                "epaType": "All",
                "context": "Behaviour",
                "inputEvents": [
                    {
                        "name": "SuspiciousBehaviour",
                        "alias": "behav",
                        "consumptionPolicy": "Consume",
                        "instanceSelectionPolicy": "First"
                    },
                    {
                        "name": "SuspiciousPerson",
                        "alias": "susp",
                        "consumptionPolicy": "Consume",
                        "instanceSelectionPolicy": "First"
                    },
                    {
                        "name": "DensityEstimation",
                        "alias": "denst",
                        "consumptionPolicy": "Consume",
                        "instanceSelectionPolicy": "First"
                    }
                ],
                "computedVariables": [],
                "evaluationPolicy": "Immediate",
                "cardinalityPolicy": "Single",
                "internalSegmentation": [],
                "derivedEvents": [
                    {
                        "name": "SuspiciousBehaviourSuspiciousPersonCrowdingAlert",
                        "reportParticipants": false,
                        "expressions": {
                            "EventName": "\"SuspiciousBehaviorCriminalCrowding\"",
                            "PosLat": "susp.PosLat",
                            "PosLong": "susp.PosLong",
                            "EventTime": "susp.EventTime",
                            "SensorName": "susp.EventName",
                            "TriggeredEventID": "denst.EventID ++ \";\" ++ susp.EventID ++ \";\" ++ behav.EventID",
                            "AdditionalData": "susp.AdditionalData",
                            "EventDetails": "susp.EventDetails",
                            "EventDuration": "susp.EventDuration",
                            "Description": "\" there is a suspicious person and suspicious bvehavior and people are crowding\""
                        }
                    }
                ],
                "derivedActions": []
            }
        ],
        "contexts": {
            "temporal": [
                {
                    "name": "open",
                    "createdDate": "Sun Jan 20 2013",
                    "type": "TemporalInterval",
                    "atStartup": true,
                    "neverEnding": true,
                    "initiators": [],
                    "terminators": []
                },
                {
                    "name": "Orphan",
                    "createdDate": "Sun Jan 20 2013",
                    "type": "TemporalInterval",
                    "atStartup": false,
                    "neverEnding": false,
                    "initiators": [
                        {
                            "initiatorType": "Event",
                            "initiatorPolicy": "Ignore",
                            "name": "OrphanObject"
                        }
                    ],
                    "terminators": [
                        {
                            "terminatorType": "RelativeTime",
                            "terminationType": "Terminate",
                            "relativeTime": "300000"
                        }
                    ]
                },
                {
                    "name": "Behaviour",
                    "createdDate": "Sun Jan 20 2013",
                    "type": "TemporalInterval",
                    "atStartup": false,
                    "neverEnding": false,
                    "initiators": [
                        {
                            "initiatorType": "Event",
                            "initiatorPolicy": "Add",
                            "name": "InitialSuspiciousBehaviour"
                        }
                    ],
                    "terminators": [
                        {
                            "terminatorType": "RelativeTime",
                            "terminationType": "Terminate",
                            "relativeTime": "6000"
                        }
                    ]
                }
            ],
            "segmentation": [],
            "composite": []
        },
        "consumers": [
      {
        "name": "SysTemCrashConsumer",
        "description": "",
        "createdDate": "",
        "createdBy": "",
        "type": "File",
        "properties": [
          {
            "name": "filename",
            "value": ".\\sample\\AthenaOutputTest.txt"
          },
          {
            "name": "formatter",
            "value": "tag"
          },
          {
            "name": "delimiter",
            "value": ";"
          },
          {
            "name": "tagDataSeparator",
            "value": "="
          },
          {
            "name": "SendingDelay",
            "value": "1000"
          }
        ],
        "events": [
                    {
                        "name": "OrphanObjectAlert"
                    },
                    {
                        "name": "MOrphanObjectAlert"
                    },
                    {
                        "name": "SuspiciousPersonAlert"
                    },
                    {
                        "name": "MSuspiciousPersonAlert"
                    },
                    {
                        "name": "IntrusionAlert"
                    },
                    {
                        "name": "MIntrusionAlert"
                    },
                    {
                        "name": "SuspiciousBehaviourAlert"
                    },
                    {
                        "name": "MSuspiciousBehaviourAlert"
                    },
                    {
                        "name": "DensityEstimationAlert"
                    },
                    {
                        "name": "OrphanObjectSuspiciousPersonAlert"
                    },
                    {
                        "name": "SuspiciousBehaviourSuspiciousPersonAlert"
                    },
                    {
                        "name": "SuspiciousBehaviourSuspiciousPersonCrowdingAlert"
                    }
          
          
        ],
        "actions": []
      }
        ],
        "producers": [
                  {
        "name": "TrafficReportFileProducer",
        "description": "",
        "createdDate": "",
        "createdBy": "",
        "type": "File",
        "properties": [
          {
            "name": "filename",
            "value": ".\\sample\\input.json"
          },
          {
            "name": "pollingInterval",
            "value": "1000"
          },
          {
            "name": "sendingDelay",
            "value": "1000"
          },
          {
            "name": "formatter",
            "value": "json"
          },
          {
            "name": "delimiter",
            "value": ";"
          },
          {
            "name": "tagDataSeparator",
            "value": "="
          }
        ]
        }
        ],
        "actions": [],
        "name": "AthenaRubePoC2"
    }
}