{
    "epn": {
        "events": [
            {
                "name": "VSObservation",
                "description": "",
                "createdDate": "",
                "createdBy": "",
                "attributes": [
                    {
                        "name": "SuspiciousIndication",
                        "type": "Integer",
                        "dimension": 0,
                        "description": null
                    },
                    {
                        "name": "Identity",
                        "type": "String",
                        "dimension": 0,
                        "description": null
                    },
                    {
                        "name": "Location",
                        "type": "String",
                        "dimension": 0,
                        "description": null
                    }
                ]
            },
            {
                "name": "Observation",
                "description": "",
                "createdDate": "",
                "createdBy": "",
                "attributes": [
                    {
                        "name": "SuspiciousIndication",
                        "type": "String",
                        "dimension": 0,
                        "description": null
                    },
                    {
                        "name": "Identity",
                        "type": "String",
                        "dimension": 0,
                        "description": null
                    },
                    {
                        "name": "Location",
                        "type": "String",
                        "dimension": 0,
                        "description": null
                    }
                ]
            },
            {
                "name": "SuspiciousObservation",
                "description": "",
                "createdDate": "",
                "createdBy": "",
                "attributes": [
                    {
                        "name": "SuspiciousIndication",
                        "type": "Integer",
                        "dimension": 0,
                        "description": null
                    },
                    {
                        "name": "Identity",
                        "type": "String",
                        "dimension": 0,
                        "description": null
                    },
                    {
                        "name": "Location",
                        "type": "String",
                        "dimension": 0,
                        "description": null
                    }
                ]
            }
        ],
        "epas": [
            {
                "name": "CrimeBN",
                "description": "",
                "createdDate": "",
                "createdBy": "",
                "epaType": "JSmile",
                "context": "",
                "inputEvents": [
                    {
                        "name": "VSObservation",
                        "alias": "VSObs",
                        "consumptionPolicy": "Consume",
                        "instanceSelectionPolicy": "First"
                    }
                ],
                "computedVariables": [],
                "assertion": "",
                "evaluationPolicy": "Immediate",
                "cardinalityPolicy": "Single",
                "rankingRelation": "Higest",
                "internalSegmentation": [],
                "modelFile": "C:\\Users\\zoharf\\workspace\\RVE-PPR\\resources\\crime\\CrimeBN.xdsl",
                "inputModel": [
                    {
                        "name": "input",
                        "attributes": [
                            {
                                "name": "SuspiciousDetection",
                                "type": "String",
                                "expression": "Observation.suspiciousIndication"
                            },
                            {
                                "name": "IdentifiedSuspect",
                                "type": "String",
                                "expression": "Observation.identity"
                            }
                        ]
                    }
                ],
                "outputModel": [
                    {
                        "name": "Output",
                        "class": "Output",
                        "attributes": [
                            {
                                "crime": "boolean"
                            }
                        ]
                    }
                ],
                "derivedEvents": [
                    {
                        "name": "Observation",
                        "expressions": {
                            "SuspiciousIndication": "Output.crime",
                            "Identity": "VSObs.Identity",
                            "Location": "VSObs.Location"
                        }
                    }
                ],
                "derivedActions": []
            },
            {
                "name": "FilterSusObservation",
                "description": "",
                "createdDate": "Tue Jul 24 2012",
                "createdBy": "",
                "epaType": "Basic",
                "context": "always",
                "inputEvents": [
                    {
                        "name": "Observation",
                        "filterExpression": "Observation.SuspiciousIndication=true",
                        "consumptionPolicy": "Consume",
                        "instanceSelectionPolicy": "First"
                    }
                ],
                "computedVariables": [],
                "evaluationPolicy": "Immediate",
                "cardinalityPolicy": "Single",
                "internalSegmentation": [],
                "derivedEvents": [
                    {
                        "name": "SuspiciousObservation",
                        "reportParticipants": false,
                        "expressions": {
                            "Duration": "0",
                            "SuspiciousIndication": "Observation.SuspiciousIndication",
                            "Identity": "Observation.Identity",
                            "Location": "Observation.Location"
                        }
                    }
                ],
                "derivedActions": []
            },
            {
                "name": "VisIdentification",
                "description": "",
                "createdDate": "Tue Jul 24 2012",
                "createdBy": "",
                "epaType": "RVE",
                "context": "always",
                "inputEvents": [
                    {
                        "name": "SuspiciousObservation",
                        "consumptionPolicy": "Consume",
                        "instanceSelectionPolicy": "First"
                    }
                ],
                "computedVariables": [],
                "evaluationPolicy": "Immediate",
                "cardinalityPolicy": "Single",
                "internalSegmentation": [],
                "modelFile": "C:\\Users\\zoharf\\workspace\\RVE-PPR\\resources\\crime\\reqVisId.arl",
                "inputModel": [
                    {
                        "name": "SusObsFlat",
                        "attributes": [
                            {
                                "name": "SuspiciousIndicationProb",
                                "type": "double",
                                "expression": "PDF(SuspiciousObservation.SuspiciousIndication,true)"
                            },
                            {
                                "name": "IdentityUnknownProb",
                                "type": "double",
                                "expression": "PDF(SuspiciousObservation.Identity,'NA')"
                            }
                        ]
                    }
                ],
                "outputModel": [],
                "derivedEvents": [],
                "derivedActions": []
            }
        ],
        "contexts": {
            "temporal": [
                {
                    "name": "always",
                    "description": "",
                    "createdDate": "Tue Jul 24 2012",
                    "createdBy": "",
                    "type": "TemporalInterval",
                    "atStartup": true,
                    "neverEnding": true,
                    "initiators": [],
                    "terminators": []
                }
            ],
            "segmentation": [
                {
                    "name": "SuspectIdentity",
                    "description": "",
                    "createdDate": "Tue Jul 24 2012",
                    "createdBy": "",
                    "participantEvents": [
                        {
                            "name": "suspiciousObservation",
                            "expression": "suspiciousObservation.Identity"
                        }
                    ]
                }
            ],
            "composite": []
        },
        "consumers": [
            {
                "name": "PoliceDepatrment",
                "description": "",
                "createdDate": "",
                "createdBy": "",
                "type": "File",
                "properties": [
                    {
                        "name": "filename",
                        "value": ".\\sample\\CrimePD.txt"
                    },
                    {
                        "name": "formatter",
                        "value": "tag"
                    },
                    {
                        "name": "delimiter",
                        "value": ";"
                    },
                    {
                        "name": "tagDataSeparator",
                        "value": "="
                    },
                    {
                        "name": "SendingDelay",
                        "value": "1000"
                    }
                ],
                "events": [
                    {
                        "name": "VSObservation"
                    }
                ],
                "actions": []
            }
        ],
        "producers": [
            {
                "name": "Camera",
                "description": "",
                "createdDate": "",
                "createdBy": "",
                "type": "File",
                "properties": [
                    {
                        "name": "filename",
                        "value": ".\\sample\\CrimeVSCamera.txt"
                    },
                    {
                        "name": "pollingInterval",
                        "value": "1000"
                    },
                    {
                        "name": "sendingDelay",
                        "value": "5000"
                    },
                    {
                        "name": "formatter",
                        "value": "tag"
                    },
                    {
                        "name": "delimiter",
                        "value": ";"
                    },
                    {
                        "name": "tagDataSeparator",
                        "value": "="
                    }
                ],
                "events": []
            }
        ],
        "name": "EPN"
    },
    "declaredClass": "metadata.CreateJSON"
}