{
    "epn": {
        "events": [
            {
                "name": "VSObservation",
                "description": "",
                "createdDate": "",
                "createdBy": "",
                "attributes": [
                    {
                        "name": "SuspiciousIndication",
                        "type": "double",
                        "dimension": 0,
                        "description": null
                    },
                    {
                        "name": "Identity",
                        "type": "String",
                        "dimension": 0,
                        "description": null
                    },
                    {
                        "name": "Id",
                        "type": "Integer",
                        "dimension": 0,
                        "description": null
                    },
                    {
                        "name": "Location",
                        "type": "String",
                        "dimension": 0,
                        "description": null
                    },
                    {
                        "name": "Picture",
                        "type": "String",
                        "dimension": 0,
                        "description": null
                    },
                    {
                        "name": "xCoordinate",
                        "type": "Double",
                        "dimension": 0,
                        "description": null
                    },
                    {
                        "name": "yCoordinate",
                        "type": "Double",
                        "dimension": 0,
                        "description": null
                    }					
					
                ]
            },
            {
                "name": "Observation",
                "description": "",
                "createdDate": "",
                "createdBy": "",
                "attributes": [
                    {
                        "name": "SuspiciousIndication",
                        "type": "Boolean",
                        "dimension": 0,
                        "description": null
                    },
                    {
                        "name": "Identity",
                        "type": "String",
                        "dimension": 0,
                        "description": null
                    },
                    {
                        "name": "Id",
                        "type": "Integer",
                        "dimension": 0,
                        "description": null
                    },
                    {
                        "name": "Location",
                        "type": "String",
                        "dimension": 0,
                        "description": null
                    }
                ]
            },
            {
                "name": "SuspiciousObservation",
                "description": "",
                "createdDate": "",
                "createdBy": "",
                "attributes": [
                    {
                        "name": "SuspiciousIndication",
                        "type": "Boolean",
                        "dimension": 0,
                        "description": null
                    },
                    {
                        "name": "Identity",
                        "type": "String",
                        "dimension": 0,
                        "description": null
                    },
                    {
                        "name": "Id",
                        "type": "Integer",
                        "dimension": 0,
                        "description": null
                    },
                    {
                        "name": "Location",
                        "type": "String",
                        "dimension": 0,
                        "description": null
                    }
                ]
            },
            {
                "name": "RVEMessage",
                "description": "",
                "createdDate": "",
                "createdBy": "",
                "attributes": [
                    {
                        "name": "Message",
                        "type": "String",
                        "dimension": 0,
                        "description": null
                    },
					{
                        "name": "Picture",
                        "type": "String",
                        "dimension": 0,
                        "description": null
                    }
                ]
            },
            {
                "name": "SusObsAgg",
                "description": "",
                "createdDate": "Mon Aug 06 2012",
                "createdBy": "",
                "attributes": [
                    {
                        "name": "Certainty",
                        "type": "Double",
                        "defaultValue": "1",
                        "dimension": 0,
                        "description": "The certainty that this event happen (value between 0 to 1)"
                    },
                    {
                        "name": "OccurrenceTime",
                        "type": "String",
                        "dimension": 0,
                        "description": "No value means it equals the event detection time, other option is to use one of the defined distribution functions with parameters"
                    },
                    {
                        "name": "ExpirationTime",
                        "type": "String",
                        "dimension": 0,
                        "description": "Only till this time the cost and certainty parameters of the event are valid, and only till this time a proactive  action is considered"
                    },
                    {
                        "name": "Cost",
                        "type": "Double",
                        "dimension": 0,
                        "description": "The cost of this event occurrence. Negative if this is an opportunity"
                    },
                    {
                        "name": "Duration",
                        "type": "Double",
                        "defaultValue": "0",
                        "dimension": 0,
                        "description": "Used in case the this event occur within an interval"
                    },
                    {
                        "name": "SusObsCount",
                        "type": "Integer",
                        "dimension": "0"
                    },
                    {
                        "name": "PoliceId",
                        "type": "Boolean",
                        "dimension": 0
                    },
                    {
                        "name": "CivilianId",
                        "type": "Boolean",
                        "dimension": 0
                    },
                    {
                        "name": "ComputerId",
                        "type": "Boolean",
                        "dimension": 0
                    },
                    {
                        "name": "Identity",
                        "type": "String",
                        "dimension": 0
                    },
                    {
                        "name": "Id",
                        "type": "String",
                        "dimension": 0
                    },
                    {
                        "name": "Location",
                        "type": "String",
                        "dimension": 0
                    }
                ]
            },
            {
                "name": "ReportP",
                "description": "",
                "createdDate": "Mon Aug 06 2012",
                "createdBy": "",
                "attributes": [
                    {
                        "name": "Certainty",
                        "type": "Double",
                        "defaultValue": "1",
                        "dimension": 0,
                        "description": "The certainty that this event happen (value between 0 to 1)"
                    },
                    {
                        "name": "Identity",
                        "type": "String",
                        "dimension": 0
                    },
                    {
                        "name": "Id",
                        "type": "Integer",
                        "dimension": 0
                    },
                    {
                        "name": "xCoordinate",
                        "type": "Double",
                        "dimension": 0,
                        "description": null
                    },
                    {
                        "name": "yCoordinate",
                        "type": "Double",
                        "dimension": 0,
                        "description": null
                    },
                    {
                        "name": "Location",
                        "type": "String",
                        "dimension": 0
                    }
                ]
            },
            {
                "name": "Suspect",
                "description": "",
                "createdDate": "Mon Aug 06 2012",
                "createdBy": "",
                "attributes": [
                    {
                        "name": "Certainty",
                        "type": "Double",
                        "defaultValue": "1",
                        "dimension": 0,
                        "description": "The certainty that this event happen (value between 0 to 1)"
                    },
                    {
                        "name": "OccurrenceTime",
                        "type": "String",
                        "dimension": 0,
                        "description": "No value means it equals the event detection time, other option is to use one of the defined distribution functions  with parameters"
                    },
                    {
                        "name": "ExpirationTime",
                        "type": "String",
                        "dimension": 0,
                        "description": "Only till this time the cost and certainty parameters of the event are valid, and only till this time a proactive  action is considered"
                    },
                    {
                        "name": "Cost",
                        "type": "Double",
                        "dimension": 0,
                        "description": "The cost of this event occurrence. Negative if this is an opportunity"
                    },
                    {
                        "name": "Duration",
                        "type": "Double",
                        "defaultValue": "0",
                        "dimension": 0,
                        "description": "Used in case the this event occur within an interval"
                    },
                    {
                        "name": "Identity",
                        "type": "String",
                        "dimension": 0
                    },
                    {
                        "name": "Id",
                        "type": "Integer",
                        "dimension": 0
                    },
                    {
                        "name": "Location",
                        "type": "String",
                        "dimension": 0
                    },
                    {
                        "name": "Active",
                        "type": "Boolean",
                        "dimension": 0
                    }
                ]
            },
            {
                "name": "SusLocation",
                "description": "",
                "createdDate": "Mon Aug 06 2012",
                "createdBy": "",
                "attributes": [
                    {
                        "name": "Certainty",
                        "type": "Double",
                        "defaultValue": "1",
                        "dimension": 0,
                        "description": "The certainty that this event happen (value between 0 to 1)"
                    },
                    {
                        "name": "OccurrenceTime",
                        "type": "String",
                        "dimension": 0,
                        "description": "No value means it equals the event detection time, other option is to use one of the defined distribution functions  with parameters"
                    },
                    {
                        "name": "ExpirationTime",
                        "type": "String",
                        "dimension": 0,
                        "description": "Only till this time the cost and certainty parameters of the event are valid, and only till this time a proactive  action is considered"
                    },
                    {
                        "name": "Cost",
                        "type": "Double",
                        "dimension": 0,
                        "description": "The cost of this event occurrence. Negative if this is an opportunity"
                    },
                    {
                        "name": "Duration",
                        "type": "Double",
                        "defaultValue": "0",
                        "dimension": 0,
                        "description": "Used in case the this event occur within an interval"
                    },
                    {
                        "name": "Dangerous",
                        "type": "Boolean",
                        "dimension": 0
                    },
                    {
                        "name": "CountObs",
                        "type": "Integer",
                        "dimension": 0
                    },
                    {
                        "name": "Location",
                        "type": "String",
                        "dimension": 0
                    }
                ]
            }
        ],
        "epas": [
            {
                "name": "CrimeBN",
                "description": "",
                "createdDate": "",
                "createdBy": "",
                "epaType": "JSMILE",
                "context": "always",
                "inputEvents": [
                    {
                        "name": "VSObservation",
                        "alias": "VSObs",
                        "consumptionPolicy": "Consume",
                        "instanceSelectionPolicy": "First"
                    }
                ],
                "computedVariables": [],
                "assertion": "",
                "evaluationPolicy": "Immediate",
                "cardinalityPolicy": "Single",
                "rankingRelation": "Higest",
                "internalSegmentation": [
                    {}
                ],
                "modelFile": "D:\\Projects\\Polaris\\workspace\\RVE-PPR\\resources\\crime\\CrimeBN.xdsl",
                "inputModel": [
                    {
                        "name": "input",
                        "attributes": [
                            {
                                "name": "SuspiciousDetection",
                                "type": "double",
                                "expression": "VSObservation.SuspiciousIndication"
                            },
                            {
                                "name": "IdentifiedSuspect",
                                "type": "Boolean",
                                "expression": "VSObservation.Identity!='NA'"
                            }
                        ]
                    }
                ],
                "outputModel": [
                    {
                        "name": "Output",
                        "attributes": [
                            {
                                "name": "Crime",
                                "type": "String"
                            }
                        ]
                    }
                ],
                "derivedEvents": [
                    {
                        "name": "Observation",
                        "expressions": {
                            "SuspiciousIndication": "Output.Crime",
                            "Identity": "VSObservation.Identity",
                            "Id": "VSObservation.Id",
                            "Location": "VSObservation.Location"
                        }
                    }
                ],
                "derivedActions": []
            },
            {
                "name": "SuspectBN",
                "description": "",
                "createdDate": "",
                "createdBy": "",
                "epaType": "JSMILE",
                "context": "always",
                "inputEvents": [
                    {
                        "name": "SusObsAgg",
                        "alias": "Agg",
                        "consumptionPolicy": "Consume",
                        "instanceSelectionPolicy": "First"
                    }
                ],
                "computedVariables": [],
                "assertion": "",
                "evaluationPolicy": "Immediate",
                "cardinalityPolicy": "Single",
                "rankingRelation": "Higest",
                "internalSegmentation": [
                    {}
                ],
                "modelFile": "D:\\Projects\\Polaris\\workspace\\RVE-PPR\\resources\\crime\\SuspectBN.xdsl",
                "inputModel": [
                    {
                        "name": "input",
                        "attributes": [
                            {
                                "name": "NumSusActivities",
                                "type": "Integer",
                                "expression": "SusObsAgg.SusObsCount"
                            },
                            {
                                "name": "ComputerId",
                                "type": "Boolean",
                                "expression": "SusObsAgg.ComputerId"
                            },
                            {
                                "name": "PoliceId",
                                "type": "Boolean",
                                "expression": "SusObsAgg.PoliceId"
                            },
                            {
                                "name": "CivilianId",
                                "type": "Boolean",
                                "expression": "SusObsAgg.CivilianId"
                            }
                        ]
                    }
                ],
                "outputModel": [
                    {
                        "name": "Output",
                        "attributes": [
                            {
                                "name": "ActiveSuspect",
                                "type": "String"
                            }
                        ]
                    }
                ],
                "derivedEvents": [
                    {
                        "name": "Suspect",
                        "expressions": {
                            "Active": "Output.ActiveSuspect",
                            "Identity": "SusObsAgg.Identity",
							"Id": "SusObsAgg.Id",
							"Location": "SusObsAgg.Location"
                        }
                    }
                ],
                "derivedActions": []
            },
            {
                "name": "FilterSusObservation",
                "description": "",
                "createdDate": "Tue Jul 24 2012",
                "createdBy": "",
                "epaType": "Basic",
                "context": "always",
                "inputEvents": [
                    {
                        "name": "Observation",
                        "filterExpression": "Observation.SuspiciousIndication=true",
                        "consumptionPolicy": "Consume",
                        "instanceSelectionPolicy": "First"
                    }
                ],
                "computedVariables": [],
                "evaluationPolicy": "Immediate",
                "cardinalityPolicy": "Single",
                "internalSegmentation": [],
                "derivedEvents": [
                    {
                        "name": "SuspiciousObservation",
                        "reportParticipants": false,
                        "expressions": {
                            "Duration": "0",
                            "SuspiciousIndication": "Observation.SuspiciousIndication",
                            "Identity": "Observation.Identity",
                            "Id": "Observation.Id",
                            "Location": "Observation.Location"
                        }
                    }
                ],
                "derivedActions": []
            },
            {
                "name": "VisIdentification",
                "description": "",
                "createdDate": "Tue Jul 24 2012",
                "createdBy": "",
                "epaType": "RVE",
                "context": "SuspectIdentity",
                "inputEvents": [
                    {
                        "name": "SuspiciousObservation",
                        "consumptionPolicy": "Consume",
                        "instanceSelectionPolicy": "First"
                    }
                ],
                "computedVariables": [],
                "evaluationPolicy": "Immediate",
                "cardinalityPolicy": "Single",
                "internalSegmentation": [
                    {}
                ],
                "modelFile": "D:\\Projects\\Polaris\\workspace\\RVE-PPR\\resources\\crime\\reqVisId.arl",
                "inputModel": [
                    {
                        "name": "SusObsFlat",
                        "class": "crime.model.SusObsFlat",
                        "attributes": [
                            {
                                "name": "SuspiciousIndicationProb",
                                "type": "double",
                                "expression": "PDF(SuspiciousObservation.SuspiciousIndication,true)"
                            },
                            {
                                "name": "IdentityUnknownProb",
                                "type": "double",
                                "expression": "PDF(SuspiciousObservation.Identity,'NA')"
                            }
                        ]
                    }
                ],
                "outputModel": [
                    {
                        "name": "RVEOutput",
						"class": "crime.model.RVEOutput",
                        "attributes": [
                            {
                                "name": "Message",
                                "type": "String"
                            }
                        ]
                    }
                ],
                "derivedEvents": [
                    {
                        "name": "RVEMessage",
                        "reportParticipants": "false",
						"condition": "RVEOutput.Message != null",
                        "expressions": {
                            "Message": "RVEOutput.Message",
							"Picture": "'/dashboard/public/images/Criminal_a.jpg'"
                        }
                    }
                ],
                "derivedActions": []
            },
            {
                "name": "UpdateSuspectDB",
                "description": "",
                "createdDate": "Tue Jul 24 2012",
                "createdBy": "",
                "epaType": "RVE",
                "context": "SuspectIdentity",
                "inputEvents": [
                    {
                        "name": "Suspect",
                        "consumptionPolicy": "Consume",
                        "instanceSelectionPolicy": "First"
                    }
                ],
                "computedVariables": [],
                "evaluationPolicy": "Immediate",
                "cardinalityPolicy": "Single",
                "internalSegmentation": [
                    {}
                ],
                "modelFile": "D:\\Projects\\Polaris\\workspace\\RVE-PPR\\resources\\crime\\updateCriminalDB.arl",
                "inputModel": [
                    {
                        "name": "Suspect",
                        "class": "crime.model.Suspect",
                        "attributes": [
                            {
                                "name": "ActiveProbability",
                                "type": "double",
                                "expression": "PDF(Suspect.Active,true)"
                            },
                            {
                                "name": "Identity",
                                "type": "String",
                                "expression": "Suspect.Identity"
                            },
							{
								"name": "Location",
                                "type": "String",
                                "expression": "Suspect.Location"
							}
                        ]
                    }
                ],
                "outputModel": [
					{
                        "name": "RVEOutput",
						"class": "crime.model.RVEOutput",
						"condition": "RVEOutput.Message != null",
                        "attributes": [
                            {
                                "name": "Message",
                                "type": "String"
                            }
                        ]
                    }
				],
                "derivedEvents": [
                    {
                        "name": "RVEMessage",
						"condition": "RVEOutput.Message != null",
                        "reportParticipants": false,
                        "expressions": {
                            "Message": "RVEOutput.Message",
							"Picture": "'/dashboard/public/images/Criminal_a.jpg'"
                        }
                    }
                ],
                "derivedActions": []
            },
            {
                "name": "SendPatrol",
                "description": "",
                "createdDate": "Tue Jul 24 2012",
                "createdBy": "",
                "epaType": "RVE",
                "context": "always",
                "inputEvents": [
                    {
                        "name": "SusLocation",
                        "consumptionPolicy": "Consume",
                        "instanceSelectionPolicy": "First"
                    }
                ],
                "computedVariables": [],
                "evaluationPolicy": "Immediate",
                "cardinalityPolicy": "Single",
                "internalSegmentation": [
                    {}
                ],
                "modelFile": "D:\\Projects\\Polaris\\workspace\\RVE-PPR\\resources\\crime\\sendPatrol.arl",
                "inputModel": [
                    {
                        "name": "SusLoc",
                        "class": "crime.model.SusLocation",
                        "attributes": [
                            {
                                "name": "DangerousProb",
                                "type": "double",
                                "expression": "PDF(SusLocation.Dangerous,true)"
                            },
                            {
                                "name": "Location",
                                "type": "String",
                                "expression": "SusLocation.Location"
                            }
                        ]
                    }
                ],
                "outputModel": [
					{
                        "name": "RVEOutput",
						"class": "crime.model.RVEOutput",
                        "attributes": [
                            {
                                "name": "Message",
                                "type": "String"
                            }
                        ]
                    }
				],
                "derivedEvents": [
                    {
                        "name": "RVEMessage",
                        "reportParticipants": false,
						"condition": "RVEOutput.Message != null",
                        "expressions": {
                            "Message": "RVEOutput.Message",
							"Picture": "'/dashboard/public/images/Criminal_a.jpg'"
                        }
                    }
                ],
                "derivedActions": []
            },
            {
                "name": "InferSuspect",
                "description": "",
                "createdDate": "Mon Aug 06 2012",
                "createdBy": "",
                "epaType": "Aggregate",
                "context": "DaySuspect",
                "inputEvents": [
                    {
                        "name": "SuspiciousObservation",
                        "consumptionPolicy": "Reuse",
                        "instanceSelectionPolicy": "First"
                    },
                    {
                        "name": "ReportP",
                        "consumptionPolicy": "Reuse",
                        "instanceSelectionPolicy": "First"
                    }
                ],
                "computedVariables": [
                    {
                        "name": "Count",
                        "aggregationType": "Count",
                        "SuspiciousObservation": "1",
                        "ReportP": "0"
                    },
                    {
                        "name": "MinNAProb",
                        "aggregationType": "Max",
                        "SuspiciousObservation": "if SuspiciousObservation.Identity !='NA' then 1 else 0 endif",
                        "ReportP": "0"
                    },
                    {
                        "name": "MinNAPolProb",
                        "aggregationType": "Max",
                        "SuspiciousObservation": "0",
                        "ReportP": "if ReportP.Identity !='NA' then 1 else 0 endif"
                    },
                    {
                        "name": "SuspectId",
                        "type": "STRING",
						"aggregationType": "FREQUENT",
                        "SuspiciousObservation": "Freq(SuspiciousObservation.Identity)",
                        "ReportP": "Freq(ReportP.Identity)"
                    },
                    {
                        "name": "SusId",
                        "type": "INTEGER",
						"aggregationType": "FIXED",
                        "SuspiciousObservation": "SuspiciousObservation.Id",
                        "ReportP": "Freq(ReportP.Identity)"
                    },
                    {
                        "name": "SusLocation",
                        "type": "STRING",
						"aggregationType": "FIXED",
                        "SuspiciousObservation": "SuspiciousObservation.Location",
                        "ReportP": "ReportP.Location"
                    }
                ],
                "evaluationPolicy": "Immediate",
                "cardinalityPolicy": "Single",
                "internalSegmentation": [],
                "derivedEvents": [
                    {
                        "name": "SusObsAgg",
                        "reportParticipants": false,
                        "expressions": {
                            "Duration": "0",
                            "SusObsCount": "Count",
                            "CivilianId": "false",
                            "ComputerId": "MinNAProb == 1",
                            "PoliceId": "MinNAPolProb == 1",
                            "Identity": "SuspectId",
							"Id": "SusId",
							"Location": "SusLocation"
                        }
                    }
                ],
                "derivedActions": []
            },
            {
                "name": "DetectSusLocation",
                "description": "",
                "createdDate": "Mon Aug 06 2012",
                "createdBy": "",
                "epaType": "Aggregate",
                "context": "ThreeHoursLocation",
                "inputEvents": [
                    {
                        "name": "SuspiciousObservation",
                        "consumptionPolicy": "Reuse",
                        "instanceSelectionPolicy": "First"
                    }
                ],
                "computedVariables": [
                    {
                        "name": "Count",
                        "aggregationType": "Count",
                        "SuspiciousObservation": "1"
                        
                    },
					{
                        "name": "Location",
						"type": "STRING",
                        "aggregationType": "Fixed",
                        "SuspiciousObservation": "SuspiciousObservation.Location"
                        
                    }
                ],
                "evaluationPolicy": "Immediate",
                "cardinalityPolicy": "Single",
                "internalSegmentation": [],
                "derivedEvents": [
                    {
                        "name": "SusLocation",
                        "reportParticipants": false,
                        "expressions": {
                            "Duration": "0",
                            "Dangerous": "Count>5",
							"CountObs": "Count",
                            "Location": "Location"
                        }
                    }
                ],
                "derivedActions": []
            }
        ],
        "contexts": {
            "temporal": [
                {
                    "name": "always",
                    "description": "",
                    "createdDate": "Tue Jul 24 2012",
                    "createdBy": "",
                    "type": "TemporalInterval",
                    "atStartup": true,
                    "neverEnding": true,
                    "initiators": [],
                    "terminators": []
                },
                {
                    "name": "Day",
                    "description": "",
                    "createdDate": "Mon Aug 06 2012",
                    "createdBy": "",
                    "type": "SlidingTimeWindow",
                    "duration": "480000",
                    "slidingPeriod": "480000",
                    "atStartup": true,
                    "neverEnding": true,
                    "initiators": [],
                    "terminators": []
                },
                {
                    "name": "ThreeHours",
                    "description": "",
                    "createdDate": "Mon Aug 06 2012",
                    "createdBy": "",
                    "type": "SlidingTimeWindow",
                    "duration": "60000",
                    "slidingPeriod": "60000",
                    "atStartup": true,
                    "neverEnding": true,
                    "initiators": [],
                    "terminators": []
                }
            ],
            "segmentation": [
                {
                    "name": "SuspectIdentity",
                    "description": "",
                    "createdDate": "Tue Jul 24 2012",
                    "createdBy": "",
                    "participantEvents": [
                        {
                            "name": "SuspiciousObservation",
                            "expression": "SuspiciousObservation.Id"
                        },
						{
                            "name": "ReportP",
                            "expression": "ReportP.Id"
                        },
						{
                            "name": "Suspect",
                            "expression": "Suspect.Id"
                        }
                    ]
                },
				{
                    "name": "Location",
                    "description": "",
                    "createdDate": "Tue Jul 24 2012",
                    "createdBy": "",
                    "participantEvents": [
                        {
                            "name": "SuspiciousObservation",
                            "expression": "SuspiciousObservation.Location"
                        }
                    ]
                }
            ],
            "composite": [
                {
                    "name": "DaySuspect",
                    "description": "",
                    "createdDate": "Mon Aug 06 2012",
                    "createdBy": "",
                    "temporalContexts": [
                        {
                            "name": "Day"
                        }
                    ],
                    "segmentationContexts": [
                        {
                            "name": "SuspectIdentity"
                        }
                    ]
                },
				{
                    "name": "ThreeHoursLocation",
                    "description": "",
                    "createdDate": "Mon Aug 06 2012",
                    "createdBy": "",
                    "temporalContexts": [
                        {
                            "name": "ThreeHours"
                        }
                    ],
                    "segmentationContexts": [
                        {
                            "name": "Location"
                        }
                    ]
                }
            ]
        },
        "consumers": [
            {
                "name": "PoliceDepatrment",
                "description": "",
                "createdDate": "",
                "createdBy": "",
                "type": "File",
                "properties": [
                    {
                        "name": "filename",
                        "value": ".\\sample\\CrimePD.txt"
                    },
                    {
                        "name": "formatter",
                        "value": "tag"
                    },
                    {
                        "name": "delimiter",
                        "value": ";"
                    },
                    {
                        "name": "tagDataSeparator",
                        "value": "="
                    },
                    {
                        "name": "SendingDelay",
                        "value": "1000"
                    }
                ],
                "events": [
                    {
                        "name": "RVEMessage"
                    }
                ],
                "actions": []
            },
			{
				"name" : "Dashboard",
				"description" : "",
				"createdBy" : "",
				"type" : "Rest",
				"properties" : [
					{
						"name" : "URL",
						"value" : "http://localhost:7080/dashboard/events"
					}, 
					{
						"name" : "contentType",
						"value" : "text/json"
					}, 
					{
						"name" : "formatter",
						"value" : "json"
					}
				],
				"events" : [
					
					{
						"name" : "RVEMessage"
					},
					{
						"name" : "VSObservation"
					},
					{
						"name" : "ReportP"
					}
				],
				"actions" : []
			}
        ],
        "producers": [
            {
                "name": "Camera",
                "description": "",
                "createdDate": "",
                "createdBy": "",
                "type": "File",
                "properties": [
                    {
                        "name": "filename",
                        "value": ".\\sample\\CrimeVSCamera.txt"
                    },
                    {
                        "name": "pollingInterval",
                        "value": "500"
                    },
                    {
                        "name": "sendingDelay",
                        "value": "0"
                    },
                    {
                        "name": "formatter",
                        "value": "tag"
                    },
                    {
                        "name": "delimiter",
                        "value": ";"
                    },
                    {
                        "name": "tagDataSeparator",
                        "value": "="
                    }
                ],
                "events": [
                    {
                        "name": "VSObservation"
                    }
                ]
            }
        ],
        "name": "EPN"
    },
    "declaredClass": "metadata.CreateJSON"
}