{
    "epn": {
        "events": [
            {
                "name": "SensorEvent",
                "createdDate": "Tue Oct 15 2013",
                "attributes": [
                    {
                        "name": "Temperature",
                        "type": "Double",
                        "dimension": 0
                    },
                    {
                        "name": "Luminosity",
                        "type": "Double",
                        "dimension": 0
                    },
                    {
                        "name": "AirHumidity",
                        "type": "Double",
                        "dimension": 0
                    },
                    {
                        "name": "PH",
                        "type": "Double",
                        "dimension": 0
                    },
                    {
                        "name": "EC",
                        "type": "Double",
                        "dimension": 0
                    },
                    {
                        "name": "SoilMoisture",
                        "type": "Double",
                        "dimension": 0
                    },
                    {
                        "name": "CO2",
                        "type": "Double",
                        "dimension": 0
                    },
                    {
                        "name": "SensingDate",
                        "type": "Date",
                        "dimension": 0
                    },
                    {
                        "name": "FarmerID",
                        "type": "String",
                        "dimension": 0
                    }
                ]
            },
            {
                "name": "SensorReadOutOfBoundariesNotification",
                "createdDate": "Tue Oct 15 2013",
                "attributes": [
                    {
                        "name": "Temperature",
                        "type": "Boolean",
                        "dimension": 0
                    },
                    {
                        "name": "Luminosity",
                        "type": "Double",
                        "dimension": 0
                    },
                    {
                        "name": "AirHumidity",
                        "type": "Double",
                        "dimension": 0
                    },
                    {
                        "name": "PH",
                        "type": "Double",
                        "dimension": 0
                    },
                    {
                        "name": "EC",
                        "type": "Double",
                        "dimension": 0
                    },
                    {
                        "name": "SoilMoisture",
                        "type": "Double",
                        "dimension": 0
                    },
                    {
                        "name": "CO2",
                        "type": "Double",
                        "dimension": 0
                    },
                    {
                        "name": "SensingDate",
                        "type": "Date",
                        "dimension": 0
                    },
                    {
                        "name": "FarmerID",
                        "type": "String",
                        "dimension": 0
                    },
                    {
                        "name": "TemperatureInd",
                        "type": "String",
                        "dimension": 0
                    },
                    {
                        "name": "LuminosityInd",
                        "type": "String",
                        "dimension": 0
                    },
                    {
                        "name": "AirHumidityInd",
                        "type": "String",
                        "dimension": 0
                    },
                    {
                        "name": "PHInd",
                        "type": "String",
                        "dimension": 0
                    },
                    {
                        "name": "ECInd",
                        "type": "String",
                        "dimension": 0
                    },
                    {
                        "name": "SoilMoistureInd",
                        "type": "String",
                        "dimension": 0
                    },
                    {
                        "name": "CO2Ind",
                        "type": "String",
                        "dimension": 0
                    }
                ]
            }
        ],
        "epas": [
            {
                "name": "SensorReadOutOfBoundaries",
                "createdDate": "Tue Oct 15 2013",
                "epaType": "Basic",
                "context": "AlwaysFarmerAndDate",
                "inputEvents": [
                    {
                        "name": "SensorEvent",
                        "alias": "SE",
                        "filterExpression": "SE.Luminosity <5 OR SE.Luminosity>40 OR SE.AirHumidity<50 OR SE.AirHumidity>80 OR SE.PH<5 OR SE.PH>7 OR SE.EC<1.5 OR SE.EC>3.5 OR SE.SoilMoisture<60 OR SE.SoilMoisture>90 OR SE.CO2<200 OR SE.CO2>1000",
                        "consumptionPolicy": "Consume",
                        "instanceSelectionPolicy": "First"
                    }
                ],
                "computedVariables": [],
                "evaluationPolicy": "Immediate",
                "cardinalityPolicy": "Single",
                "internalSegmentation": [],
                "derivedEvents": [
                    {
                        "name": "SensorReadOutOfBoundariesNotification",
                        "reportParticipants": false,
                        "expressions": {
                            "Temperature": "IsNull(SE.Temperature)",
                            "Luminosity": "SE.Luminosity",
                            "AirHumidity": "SE.AirHumidity",
                            "PH": "SE.PH",
                            "EC": "SE.EC",
                            "SoilMoisture": "SE.SoilMoisture",
                            "CO2": "SE.CO2",
                            "SensingDate": "SE.SensingDate",
                            "FarmerID": "SE.FarmerID",
                            "TemperatureInd": "if (isNull(SE.Temperature)) then (\"out\") else (\"in\") endif",
                            "LuminosityInd": "if (SE.Luminosity<5 OR SE.Luminosity>40) then (\"out\") else (\"in\") endif",
                            "PHInd": "if (SE.PH<5 OR SE.PH>7) then (\"out\") else (\"in\") endif",
                            "ECInd": "if (SE.EC<1.5 OR SE.EC>3.5) then (\"out\") else (\"in\") endif",
                            "SoilMoistureInd": "if (SE.SoilMoisture<60 OR SE.SoilMoisture>90) then (\"out\") else (\"in\") endif",
                            "CO2Ind": "if (SE.CO2<200 OR SE.CO2>1000) then (\"out\") else (\"in\") endif",
                            "AirHumidityInd": "if (SE.AirHumidity<50 OR SE.AirHumidity>80) then (\"out\") else (\"in\") endif" 
                        }
                    }
                ],
                "derivedActions": []
            }
        ],
        "contexts": {
            "temporal": [
                {
                    "name": "always",
                    "createdDate": "Tue Oct 15 2013",
                    "type": "TemporalInterval",
                    "atStartup": true,
                    "neverEnding": true,
                    "initiators": [],
                    "terminators": []
                }
            ],
            "segmentation": [
                {
                    "name": "Sensing Date",
                    "createdDate": "Tue Oct 15 2013",
                    "participantEvents": [
                        {
                            "name": "SensorEvent",
                            "expression": "SensorEvent.SensingDate"
                        },
                        {
                            "name": "SensorReadOutOfBoundariesNotification",
                            "expression": "SensorReadOutOfBoundariesNotification.SensingDate"
                        }
                    ]
                },
                {
                    "name": "FarmerID",
                    "createdDate": "Tue Oct 15 2013",
                    "participantEvents": [
                        {
                            "name": "SensorEvent",
                            "expression": "SensorEvent.FarmerID"
                        },
                        {
                            "name": "SensorReadOutOfBoundariesNotification",
                            "expression": "SensorReadOutOfBoundariesNotification.FarmerID"
                        }
                    ]
                }
            ],
            "composite": [
                {
                    "name": "AlwaysFarmerAndDate",
                    "createdDate": "Tue Oct 15 2013",
                    "temporalContexts": [
                        {
                            "name": "always"
                        }
                    ],
                    "segmentationContexts": [
                        {
                            "name": "Sensing Date"
                        },
                        {
                            "name": "FarmerID"
                        }
                    ]
                }
            ]
        },
        "consumers": [
            {
                "name": "greenhouseFileConsumer",
                "createdDate": "Tue Oct 15 2013",
                "type": "File",
                "properties": [
                    {
                        "name": "filename",
                        "value": "D:\\EP\\Projects\\Proton\\development\\input\\greenhouseFileConsumer.txt"
                    },
                    {
                        "name": "formatter",
                        "value": "tag"
                    },
                    {
                        "name": "delimiter",
                        "value": ";"
                    },
                    {
                        "name": "tagDataSeparator",
                        "value": "="
                    },
                    {
                        "name": "SendingDelay",
                        "value": "1000"
                    },
                    {
                        "name": "dateFormat",
                        "value": "dd/MM/yyyy"
                    }
                ],
                "events": [
                    {
                        "name": "SensorEvent"
                    },
                    {
                        "name": "SensorReadOutOfBoundariesNotification"
                    }
                ],
                "actions": []
            },
            {
            "name": "greenhouseCSBConsumer",
                "createdDate": "Tue Oct 15 2013",
                "type": "CSB",
                "properties": [
                    {
                        "name": "queueName",
                        "value": "queue2"
                    },
                    {
                        "name": "jarPath",
                        "value": "D:\\EP\\Projects\\Proton\\development\\input\\POJO.jar"
                    }
                ],
                "events": [
                    {
                        "name": "SensorEvent"
                    },
                    {
                        "name": "SensorReadOutOfBoundariesNotification"
                    }
                ],
                "actions": []
            }
        ],
        "producers": [
           {
                "name": "CSBProducer",
                "createdDate": "Tue Oct 15 2013",
                "type": "CSB",
                "properties": [                  
                    {
                        "name": "queueName",
                        "value": "queue1"
                    },
                    {
                        "name": "pollingInterval",
                        "value": "500"
                    },
                    {
                        "name": "pollingMode",
                        "value": "single"
                    },
                    {
                        "name": "sendingDelay",
                        "value": "0"
                    },
                    {
                        "name": "jarPath",
                        "value": "D:\\EP\\Projects\\Proton\\development\\input\\POJO.jar"
                    }
                    
                ],
                "events": []
            }
        ],
        "actions": [],
        "name": "Greenhouse"
    }
}