{
    "epn": {
        "events": [
            {
                "name": "E1",
                "createdDate": "Tue Nov 27 2012",
                "attributes": [
                    {
                        "name": "Certainty",
                        "type": "Double",
                        "defaultValue": "1",
                        "dimension": 0,
                        "description": "The certainty that this event happen (value between 0 to 1)"
                    },
                    {
                        "name": "OccurrenceTime",
                        "type": "Date",
                        "dimension": 0,
                        "description": "No value means it equals the event detection time, other option is to use one of the defined distribution functions with parameters"
                    },
                    {
                        "name": "ExpirationTime",
                        "type": "Date",
                        "dimension": 0,
                        "description": "Only till this time the cost and certainty parameters of the event are valid, and only till this time a proactive action is considered"
                    },
                    {
                        "name": "Cost",
                        "type": "Double",
                        "dimension": 0,
                        "description": "The cost of this event occurrence. Negative if this is an opportunity"
                    },
                    {
                        "name": "Duration",
                        "type": "Double",
                        "defaultValue": "0",
                        "dimension": 0,
                        "description": "Used in case the this event occur within an interval"
                    },
                    {
                        "name": "A1",
                        "type": "Date",
                        "defaultValue": "01/12/2012-10:00:00",
                        "dimension": 0
                    }
                ]
            },
            {
                "name": "E2",
                "createdDate": "Tue Nov 27 2012",
                "attributes": [
                    {
                        "name": "Certainty",
                        "type": "Double",
                        "defaultValue": "1",
                        "dimension": 0,
                        "description": "The certainty that this event happen (value between 0 to 1)"
                    },
                    {
                        "name": "OccurrenceTime",
                        "type": "Date",
                        "dimension": 0,
                        "description": "No value means it equals the event detection time, other option is to use one of the defined distribution functions with parameters"
                    },
                    {
                        "name": "ExpirationTime",
                        "type": "Date",
                        "dimension": 0,
                        "description": "Only till this time the cost and certainty parameters of the event are valid, and only till this time a proactive action is considered"
                    },
                    {
                        "name": "Cost",
                        "type": "Double",
                        "dimension": 0,
                        "description": "The cost of this event occurrence. Negative if this is an opportunity"
                    },
                    {
                        "name": "Duration",
                        "type": "Double",
                        "defaultValue": "0",
                        "dimension": 0,
                        "description": "Used in case the this event occur within an interval"
                    },
                    {
                        "name": "A1",
                        "type": "Date",
                        "dimension": 0
                    }
                ]
            },
            {
                "name": "OutputEvent",
                "createdDate": "Tue Nov 27 2012",
                "attributes": [
                    {
                        "name": "Certainty",
                        "type": "Double",
                        "defaultValue": "1",
                        "dimension": 0,
                        "description": "The certainty that this event happen (value between 0 to 1)"
                    },
                    {
                        "name": "OccurrenceTime",
                        "type": "Date",
                        "dimension": 0,
                        "description": "No value means it equals the event detection time, other option is to use one of the defined distribution functions with parameters"
                    },
                    {
                        "name": "ExpirationTime",
                        "type": "Date",
                        "dimension": 0,
                        "description": "Only till this time the cost and certainty parameters of the event are valid, and only till this time a proactive action is considered"
                    },
                    {
                        "name": "Cost",
                        "type": "Double",
                        "dimension": 0,
                        "description": "The cost of this event occurrence. Negative if this is an opportunity"
                    },
                    {
                        "name": "Duration",
                        "type": "Double",
                        "defaultValue": "0",
                        "dimension": 0,
                        "description": "Used in case the this event occur within an interval"
                    },
                    {
                        "name": "ComputedDate",
                        "type": "Date",
                        "dimension": 0
                    },
                    {
                        "name": "TimeDiff",
                        "type": "Integer",
                        "dimension": 0
                    }
                    
                ]
            }
        ],
        "epas": [
            {
                "name": "AllEPA",
                "createdDate": "Tue Nov 27 2012",
                "epaType": "All",
                "context": "AlwaysContext",
                "inputEvents": [
                    {
                        "name": "E1",
                        "consumptionPolicy": "Consume",
                        "instanceSelectionPolicy": "First"
                    },
                    {
                        "name": "E2",
                        "consumptionPolicy": "Consume",
                        "instanceSelectionPolicy": "First"
                    }
                ],
                "computedVariables": [],
                "assertion": "CompareDates(E1.A1,E1.DetectionTime)<0",
                "evaluationPolicy": "Immediate",
                "cardinalityPolicy": "Single",
                "internalSegmentation": [],
                "derivedEvents": [
                    {
                        "name": "OutputEvent",
                        "reportParticipants": false,
                        "expressions": {
                            "Duration": "0",
                            "ComputedDate": "CurrentDate()",
                            "TimeDiff":"DayOfWeek(E1.DetectionTime)"
                        }
                    }
                ],
                "derivedActions": []
            }
        ],
        "contexts": {
            "temporal": [
                {
                    "name": "AlwaysContext",
                    "createdDate": "Tue Nov 27 2012",
                    "type": "TemporalInterval",
                    "atStartup": true,
                    "neverEnding": true,
                    "initiators": [],
                    "terminators": []
                }
            ],
            "segmentation": [],
            "composite": []
        },
        "consumers": [
            {
                "name": "OutputConsumer",
                "createdDate": "Tue Nov 27 2012",
                "type": "File",                
                "properties": [
                    {
                        "name": "filename",
                        "value": "D:\\EP\\Projects\\Proton\\development\\input\\testDates.output"
                    },
                    {
                        "name": "formatter",
                        "value": "tag"
                    },                   
                    {
                        "name": "delimiter",
                        "value": ";"
                    },
                    {
                        "name": "tagDataSeparator",
                        "value": "="
                    },
                    {
                        "name": "SendingDelay",
                        "value": "1000"
                    }
                ],
                "events": [
                    {
                        "name": "E1"
                    },
                    {
                        "name": "E2"
                    },
                    {
                        "name": "OutputEvent"
                    }
                ],
                "actions": []
            }
        ],
        "producers": [
            {
                "name": "InputProducer",
                "createdDate": "Tue Nov 27 2012",
                "type": "File",                
                "properties": [
                    {
                        "name": "filename",
                        "value": "D:\\EP\\Projects\\Proton\\development\\input\\testDatesInput.txt"
                    },
                    {
                        "name": "pollingInterval",
                        "value": "1000"
                    },
                    {
                        "name": "sendingDelay",
                        "value": "500"
                    },
                    {
                        "name": "formatter",
                        "value": "tag"
                    },   
                    {
                       "name": "dateFormat",
                       "value": "dd.MM.yyyy G 'at' HH:mm:ss z"
                    },
                                    
                    {
                        "name": "delimiter",
                        "value": ";"
                    },
                    {
                        "name": "tagDataSeparator",
                        "value": "="
                    }
                ],
                "events": []
            }
        ],
        "actions": [],
        "name": "DatesTest"
    }
}