{
  "epn": {
    "events": [
      {
        "name": "CallData",
        "createdDate": "Tue Sep 23 2014",
        "attributes": [
          {
            "name": "Certainty",
            "type": "Double",
            "defaultValue": "1",
            "dimension": 0,
            "description": "The certainty that this event happen (value between 0 to 1)"
          },
          {
            "name": "OccurrenceTime",
            "type": "Date",
            "dimension": 0,
            "description": "No value means it equals the event detection time, other option is to use one of the defined distribution functions with parameters"
          },
          {
            "name": "ExpirationTime",
            "type": "Date",
            "dimension": 0
          },
          {
            "name": "Cost",
            "type": "Double",
            "dimension": 0,
            "description": "The cost of this event occurrence. Negative if this is an opportunity"
          },
          {
            "name": "Duration",
            "type": "Double",
            "defaultValue": "0",
            "dimension": 0,
            "description": "Used in case the this event occur within an interval"
          },
          {
            "name": "phoneNumber",
            "type": "String",
            "dimension": 0
          },          
          {
            "name": "callDuration",
            "type": "Integer",
            "dimension": 0
          },
           {
            "name": "nodeID",
            "type": "String",
            "dimension": 0
          }
        ]
      },
      {
        "name": "LocalCounter",
        "createdDate": "Tue Sep 23 2014",
        "attributes": [
          {
            "name": "Certainty",
            "type": "Double",
            "defaultValue": "1",
            "dimension": 0,
            "description": "The certainty that this event happen (value between 0 to 1)"
          },
          {
            "name": "OccurrenceTime",
            "type": "Date",
            "dimension": 0,
            "description": "No value means it equals the event detection time, other option is to use one of the defined distribution functions with parameters"
          },
          {
            "name": "ExpirationTime",
            "type": "Date",
            "dimension": 0
          },
          {
            "name": "Cost",
            "type": "Double",
            "dimension": 0,
            "description": "The cost of this event occurrence. Negative if this is an opportunity"
          },
          {
            "name": "Duration",
            "type": "Double",
            "defaultValue": "0",
            "dimension": 0,
            "description": "Used in case the this event occur within an interval"
          },
          {
            "name": "phoneNumber",
            "type": "String",
            "dimension": 0
          },
          {
            "name": "nodeID",
            "type": "String",
            "dimension": 0
          },
          {
            "name": "count",
            "type": "Integer",
            "dimension": 0
          }
        ]
      },
            {
        "name": "Terminator",
        "createdDate": "Tue Sep 23 2014",
        "attributes": [
          {
            "name": "Certainty",
            "type": "Double",
            "defaultValue": "1",
            "dimension": 0,
            "description": "The certainty that this event happen (value between 0 to 1)"
          },
          {
            "name": "OccurrenceTime",
            "type": "Date",
            "dimension": 0,
            "description": "No value means it equals the event detection time, other option is to use one of the defined distribution functions with parameters"
          },
          {
            "name": "ExpirationTime",
            "type": "Date",
            "dimension": 0
          },
          {
            "name": "Cost",
            "type": "Double",
            "dimension": 0,
            "description": "The cost of this event occurrence. Negative if this is an opportunity"
          },
          {
            "name": "Duration",
            "type": "Double",
            "defaultValue": "0",
            "dimension": 0,
            "description": "Used in case the this event occur within an interval"
          }
        ]
      }
      
    ],
    "epas": [
      {
        "name": "AggregationEPA",
        "createdDate": "Tue Sep 23 2014",
        "epaType": "Aggregate",
        "context": "SlidingWindow",
        "inputEvents": [
          {
            "name": "CallData",
            "consumptionPolicy": "Consume",
            "instanceSelectionPolicy": "First"
          }
        ],
        "computedVariables": [
          {
            "name": "Count",
            "aggregationType": "Count",
            "CallData": "1"
          }
        ],
        "evaluationPolicy": "Deferred",
        "cardinalityPolicy": "Single",
        "internalSegmentation": [
          {
            "name": "PhoneNumberSegmentation"
          },
          {
            "name": "NodeIDSegmentation"
          }
        ],
        "derivedEvents": [
          {
            "name": "LocalCounter",
            "reportParticipants": false,
            "expressions": {
              "Duration": "0",
              "phoneNumber": "context.PhoneNumberSegmentation",
              "nodeID": "context.NodeIDSegmentation",
              "count": "Count"
            }
          }
        ]
      }
    ],
    "contexts": {
      "temporal": [
        {
          "name": "SlidingWindow",
          "createdDate": "Tue Sep 23 2014",
          "type": "SlidingTimeWindow",
          "atStartup": true,
          "neverEnding": true,
          "duration": 10000,
          "slidingPeriod": 10000,
          "initiators": [           
          ],
          "terminators": [          		
          ]
        }
      ],
      "segmentation": [
        {
          "name": "PhoneNumberSegmentation",
          "createdDate": "Tue Sep 23 2014",
          "participantEvents": [
            {
              "name": "CallData",
              "expression": "CallData.phoneNumber"
            }
          ]
        },
        {
          "name": "NodeIDSegmentation",
          "createdDate": "Tue Sep 23 2014",
          "participantEvents": [
            {
              "name": "CallData",
              "expression": "CallData.nodeID"
            }
          ]
        }
      ],
      "composite": [        
      ]
    },
    "consumers": [
      {
        "name": "Consumer",
        "createdDate": "Tue Sep 23 2014",
        "type": "File",
        "properties": [
          {
            "name": "filename",
            "value": "D:\\EP\\Projects\\EU\\FERARI\\integration with algorithms\\newestOutput.txt"
          },
          {
            "name": "formatter",
            "value": "tag"
          },
          {
            "name": "delimiter",
            "value": ";"
          },
          {
            "name": "tagDataSeparator",
            "value": "="
          },
          {
            "name": "SendingDelay",
            "value": "1000"
          },
          {
            "name": "dateFormat",
            "value": "dd/MM/yyyy-HH:mm:ss"
          }
        ],
        "events": [
          {
            "name": "CallData"
          },
          {
            "name": "LocalCounter"
          },
           {
            "name": "Terminator"
          }
        ]
      }
    ],
    "producers": [
      {
        "name": "Producer",
        "createdDate": "Tue Sep 23 2014",
        "type": "Timed",
        "properties": [
          {
            "name": "filename",
            "value": "D:\\EP\\Projects\\EU\\FERARI\\integration with algorithms\\newestTimedEvents.txt"
          },
          {
            "name": "pollingInterval",
            "value": "2000"
          },
          {
            "name": "sendingDelay",
            "value": "1200"
          },
          {
            "name": "formatter",
            "value": "tag"
          },
          {
            "name": "delimiter",
            "value": ";"
          },
          {
            "name": "tagDataSeparator",
            "value": "="
          },
          {
            "name": "dateFormat",
            "value": "dd/MM/yyyy-HH:mm:ss"
          }
        ],
        "events": []
      }
    ],
    "name": "CounterProject"
  }
}
