{
    "epn": {
        "events": [
            {
                "name": "TEPInitiation",
                "createdDate": "Tue Nov 13 2012",
                "attributes": [
                    {
                        "name": "TEPId",
                        "type": "String",
                        "dimension": 0
                    },
                    {
                        "name": "ShipmentId",
                        "type": "String",
                        "dimension": 0
                    }
                ]
            },
            {
                "name": "TEPTermination",
                "createdDate": "Tue Nov 13 2012",
                "attributes": [
                    {
                        "name": "TEPId",
                        "type": "String",
                        "dimension": 0
                    },
                    {
                        "name": "ShipmentId",
                        "type": "String",
                        "dimension": 0
                    }
                ]
            },
            {
                "name": "PlannedCargoLoadTime",
                "createdDate": "Tue Nov 13 2012",
                "attributes": [
                    {
                        "name": "TEPId",
                        "type": "String",
                        "dimension": 0
                    },
                    {
                        "name": "ShipmentId",
                        "type": "String",
                        "dimension": 0
                    }
                ]
            },
            {
                "name": "ImportLicenseArrival",
                "createdDate": "Tue Nov 13 2012",
                "attributes": [
                    {
                        "name": "TEPId",
                        "type": "String",
                        "dimension": 0
                    },
                    {
                        "name": "ShipmentId",
                        "type": "String",
                        "dimension": 0
                    }
                ]
            },
            {
                "name": "MissingImportLicenseNotification",
                "createdDate": "Tue Nov 13 2012",
                "attributes": [
                    {
                        "name": "TEPId",
                        "type": "String",
                        "dimension": 0
                    },
                    {
                        "name": "ShipmentId",
                        "type": "String",
                        "dimension": 0
                    },
                    {
                        "name": "message",
                        "type": "String",
                        "dimension": 0
                    }
                ]
            }
        ],
        "epas": [
            {
                "name": "MissingImportLicense",
                "createdDate": "Tue Nov 13 2012",
                "epaType": "Absence",
                "context": "FromInitToPlannedLoading",
                "inputEvents": [
                    {
                        "name": "ImportLicenseArrival",
                        "alias": "ila",
                        "consumptionPolicy": "Consume",
                        "instanceSelectionPolicy": "First"
                    }
                ],
                "computedVariables": [],
                "evaluationPolicy": "Immediate",
                "cardinalityPolicy": "Single",
                "internalSegmentation": [],
                "derivedEvents": [
                    {
                        "name": "MissingImportLicenseNotification",
                        "reportParticipants": false,
                        "expressions": {
                            "TEPId": "\"Import license was not received at the terminal for TEP = \"++ila.TEPId"
                        }
                    }
                ],
                "derivedActions": []
            }
        ],
        "contexts": {
            "temporal": [
                {
                    "name": "FromInitToPlannedLoading",
                    "createdDate": "Tue Nov 13 2012",
                    "type": "TemporalInterval",
                    "atStartup": false,
                    "neverEnding": false,
                    "initiators": [
                        {
                            "initiatorType": "Event",
                            "initiatorPolicy": "Ignore",
                            "name": "TEPInitiation"
                        }
                    ],
                    "terminators": [
                        {
                            "terminatorType": "Event",
                            "terminatorPolicy": "First",
                            "terminationType": "Terminate",
                            "name": "PlannedCargoLoadTime"
                        }
                    ]
                }
            ],
            "segmentation": [
                {
                    "name": "TEPId",
                    "createdDate": "Tue Nov 13 2012",
                    "participantEvents": [
                        {
                            "name": "TEPInitiation",
                            "expression": "TEPInitiation.TEPId"
                        },
                        {
                            "name": "TEPTermination",
                            "expression": "TEPTermination.TEPId"
                        },
                        {
                            "name": "ImportLicenseArrival",
                            "expression": "ImportLicenseArrival.TEPId"
                        },
                        {
                            "name": "PlannedCargoLoadTime",
                            "expression": "PlannedCargoLoadTime.TEPId"
                        }
                    ]
                }
            ],
            "composite": [
                {
                    "name": "SameTEP-PlannedLoading",
                    "createdDate": "Tue Nov 13 2012",
                    "temporalContexts": [
                        {
                            "name": "FromInitToPlannedLoading"
                        }
                    ],
                    "segmentationContexts": [
                        {
                            "name": "TEPId"
                        }
                    ]
                }
            ]
        },
        "consumers": [
            {
                "name": "FileConsumer",
                "createdDate": "Tue Nov 13 2012",
                "type": "File",
                "properties": [
                    {
                        "name": "filename",
                        "value": "D:\\EP\\Projects\\Proton\\development\\input\\FinestOutput.txt"
                    },
                    {
                        "name": "formatter",
                        "value": "tag"
                    },
                    {
                        "name": "delimiter",
                        "value": ";"
                    },
                    {
                        "name": "tagDataSeparator",
                        "value": "="
                    },
                    {
                        "name": "SendingDelay",
                        "value": "1000"
                    }
                ],
                "events": [
                    {
                        "name": "TEPInitiation"
                    },
                    {
                        "name": "TEPTermination"
                    },
                    {
                        "name": "PlannedCargoLoadTime"
                    },
                    {
                        "name": "ImportLicenseArrival"
                    },
                    {
                        "name": "MissingImportLicenseNotification"
                    }
                ],
                "actions": []
            }
        ],
        "producers": [
            {
                "name": "FileProducer",
                "createdDate": "Tue Nov 13 2012",
                "type": "File",
                "properties": [
                    {
                        "name": "filename",
                        "value": "D:\\EP\\Projects\\Proton\\development\\input\\finestInput.txt"
                    },
                    {
                        "name": "pollingInterval",
                        "value": "1"
                    },
                    {
                        "name": "sendingDelay",
                        "value": "500"
                    },
                    {
                        "name": "formatter",
                        "value": "tag"
                    },
                    {
                        "name": "delimiter",
                        "value": ";"
                    },
                    {
                        "name": "tagDataSeparator",
                        "value": "="
                    }
                ],
                "events": []
            }
        ],
        "actions": [],
        "name": "FInest_Fish"
    }
}