{
    "epn": {
        "events": [
            {
                "name": "FlowerUpdate",
                "description": "",
                "createdDate": "",
                "createdBy": "",
                "attributes": [
                    {
                        "name": "Shipment",
                        "type": "String",
                        "dimension": 0,
                        "description": null
                    },
                    {
                        "name": "Time1",
                        "type": "Double",
                        "dimension": 0,
                        "description": null
                    },
                    {
                        "name": "Temp1",
                        "type": "Double",
                        "dimension": 0,
                        "description": null
                    },
                    {
                        "name": "Time2",
                        "type": "Double",
                        "dimension": 0,
                        "description": null
                    },
                    {
                        "name": "Temp2",
                        "type": "Double",
                        "dimension": 0,
                        "description": null
                    },
                    {
                        "name": "Time3",
                        "type": "Double",
                        "dimension": 0,
                        "description": null
                    },
                    {
                        "name": "Temp3",
                        "type": "Double",
                        "dimension": 0,
                        "description": null
                    },
                    {
                        "name": "Time4",
                        "type": "Double",
                        "dimension": 0,
                        "description": null
                    },
                    {
                        "name": "Temp4",
                        "type": "Double",
                        "dimension": 0,
                        "description": null
                    },
                    {
                        "name": "Time5",
                        "type": "Double",
                        "dimension": 0,
                        "description": null
                    },
                    {
                        "name": "Temp5",
                        "type": "Double",
                        "dimension": 0,
                        "description": null
                    },
                    {
                        "name": "Id",
                        "type": "Integer",
                        "dimension": 0,
                        "description": null
                    },
                    {
                        "name": "Offset",
                        "type": "Double",
                        "dimension": 0,
                        "description": null
                    }				
					
                ]
            },
            {
                "name": "TimeRemaining",
                "description": "",
                "createdDate": "",
                "createdBy": "",
                "attributes": [
                    {
                        "name": "Time",
                        "type": "Double",
                        "dimension": 0,
                        "description": null
                    },
                    {
                        "name": "Lower",
                        "type": "Double",
                        "dimension": 0,
                        "description": null
                    },
                    {
                        "name": "Upper",
                        "type": "Double",
                        "dimension": 0,
                        "description": null
                    },
                    {
                        "name": "Shipment",
                        "type": "String",
                        "dimension": 0,
                        "description": null
                    }
                ]
            }
        ],
        "epas": [
            {
                "name": "PredictRemainingTime",
                "description": "",
                "createdDate": "",
                "createdBy": "",
                "epaType": "FLOWER",
                "context": "Shipment",
                "inputEvents": [
                    {
                        "name": "FlowerUpdate",
                        "alias": "Update",
                        "consumptionPolicy": "Consume",
                        "instanceSelectionPolicy": "First"
                    }
                ],
                "computedVariables": [],
                "assertion": "",
                "evaluationPolicy": "Immediate",
                "cardinalityPolicy": "Single",
                "rankingRelation": "Highest",
                "internalSegmentation": [
                    {}
                ],
                "modelFile": ".\\sample\\model.txt",
                "inputModel": [
                    {
                        "name": "input",
                        "attributes": [
                            {
                                "name": "Time1",
                                "type": "double",
                                "expression": "FlowerUpdate.Time1"
                            },
                            {
                                "name": "Temp1",
                                "type": "double",
                                "expression": "FlowerUpdate.Temp1"
                            }
                        ]
                    }
                ],
                "outputModel": [
                    {
                        "name": "Prediction",
                        "attributes": [
                            {
                                "name": "Time",
                                "type": "Double"
                            }
                        ]
                    }
                ],
                "derivedEvents": [
                    {
                        "name": "TimeRemaining",
                        "expressions": {
                            "Time": "Prediction.Time",
                            "Lower": "Percentile(Prediction.Time,0.1)",
                            "Upper": "Percentile(Prediction.Time,0.9)"
                        }
                    }
                ],
                "derivedActions": []
            }
        ],
        "contexts": {
            "temporal": [
                {
                    "name": "always",
                    "description": "",
                    "createdDate": "Tue Jul 24 2012",
                    "createdBy": "",
                    "type": "TemporalInterval",
                    "atStartup": true,
                    "neverEnding": true,
                    "initiators": [],
                    "terminators": []
                }
            ],
            "segmentation": [
            	{
                    "name": "Shipment",
                    "description": "",
                    "createdDate": "Tue Jul 24 2012",
                    "createdBy": "",
                    "participantEvents": [
                        {
                            "name": "FlowerUpdate",
                            "expression": "FlowerUpdate.Shipment"
                        }
                    ]
                }
            ],
            "composite": [
            ]
        },
        "consumers": [
            {
                "name": "FlowerControl",
                "description": "",
                "createdDate": "",
                "createdBy": "",
                "type": "File",
                "properties": [
                    {
                        "name": "filename",
                        "value": ".\\sample\\FlowerControl.txt"
                    },
                    {
                        "name": "formatter",
                        "value": "tag"
                    },
                    {
                        "name": "delimiter",
                        "value": ";"
                    },
                    {
                        "name": "tagDataSeparator",
                        "value": "="
                    },
                    {
                        "name": "SendingDelay",
                        "value": "1000"
                    }
                ],
                "events": [
                    {
                        "name": "TimeRemaining"
                    }
                ],
                "actions": []
            }
        ],
        "producers": [
            {
                "name": "FlowerSensor",
                "description": "",
                "createdDate": "",
                "createdBy": "",
                "type": "File",
                "properties": [
                    {
                        "name": "filename",
                        "value": ".\\sample\\FlowerSensor.txt"
                    },
                    {
                        "name": "pollingInterval",
                        "value": "500"
                    },
                    {
                        "name": "sendingDelay",
                        "value": "0"
                    },
                    {
                        "name": "formatter",
                        "value": "tag"
                    },
                    {
                        "name": "delimiter",
                        "value": ";"
                    },
                    {
                        "name": "tagDataSeparator",
                        "value": "="
                    }
                ],
                "events": [
                    {
                        "name": "FlowerUpdate"
                    }
                ]
            }
        ],
        "name": "EPN"
    },
    "declaredClass": "metadata.CreateJSON"
}