{
  "epn": {
    "events": [
      {
        "name": "SensorSample",
        "createdDate": "Sun Nov 04 2012",
        "attributes": [
          {
            "name": "TagID",
            "type": "Integer",
            "dimension": 0
          },
          {
            "name": "SampleDateTime",
            "type": "Datetime",
            "dimension": 0
          },
          {
            "name": "SampleValue",
            "type": "Double",
            "dimension": "0"
          },
          {
            "name": "QualityID",
            "type": "Integer",
            "dimension": 0
          }
        ]
      },
      {
        "name": "AlertNosensorSample",
        "createdDate": "Sun Nov 04 2012",
        "attributes": [
          {
            "name": "TagID",
            "type": "Integer",
            "dimension": 0
          },
          {
            "name": "FirstSampleDate",
            "type": "Datetime",
            "dimension": 0
          },
          {
            "name": "SecondSampleDate",
            "type": "Datetime",
            "dimension": 0
          },
          {
            "name": "message",
            "type": "String",
            "dimension": 0
          }
        ]
      },
      {
        "name": "RedAlertSample",
        "createdDate": "Mon Nov 05 2012",
        "attributes": [
          {
            "name": "TagID",
            "type": "Integer",
            "dimension": 0
          },
          {
            "name": "QualityID",
            "type": "Integer",
            "dimension": 0
          },
          {
            "name": "message",
            "type": "String",
            "dimension": 0
          }
        ]
      },
      {
        "name": "HighBadSampleFrequency",
        "createdDate": "Mon Nov 05 2012",
        "attributes": [
          {
            "name": "TagID",
            "type": "Integer",
            "dimension": 0
          },
          {
            "name": "TotalNumberOfSamples",
            "type": "Integer",
            "dimension": "0"
          },
          {
            "name": "TotalNumberOfBadSamples",
            "type": "Integer",
            "dimension": 0
          },
          {
            "name": "BadSampleFrequency",
            "type": "Double",
            "dimension": 0
          },
          {
            "name": "message",
            "type": "String",
            "dimension": 0
          }
        ]
      },
       {
        "name": "MediumBadSampleFrequency",
        "createdDate": "Mon Nov 05 2012",
        "attributes": [
          {
            "name": "TagID",
            "type": "Integer",
            "dimension": 0
          },
          {
            "name": "TotalNumberOfSamples",
            "type": "Integer",
            "dimension": "0"
          },
          {
            "name": "TotalNumberOfBadSamples",
            "type": "Integer",
            "dimension": 0
          },
          {
            "name": "BadSampleFrequency",
            "type": "Double",
            "dimension": 0
          },
          {
            "name": "message",
            "type": "String",
            "dimension": 0
          }
        ]
      },
       {
        "name": "NormalSampleFrequency",
        "createdDate": "Mon Nov 05 2012",
        "attributes": [
          {
            "name": "TagID",
            "type": "Integer",
            "dimension": 0
          }
        ]
      }
    ],
    "epas": [
      {
        "name": "NoSensorSample",
        "createdDate": "Sun Nov 04 2012",
        "epaType": "Sequence",
        "context": "BetweentwoReadings",
        "inputEvents": [
          {
            "name": "SensorSample",
            "alias": "s1",
            "consumptionPolicy": "Consume",
            "instanceSelectionPolicy": "First"
          },
          {
            "name": "SensorSample",
            "alias": "s2",
            "consumptionPolicy": "Consume",
            "instanceSelectionPolicy": "First"
          }
        ],
        "computedVariables": [],
        "assertion": "TimeDiff(s1.SampleDateTime,s2.SampleDateTime)>2000",
        "evaluationPolicy": "Immediate",
        "cardinalityPolicy": "Single",
        "internalSegmentation": [
          {
            "name": "SameSensorReading"
          }
        ],
        "derivedEvents": [
          {
            "name": "AlertNosensorSample",
            "reportParticipants": false,
            "expressions": {
              "TagID": "s1.TagID",
              "FirstSampleDate": "s1.SampleDateTime",
              "SecondSampleDate": "s2.SampleDateTime",
              "message": "\"Alert!  Sensor with Tag ID \"++s1.TagID++\" did not send sample for more than two seconds\""
            }
          }
        ],
        "derivedActions": []
      },
      {
        "name": "OutlierReadingFilter",
        "createdDate": "Mon Nov 05 2012",
        "epaType": "Basic",
        "context": "Always",
        "inputEvents": [
          {
            "name": "SensorSample",
            "filterExpression": "SensorSample.SampleValue >130",
            "consumptionPolicy": "Consume",
            "instanceSelectionPolicy": "First"
          }
        ],
        "computedVariables": [],
        "evaluationPolicy": "Immediate",
        "cardinalityPolicy": "Single",
        "internalSegmentation": [],
        "derivedEvents": [
          {
            "name": "RedAlertSample",
            "reportParticipants": false,
            "expressions": {
              "TagID": "SensorSample.TagID",
              "QualityID": "SensorSample.QualityID",
              "message": "\" Warning! Sensor Sample  with Tag ID =  \"++SensorSample.TagID++\" is of low quality\""
            }
          }
        ],
        "derivedActions": []
      },
      {
        "name": "BadSamplesFrequency",
        "createdDate": "Mon Nov 05 2012",
        "epaType": "Aggregate",
        "context": "Always",
        "inputEvents": [
          {
            "name": "RedAlertSample",
            "consumptionPolicy": "Consume",
            "instanceSelectionPolicy": "First"
          },
          {
            "name": "SensorSample",
            "consumptionPolicy": "Consume",
            "instanceSelectionPolicy": "First"
          }
        ],
        "computedVariables": [
          {
            "name": "BadSampleCount",
            "aggregationType": "Count",
            "RedAlertSample": "1",
            "SensorSample": "0"
          },
          {
            "name": "TotalCount",
            "aggregationType": "Count",
            "RedAlertSample": "0",
            "SensorSample": "1"
          },
          {
            "name": "TagIDVal",
            "aggregationType": "Max",
            "RedAlertSample": "0",
            "SensorSample": "SensorSample.TagID"
          }
        ],
        "assertion": "TotalCount=4",
        "evaluationPolicy": "Immediate",
        "cardinalityPolicy": "Single",
        "internalSegmentation": [],
        "derivedEvents": [
          {
            "name": "MediumBadSampleFrequency",   
             "condition": "BadSampleCount/TotalCount>0.2 and BadSampleCount/TotalCount<=0.4", 
            "reportParticipants": false,
            "expressions": {
              "TagID": "Round(TagIDVal)",
              "TotalNumberOfSamples": "TotalCount",
              "TotalNumberOfBadSamples": "BadSampleCount",
              "BadSampleFrequency": "BadSampleCount/TotalCount",
              "message": "\"Yellow Alert! Sensor with Tag ID \"++Round(TagIDVal)++\"  shows \"++BadSampleCount/TotalCount++\"% of bad readings\""
            }
          } ,
          {
            "name": "HighBadSampleFrequency",   
             "condition": "BadSampleCount/TotalCount>0.4", 
            "reportParticipants": false,
            "expressions": {
              "TagID": "Round(TagIDVal)",
              "TotalNumberOfSamples": "TotalCount",
              "TotalNumberOfBadSamples": "BadSampleCount",
              "BadSampleFrequency": "BadSampleCount/TotalCount",
              "message": "\"Red Alert! Sensor with Tag ID \"++Round(TagIDVal)++\"  shows \"++BadSampleCount/TotalCount++\"% of bad readings\""
            }
          },
          {
            "name": "NormalSampleFrequency",   
             "condition": "BadSampleCount/TotalCount<0.2", 
            "reportParticipants": false,
            "expressions": {
              "TagID": "Round(TagIDVal)"
               }
          }
        ],
        "derivedActions": []
      }
    ],
    "contexts": {
      "temporal": [
        {
          "name": "BetweentwoReadings",
          "createdDate": "Sun Nov 04 2012",
          "type": "TemporalInterval",
          "atStartup": false,
          "neverEnding": false,
          "initiators": [
            {
              "initiatorType": "Event",
              "initiatorPolicy": "Ignore",
              "name": "SensorSample"
            }
          ],
          "terminators": [
            {
              "terminatorType": "RelativeTime",
              "terminationType": "Terminate",
              "relativeTime": "300000"
            }
          ]
        },
        {
          "name": "Always",
          "createdDate": "Mon Nov 05 2012",
          "type": "TemporalInterval",
          "atStartup": true,
          "neverEnding": true,
          "initiators": [],
          "terminators": []
        },
        {
          "name": "CountNEvents",
          "createdDate": "Mon Nov 05 2012",
          "type": "TemporalInterval",
          "atStartup": false,
          "neverEnding": false,
          "initiators": [
            {
              "initiatorType": "Event",
              "initiatorPolicy": "Ignore",
              "name": "SensorSample"
            }
          ],
          "terminators": [
            {
              "terminatorType": "Event",
              "terminatorPolicy": "First",
              "terminationType": "Terminate",
              "name": "HighBadSampleFrequency"
            }
          ]
        }
      ],
      "segmentation": [
        {
          "name": "SameSensorReading",
          "createdDate": "Sun Nov 04 2012",
          "participantEvents": [
            {
              "name": "SensorSample",
              "expression": "SensorSample.TagID"
            }
          ]
        }
      ],
      "composite": [
        {
          "name": "SameSensorAndBetweenReadings",
          "createdDate": "Sun Nov 04 2012",
          "temporalContexts": [
            {
              "name": "BetweentwoReadings"
            }
          ],
          "segmentationContexts": [
            {
              "name": "SameSensorReading"
            }
          ]
        }
      ]
    },
    "consumers": [
      {
        "name": "KOPEXOutputConsumer",
        "type": "File",
        "properties": [
          {
            "name": "filename",
            "value": "D:\\EP\\Projects\\Proton\\development\\input\\KOPEXDemoOutputConsumer.txt"
          },
          {
            "name": "formatter",
            "value": "tag"
          },
          {
            "name": "delimiter",
            "value": ";"
          },
          {
            "name": "tagDataSeparator",
            "value": "="
          },
          {
            "name": "SendingDelay",
            "value": "200"
          }
        ],
        "events": [
          {
            "name": "SensorSample"
          },
          {
            "name": "AlertNosensorSample"
          },
          {
            "name": "RedAlertSample"
          },
          {
            "name": "HighBadSampleFrequency"
          },
          {
          "name": "MediumBadSampleFrequency"
          },
          {
          "name": "NormalSampleFrequency"
          }
        ],
        "actions": []
      }
    ],
    "producers": [
      {
        "name": "NingboInputEventProducer",
        "type": "File",
        "properties": [
          {
            "name": "filename",
            "value": "D:\\EP\\Projects\\Proton\\development\\input\\KOPEX_SensorSampleInput.txt"
          },
          {
            "name": "pollingInterval",
            "value": "1000"
          },
          {
            "name": "sendingDelay",
            "value": "5000"
          },
          {
            "name": "formatter",
            "value": "tag"
          },
          {
            "name": "delimiter",
            "value": ";"
          },
          {
            "name": "tagDataSeparator",
            "value": "="
          }
        ],
        "events": []
      }
    ],
    "actions": [],
    "name": "KOPEX_Demo"
  }
}