{
    "epn": {
        "events": [
            {
                "name": "LowBatteryAlert",
                "createdDate": "Thu May 23 2013",
                "attributes": [
                    {
                        "name": "Certainty",
                        "type": "Double",
                        "defaultValue": "1",
                        "dimension": 0,
                        "description": "The certainty that this event happen (value between 0 to 1)"
                    },
                    {
                        "name": "OccurrenceTime",
                        "type": "Date",
                        "dimension": 0,
                        "description": "No value means it equals the event detection time, other option is to use one of the defined distribution functions with parameters"
                    },
                    {
                        "name": "ExpirationTime",
                        "type": "Date",
                        "dimension": 0,
                        "description": "Only till this time the cost and certainty parameters of the event are valid, and only till this time a proactive action is considered"
                    },
                    {
                        "name": "Cost",
                        "type": "Double",
                        "dimension": 0,
                        "description": "The cost of this event occurrence. Negative if this is an opportunity"
                    },
                    {
                        "name": "Duration",
                        "type": "Double",
                        "defaultValue": "0",
                        "dimension": 0,
                        "description": "Used in case the this event occur within an interval"
                    },
                    {
                        "name": "entityId",
                        "type": "String",
                        "dimension": 0
                    },
                    {
                        "name": "entityType",
                        "type": "String",
                        "dimension": 0
                    },
                    {
                        "name": "TimeInstant",
                        "type": "Date",
                        "dimension": 0
                    },
                    {
                        "name": "AffectedEntity",
                        "type": "String",
                        "dimension": 0
                    },
                    {
                        "name": "AffectedEntityType",
                        "type": "String",
                        "dimension": 0
                    },
                    {
                        "name": "EventType",
                        "type": "String",
                        "dimension": 0
                    },
                    {
                        "name": "EventSeverity",
                        "type": "String",
                        "dimension": 0
                    }
                ]
            },
            {
                "name": "NodeContextUpdate",
                "createdDate": "Thu May 23 2013",
                "attributes": [
                    {
                        "name": "Certainty",
                        "type": "Double",
                        "defaultValue": "1",
                        "dimension": 0,
                        "description": "The certainty that this event happen (value between 0 to 1)"
                    },
                    {
                        "name": "OccurrenceTime",
                        "type": "Date",
                        "dimension": 0,
                        "description": "No value means it equals the event detection time, other option is to use one of the defined distribution functions with parameters"
                    },
                    {
                        "name": "ExpirationTime",
                        "type": "Date",
                        "dimension": 0,
                        "description": "Only till this time the cost and certainty parameters of the event are valid, and only till this time a proactive action is considered"
                    },
                    {
                        "name": "Cost",
                        "type": "Double",
                        "dimension": 0,
                        "description": "The cost of this event occurrence. Negative if this is an opportunity"
                    },
                    {
                        "name": "Duration",
                        "type": "Double",
                        "defaultValue": "0",
                        "dimension": 0,
                        "description": "Used in case the this event occur within an interval"
                    },
                    {
                        "name": "entityId",
                        "type": "String",
                        "dimension": 0
                    },
                    {
                        "name": "TimeInstant",
                        "type": "String",
                        "dimension": 0
                    },
                    {
                        "name": "Latitud",
                        "type": "Double",
                        "dimension": 0
                    },
                    {
                        "name": "Longitud",
                        "type": "Double",
                        "dimension": 0
                    },
                    {
                        "name": "presence",
                        "type": "Integer",
                        "dimension": 0
                    },
                    {
                        "name": "batteryCharge",
                        "type": "Integer",
                        "dimension": 0
                    },
                    {
                        "name": "illuminance",
                        "type": "Double",
                        "dimension": 0
                    },
                    {
                        "name": "entityType",
                        "type": "String",
                        "dimension": 0
                    }
                ]
            },
            {
                "name": "AMMSContextUpdate",
                "createdDate": "Thu May 23 2013",
                "attributes": [
                    {
                        "name": "Certainty",
                        "type": "Double",
                        "defaultValue": "1",
                        "dimension": 0,
                        "description": "The certainty that this event happen (value between 0 to 1)"
                    },
                    {
                        "name": "OccurrenceTime",
                        "type": "Date",
                        "dimension": 0,
                        "description": "No value means it equals the event detection time, other option is to use one of the defined distribution functions with parameters"
                    },
                    {
                        "name": "ExpirationTime",
                        "type": "Date",
                        "dimension": 0,
                        "description": "Only till this time the cost and certainty parameters of the event are valid, and only till this time a proactive action is considered"
                    },
                    {
                        "name": "Cost",
                        "type": "Double",
                        "dimension": 0,
                        "description": "The cost of this event occurrence. Negative if this is an opportunity"
                    },
                    {
                        "name": "Duration",
                        "type": "Double",
                        "defaultValue": "0",
                        "dimension": 0,
                        "description": "Used in case the this event occur within an interval"
                    },
                    {
                        "name": "entityId",
                        "type": "String",
                        "dimension": 0
                    },
                    {
                        "name": "TimeInstant",
                        "type": "String",
                        "dimension": 0
                    },
                    {
                        "name": "Latitud",
                        "type": "Double",
                        "dimension": 0
                    },
                    {
                        "name": "Longitud",
                        "type": "Double",
                        "dimension": 0
                    },
                    {
                        "name": "entityType",
                        "type": "String",
                        "dimension": 0
                    },
                    {
                        "name": "ActivePower",
                        "type": "Integer",
                        "dimension": 0
                    },
                    {
                        "name": "ReactivePower",
                        "type": "Integer",
                        "dimension": 0
                    }
                ]
            },
            {
                "name": "RegulatorContextUpdate",
                "createdDate": "Thu May 23 2013",
                "attributes": [
                    {
                        "name": "Certainty",
                        "type": "Double",
                        "defaultValue": "1",
                        "dimension": 0,
                        "description": "The certainty that this event happen (value between 0 to 1)"
                    },
                    {
                        "name": "OccurrenceTime",
                        "type": "Date",
                        "dimension": 0,
                        "description": "No value means it equals the event detection time, other option is to use one of the defined distribution functions with parameters"
                    },
                    {
                        "name": "ExpirationTime",
                        "type": "Date",
                        "dimension": 0,
                        "description": "Only till this time the cost and certainty parameters of the event are valid, and only till this time a proactive action is considered"
                    },
                    {
                        "name": "Cost",
                        "type": "Double",
                        "dimension": 0,
                        "description": "The cost of this event occurrence. Negative if this is an opportunity"
                    },
                    {
                        "name": "Duration",
                        "type": "Double",
                        "defaultValue": "0",
                        "dimension": 0,
                        "description": "Used in case the this event occur within an interval"
                    },
                    {
                        "name": "entityId",
                        "type": "String",
                        "dimension": 0
                    },
                    {
                        "name": "TimeInstant",
                        "type": "String",
                        "dimension": 0
                    },
                    {
                        "name": "Latitud",
                        "type": "Double",
                        "dimension": 0
                    },
                    {
                        "name": "Longitud",
                        "type": "Double",
                        "dimension": 0
                    },
                    {
                        "name": "entityType",
                        "type": "String",
                        "dimension": 0
                    },
                    {
                        "name": "ActivePower",
                        "type": "Integer",
                        "dimension": 0
                    },
                    {
                        "name": "ReactivePower",
                        "type": "Integer",
                        "dimension": 0
                    },
                    {
                        "name": "electricPotential",
                        "type": "Integer",
                        "dimension": 0
                    },
                    {
                        "name": "electricCurrent",
                        "type": "Integer",
                        "dimension": 0
                    }
                ]
            },
            {
                "name": "ElectricPotentialAlert",
                "createdDate": "Thu May 23 2013",
                "attributes": [
                    {
                        "name": "Certainty",
                        "type": "Double",
                        "defaultValue": "1",
                        "dimension": 0,
                        "description": "The certainty that this event happen (value between 0 to 1)"
                    },
                    {
                        "name": "OccurrenceTime",
                        "type": "Date",
                        "dimension": 0,
                        "description": "No value means it equals the event detection time, other option is to use one of the defined distribution functions with parameters"
                    },
                    {
                        "name": "ExpirationTime",
                        "type": "Date",
                        "dimension": 0,
                        "description": "Only till this time the cost and certainty parameters of the event are valid, and only till this time a proactive action is considered"
                    },
                    {
                        "name": "Cost",
                        "type": "Double",
                        "dimension": 0,
                        "description": "The cost of this event occurrence. Negative if this is an opportunity"
                    },
                    {
                        "name": "Duration",
                        "type": "Double",
                        "defaultValue": "0",
                        "dimension": 0,
                        "description": "Used in case the this event occur within an interval"
                    },
                    {
                        "name": "entityId",
                        "type": "String",
                        "dimension": 0
                    },
                    {
                        "name": "entityType",
                        "type": "String",
                        "dimension": 0
                    },
                    {
                        "name": "TimeInstant",
                        "type": "Date",
                        "dimension": 0
                    },
                    {
                        "name": "AffectedEntity",
                        "type": "String",
                        "dimension": 0
                    },
                    {
                        "name": "AffectedEntityType",
                        "type": "String",
                        "dimension": 0
                    },
                    {
                        "name": "EventType",
                        "type": "String",
                        "dimension": 0
                    },
                    {
                        "name": "EventSeverity",
                        "type": "String",
                        "dimension": 0
                    }
                ]
            }
        ],
        "epas": [
            {
                "name": "WarningBatteryRule",
                "description": "Raise an Issue when the batteryCharge of a given Node is below a given threshold (pe. 15%) for 30 seconds",
                "createdDate": "Thu May 23 2013",
                "epaType": "All",
                "context": "WarningBatteryComp",
                "inputEvents": [
                    {
                        "name": "NodeContextUpdate",
                        "filterExpression": "NodeContextUpdate.batteryCharge<15 && NodeContextUpdate.batteryCharge>=5",
                        "consumptionPolicy": "Consume",
                        "instanceSelectionPolicy": "First"
                    }
                ],
                "computedVariables": [],
                "evaluationPolicy": "Deferred",
                "cardinalityPolicy": "Single",
                "internalSegmentation": [],
                "derivedEvents": [
                    {
                        "name": "LowBatteryAlert",
                        "reportParticipants": false,
                        "expressions": {
                            "Duration": "0",
                            "entityId": "\"CEPEventReporter_Singleton\"",
                            "entityType": "\"CEPEventReporter\"",
                            "TimeInstant": "NodeContextUpdate.DetectionTime",
                            "AffectedEntity": "NodeContextUpdate.entityId",
                            "AffectedEntityType": "NodeContextUpdate.entityType",
                            "EventType": "\"LowBatteryAlert\"",
                            "EventSeverity": "\"Warning\""
                        }
                    }
                ],
                "derivedActions": []
            },
            {
                "name": "CriticalBatteryRule",
                "description": "Raise an Issue when the batteryCharge of a given Node is below a given threshold (pe. 5%) for 30 seconds",
                "createdDate": "Thu May 23 2013",
                "epaType": "All",
                "context": "CriticalBatteryComp",
                "inputEvents": [
                    {
                        "name": "NodeContextUpdate",
                        "filterExpression": "NodeContextUpdate.batteryCharge<5",
                        "consumptionPolicy": "Consume",
                        "instanceSelectionPolicy": "Override"
                    }
                ],
                "computedVariables": [],
                "evaluationPolicy": "Deferred",
                "cardinalityPolicy": "Single",
                "internalSegmentation": [],
                "derivedEvents": [
                    {
                        "name": "LowBatteryAlert",
                        "reportParticipants": false,
                        "expressions": {
                            "Duration": "0",
                            "entityId": "\"CEPEventReporter_Singleton\"",
                            "entityType": "\"CEPEventReporter\"",
                            "TimeInstant": "NodeContextUpdate.DetectionTime",
                            "AffectedEntity": "NodeContextUpdate.entityId",
                            "AffectedEntityType": "NodeContextUpdate.entityType",
                            "EventType": "\"LowBatteryAlert\"",
                            "EventSeverity": "\"Critical\""
                        }
                    }
                ],
                "derivedActions": []
            },
            {
                "name": "TestIntegration",
                "description": "Raise an Issue when the batteryCharge of a given Node is exactly 80%",
                "createdDate": "Thu May 23 2013",
                "epaType": "Basic",
                "context": "always",
                "inputEvents": [
                    {
                        "name": "NodeContextUpdate",
                        "filterExpression": "NodeContextUpdate.batteryCharge=80",
                        "consumptionPolicy": "Consume",
                        "instanceSelectionPolicy": "First"
                    }
                ],
                "computedVariables": [],
                "evaluationPolicy": "Immediate",
                "cardinalityPolicy": "Single",
                "internalSegmentation": [],
                "derivedEvents": [
                    {
                        "name": "LowBatteryAlert",
                        "reportParticipants": false,
                        "expressions": {
                            "Duration": "0",
                            "entityId": "\"CEPEventReporter_Singleton\"",
                            "entityType": "\"CEPEventReporter\"",
                            "TimeInstant": "NodeContextUpdate.DetectionTime",
                            "AffectedEntity": "NodeContextUpdate.entityId",
                            "AffectedEntityType": "NodeContextUpdate.entityType",
                            "EventType": "\"TestIntegration\"",
                            "EventSeverity": "\"Info\""
                        }
                    }
                ],
                "derivedActions": []
            },
            {
                "name": "WarningElectricPotentialRule",
                "createdDate": "Sun Jun 02 2013",
                "epaType": "Basic",
                "context": "always",
                "inputEvents": [
                    {
                        "name": "RegulatorContextUpdate",
                        "filterExpression": "RegulatorContextUpdate.electricPotential<0 && RegulatorContextUpdate.electricPotential>-5",
                        "consumptionPolicy": "Consume",
                        "instanceSelectionPolicy": "First"
                    }
                ],
                "computedVariables": [],
                "evaluationPolicy": "Immediate",
                "cardinalityPolicy": "Single",
                "internalSegmentation": [],
                "derivedEvents": [
                    {
                        "name": "ElectricPotentialAlert",
                        "reportParticipants": false,
                        "expressions": {
                            "Duration": "0",
                            "entityId": "\"CEPEventReporter_Singleton\"",
                            "entityType": "\"CEPEventReporter\"",
                            "TimeInstant": "RegulatorContextUpdate.TimeInstant",
                            "AffectedEntity": "RegulatorContextUpdate.entityId",
                            "AffectedEntityType": "RegulatorContextUpdate.entityType",
                            "EventType": "\"ElectricPotentialAlert\"",
                            "EventSeverity": "\"Warning\""
                        }
                    }
                ],
                "derivedActions": []
            },
            {
                "name": "CriticalElectricPotentialRule",
                "createdDate": "Sun Jun 02 2013",
                "epaType": "Basic",
                "context": "always",
                "inputEvents": [
                    {
                        "name": "RegulatorContextUpdate",
                        "filterExpression": "RegulatorContextUpdate.electricPotential < -5",
                        "consumptionPolicy": "Consume",
                        "instanceSelectionPolicy": "First"
                    }
                ],
                "computedVariables": [],
                "evaluationPolicy": "Immediate",
                "cardinalityPolicy": "Single",
                "internalSegmentation": [],
                "derivedEvents": [
                    {
                        "name": "ElectricPotentialAlert",
                        "reportParticipants": false,
                        "expressions": {
                            "Duration": "0",
                            "entityId": "\"CEPEventReporter_Singleton\"",
                            "entityType": "\"CEPEventReporter\"",
                            "TimeInstant": "RegulatorContextUpdate.TimeInstant",
                            "AffectedEntity": "RegulatorContextUpdate.entityId",
                            "AffectedEntityType": "RegulatorContextUpdate.entityType",
                            "EventType": "\"ElectricPotentialAlert\"",
                            "EventSeverity": "\"Critical\""
                        }
                    }
                ],
                "derivedActions": []
            }
        ],
        "contexts": {
            "temporal": [
                {
                    "name": "always",
                    "createdDate": "Thu May 23 2013",
                    "type": "TemporalInterval",
                    "atStartup": true,
                    "neverEnding": true,
                    "initiators": [],
                    "terminators": []
                },
                {
                    "name": "WarningBatteryWindow",
                    "createdDate": "Sun Jun 02 2013",
                    "type": "TemporalInterval",
                    "atStartup": false,
                    "neverEnding": false,
                    "initiators": [
                        {
                            "initiatorType": "Event",
                            "initiatorPolicy": "Ignore",
                            "name": "NodeContextUpdate",
                            "condition": "NodeContextUpdate.batteryCharge < 15 && NodeContextUpdate.batteryCharge >= 5"
                        }
                    ],
                    "terminators": [
                        {
                            "terminatorType": "Event",
                            "terminatorPolicy": "First",
                            "terminationType": "Discard",
                            "name": "NodeContextUpdate",
                            "condition": "NodeContextUpdate.batteryCharge >= 15"
                        },
                        {
                            "terminatorType": "RelativeTime",
                            "terminationType": "Terminate",
                            "relativeTime": "30000"
                        }
                    ]
                },
                {
                    "name": "CriticalbatteryWindow",
                    "createdDate": "Sun Jun 02 2013",
                    "type": "TemporalInterval",
                    "atStartup": false,
                    "neverEnding": false,
                    "initiators": [
                        {
                            "initiatorType": "Event",
                            "initiatorPolicy": "Ignore",
                            "name": "NodeContextUpdate",
                            "condition": "NodeContextUpdate.batteryCharge<5"
                        }
                    ],
                    "terminators": [
                        {
                            "terminatorType": "Event",
                            "terminatorPolicy": "Each",
                            "terminationType": "Discard",
                            "name": "NodeContextUpdate",
                            "condition": "NodeContextUpdate.batteryCharge>=5"
                        },
                        {
                            "terminatorType": "RelativeTime",
                            "terminationType": "Terminate",
                            "relativeTime": "30000"
                        }
                    ]
                }
            ],
            "segmentation": [
                {
                    "name": "NodeID",
                    "createdDate": "Wed May 29 2013",
                    "participantEvents": [
                        {
                            "name": "NodeContextUpdate",
                            "expression": "NodeContextUpdate.entityId"
                        }
                    ]
                }
            ],
            "composite": [
                {
                    "name": "WarningBatteryComp",
                    "createdDate": "Sun Jun 02 2013",
                    "temporalContexts": [
                        {
                            "name": "WarningBatteryWindow"
                        }
                    ],
                    "segmentationContexts": [
                        {
                            "name": "NodeID"
                        }
                    ]
                },
                {
                    "name": "CriticalBatteryComp",
                    "createdDate": "Sun Jun 02 2013",
                    "temporalContexts": [
                        {
                            "name": "CriticalbatteryWindow"
                        }
                    ],
                    "segmentationContexts": [
                        {
                            "name": "NodeID"
                        }
                    ]
                }
            ]
        },
        "consumers": [            
            {
                "name": "File",
                "createdDate": "Thu May 23 2013",
                "type": "File",
                "properties": [
                    {
                        "name": "filename",
                        "value": "./sample/liveDemoEvents.txt"
                    },
                    {
                        "name": "formatter",
                        "value": "xml"
                    },
                    {
                        "name": "delimiter",
                        "value": ";"
                    },
                    {
                        "name": "tagDataSeparator",
                        "value": "="
                    },
                    {
                        "name": "SendingDelay",
                        "value": "100"
                    },
                    {
                        "name": "dateFormat",
                        "value": "yyyy-MM-dd'T'HH:mm:ss.S'000'z"
                    }
                ],
                "events": [
                    {
                        "name": "LowBatteryAlert"
                    },
                    {
                        "name": "NodeContextUpdate"
                    },
                    {
                        "name": "AMMSContextUpdate"
                    },
                    {
                        "name": "RegulatorContextUpdate"
                    },
                    {
                        "name": "ElectricPotentialAlert"
                    }
                ],
                "actions": []
            },
            {
                "name": "SimpleFile",
                "createdDate": "Thu May 23 2013",
                "type": "File",
                "properties": [
                    {
                        "name": "filename",
                        "value": "./sample/simpleLiveDemoEvents.txt"
                    },
                    {
                        "name": "formatter",
                        "value": "json"
                    },
                    {
                        "name": "delimiter",
                        "value": ";"
                    },
                    {
                        "name": "tagDataSeparator",
                        "value": "="
                    },
                    {
                        "name": "SendingDelay",
                        "value": "100"
                    },
                    {
                        "name": "dateFormat",
                        "value": "yyyy-MM-dd'T'HH:mm:ss.S'000'z"
                    }
                ],
                "events": [
                    {
                        "name": "LowBatteryAlert"
                    },
                    {
                        "name": "NodeContextUpdate"
                    },
                    {
                        "name": "AMMSContextUpdate"
                    },
                    {
                        "name": "RegulatorContextUpdate"
                    },
                    {
                        "name": "ElectricPotentialAlert"
                    }
                ],
                "actions": []
            }
        ],
        "producers": 
        [
	        {
	        "name": "testProducer",
	        "description": "",
	        "createdDate": "",
	        "createdBy": "",
	        "type": "File",
	        "properties": [
	          {
	            "name": "filename",
	            "value": "D:\\EP\\Projects\\Proton\\development\\input\\bugInput.txt"
	          },
	          {
	            "name": "pollingInterval",
	            "value": "1000"
	          },
	          {
	            "name": "sendingDelay",
	            "value": "5000"
	          },
	          {
	            "name": "formatter",
	            "value": "tag"
	          },
	          {
	            "name": "delimiter",
	            "value": ";"
	          },
	          {
	            "name": "tagDataSeparator",
	            "value": "="
	          }
	        ],
	        "events": []
	      }
        ],
        "actions": [],
        "name": "LiveDemo"
    }
}