{
  "epn": {
    "events": [
      {
        "name": "InputEvent",
        "createdDate": "Wed Jul 9 2014",
        "attributes": [
          {
            "name": "Certainty",
            "type": "Double",
            "defaultValue": "1",
            "dimension": 0,
            "description": "The certainty that this event happen (value between 0 to 1)"
          },
          {
            "name": "OccurrenceTime",
            "type": "Date",
            "dimension": 0,
            "description": "No value means it equals the event detection time, other option is to use one of the defined distribution functions with parameters"
          },
          {
            "name": "ExpirationTime",
            "type": "Date",
            "dimension": 0
          },
          {
            "name": "Cost",
            "type": "Double",
            "dimension": 0,
            "description": "The cost of this event occurrence. Negative if this is an opportunity"
          },
          {
            "name": "Duration",
            "type": "Double",
            "defaultValue": "0",
            "dimension": 0,
            "description": "Used in case the this event occur within an interval"
          },
          {
            "name": "A1",
            "type": "Double",
            "dimension": 0
          },
          {
            "name": "A2",
            "type": "String",
            "dimension": 0
          }
        ]
      },
      {
        "name": "OutputEvent",
        "createdDate": "Wed Jul 09 2014",
        "attributes": [
          {
            "name": "Certainty",
            "type": "Double",
            "defaultValue": "1",
            "dimension": 0,
            "description": "The certainty that this event happen (value between 0 to 1)"
          },
          {
            "name": "OccurrenceTime",
            "type": "Date",
            "dimension": 0,
            "description": "No value means it equals the event detection time, other option is to use one of the defined distribution functions with parameters"
          },
          {
            "name": "ExpirationTime",
            "type": "Date",
            "dimension": 0
          },
          {
            "name": "Cost",
            "type": "Double",
            "dimension": 0,
            "description": "The cost of this event occurrence. Negative if this is an opportunity"
          },
          {
            "name": "Duration",
            "type": "Double",
            "defaultValue": "0",
            "dimension": 0,
            "description": "Used in case the this event occur within an interval"
          },
          {
            "name": "A1",
            "type": "Double",
            "dimension": 0
          }
        ]
      }
    ],
    "epas": [
      {
        "name": "EPA",
        "createdDate": "Wed Jul 09 2014",
        "epaType": "Basic",
        "context": "Composite",
        "inputEvents": [
          {
            "name": "InputEvent",
            "filterExpression": "InputEvent.A1>43",
            "consumptionPolicy": "Consume",
            "instanceSelectionPolicy": "First"
          }
        ],
        "computedVariables": [],
        "evaluationPolicy": "Immediate",
        "cardinalityPolicy": "Unrestricted",
        "internalSegmentation": [],
        "derivedEvents": [
          {
            "name": "OutputEvent",
            "reportParticipants": false,
            "expressions": {
              "Duration": "0",
              "A1": "InputEvent.A1"
            }
          }
        ]
      }
    ],
    "contexts": {
      "temporal": [
        {
          "name": "Temporal",
          "createdDate": "Wed Jul 09 2014",
          "type": "TemporalInterval",
          "atStartup": false,
          "neverEnding": false,
          "initiators": [
            {
              "initiatorType": "Event",
              "initiatorPolicy": "Ignore",
              "name": "InputEvent"
            }
          ],
          "terminators": [
            {
              "terminatorType": "RelativeTime",
              "terminationType": "Terminate",
              "relativeTime": "120000"
            }
          ]
        }
      ],
      "segmentation": [
        {
          "name": "Segmentation",
          "createdDate": "Wed Jul 09 2014",
          "participantEvents": [
            {
              "name": "InputEvent",
              "expression": "InputEvent.A2"
            }
          ]
        }
      ],
      "composite": [
        {
          "name": "Composite",
          "createdDate": "Wed Jul 09 2014",
          "temporalContexts": [
            {
              "name": "Temporal"
            }
          ],
          "segmentationContexts": [
            {
              "name": "Segmentation"
            }
          ]
        }
      ]
    },
    "consumers": [
      {
        "name": "Consumer",
        "createdDate": "Wed Jul 09 2014",
        "type": "File",
        "properties": [
          {
            "name": "filename",
            "value": "D:\\EP\\Projects\\EU\\Fispace\\consumer.txt"
          },
          {
            "name": "formatter",
            "value": "tag"
          },
          {
            "name": "delimiter",
            "value": ";"
          },
          {
            "name": "tagDataSeparator",
            "value": "="
          },
          {
            "name": "SendingDelay",
            "value": "1000"
          },
          {
            "name": "dateFormat",
            "value": "dd/MM/yyyy-HH:mm:ss"
          }
        ],
        "events": [
          {
            "name": "OutputEvent"
          }
        ]
      }
    ],
    "producers": [],
    "name": "STORM"
  }
}