{
    "epn": {
        "events": [
            {
                "name": "InitiatorEvent",
                "createdDate": "Mon Nov 05 2012",
                "attributes": [
                    {
                        "name": "Certainty",
                        "type": "Double",
                        "defaultValue": "1",
                        "dimension": 0,
                        "description": "The certainty that this event happen (value between 0 to 1)"
                    },
                    {
                        "name": "OccurrenceTime",
                        "type": "String",
                        "dimension": 0,
                        "description": "No value means it equals the event detection time, other option is to use one of the defined distribution functions with parameters"
                    },
                    {
                        "name": "ExpirationTime",
                        "type": "String",
                        "dimension": 0,
                        "description": "Only till this time the cost and certainty parameters of the event are valid, and only till this time a proactive action is considered"
                    },
                    {
                        "name": "Cost",
                        "type": "Double",
                        "dimension": 0,
                        "description": "The cost of this event occurrence. Negative if this is an opportunity"
                    },
                    {
                        "name": "Duration",
                        "type": "Double",
                        "defaultValue": "0",
                        "dimension": 0,
                        "description": "Used in case the this event occur within an interval"
                    },
                    {
                        "name": "A1",
                        "type": "String",
                        "dimension": 0
                    },
                    {
                        "name": "A2",
                        "type": "Integer",
                        "defaultValue": "10",
                        "dimension": 0
                    }
                ]
            },
            {
                "name": "TerminatorEvent",
                "createdDate": "Mon Nov 05 2012",
                "attributes": [
                    {
                        "name": "Certainty",
                        "type": "Double",
                        "defaultValue": "1",
                        "dimension": 0,
                        "description": "The certainty that this event happen (value between 0 to 1)"
                    },
                    {
                        "name": "OccurrenceTime",
                        "type": "String",
                        "dimension": 0,
                        "description": "No value means it equals the event detection time, other option is to use one of the defined distribution functions with parameters"
                    },
                    {
                        "name": "ExpirationTime",
                        "type": "String",
                        "dimension": 0,
                        "description": "Only till this time the cost and certainty parameters of the event are valid, and only till this time a proactive action is considered"
                    },
                    {
                        "name": "Cost",
                        "type": "Double",
                        "dimension": 0,
                        "description": "The cost of this event occurrence. Negative if this is an opportunity"
                    },
                    {
                        "name": "Duration",
                        "type": "Double",
                        "defaultValue": "0",
                        "dimension": 0,
                        "description": "Used in case the this event occur within an interval"
                    },
                    {
                        "name": "B1",
                        "type": "String",
                        "dimension": 0
                    },
                    {
                        "name": "B2",
                        "type": "Integer",
                        "dimension": "0"
                    }
                ]
            },
            {
                "name": "Output",
                "createdDate": "Mon Nov 05 2012",
                "attributes": [
                    {
                        "name": "Certainty",
                        "type": "Double",
                        "defaultValue": "1",
                        "dimension": 0,
                        "description": "The certainty that this event happen (value between 0 to 1)"
                    },
                    {
                        "name": "OccurrenceTime",
                        "type": "String",
                        "dimension": 0,
                        "description": "No value means it equals the event detection time, other option is to use one of the defined distribution functions with parameters"
                    },
                    {
                        "name": "ExpirationTime",
                        "type": "String",
                        "dimension": 0,
                        "description": "Only till this time the cost and certainty parameters of the event are valid, and only till this time a proactive action is considered"
                    },
                    {
                        "name": "Cost",
                        "type": "Double",
                        "dimension": 0,
                        "description": "The cost of this event occurrence. Negative if this is an opportunity"
                    },
                    {
                        "name": "Duration",
                        "type": "Double",
                        "defaultValue": "0",
                        "dimension": 0,
                        "description": "Used in case the this event occur within an interval"
                    }
                ]
            }
        ],
        "epas": [
            {
                "name": "EPA1",
                "createdDate": "Mon Nov 05 2012",
                "epaType": "All",
                "context": "CompositeContext",
                "inputEvents": [
                    {
                        "name": "InitiatorEvent",
                        "consumptionPolicy": "Consume",
                        "instanceSelectionPolicy": "First"
                    }
                ],
                "internalSegmentation":[
					{"name":"testContext"}
				 ],
                "computedVariables": [],
                "evaluationPolicy": "Immediate",
                "cardinalityPolicy": "Single",                
                "derivedEvents": [
                    {
                        "name": "Output",
                        "reportParticipants": false,
                        "expressions": {
                            "Duration": "0"
                        }
                    }
                ],
                "derivedActions": []
            }
        ],
        "contexts": {
            "temporal": [
                {
                    "name": "TemporalContext",
                    "createdDate": "Mon Nov 05 2012",
                    "type": "TemporalInterval",
                    "atStartup": false,
                    "neverEnding": false,
                    "initiators": [
                        {
                            "initiatorType": "Event",
                            "initiatorPolicy": "Ignore",
                            "name": "InitiatorEvent"
                        }
                    ],
                    "terminators": [
                        {
                            "terminatorType": "Event",
                            "terminatorPolicy": "Each",
                            "terminationType": "Terminate",
                            "name": "TerminatorEvent",
                            "condition": "CompareTo(TerminatorEvent.B1,InitiatorEvent.A1) > 0"
                        }
                    ]
                }
            ],
            "segmentation": [
                {
                    "name": "Segmentation",
                    "createdDate": "Mon Nov 05 2012",
                    "participantEvents": [
                        {
                            "name": "InitiatorEvent",
                            "expression": " InitiatorEvent.A1"
                        },
                        {
                            "name": "TerminatorEvent",
                            "expression": "TerminatorEvent.B1"
                        }
                    ]
                },
                 {
                    "name": "testContext",
                    "createdDate": "Mon Nov 05 2012",
                    "participantEvents": [
                        {
                            "name": "InitiatorEvent",
                            "expression": " InitiatorEvent.A1"
                        },
                        {
                            "name": "TerminatorEvent",
                            "expression": "TerminatorEvent.B1"
                        }
                    ]
                }
            ],
            "composite": [
                {
                    "name": "CompositeContext",
                    "createdDate": "Mon Nov 05 2012",
                    "temporalContexts": [
                        {
                            "name": "TemporalContext"
                        }
                    ],
                    "segmentationContexts": [
                        {
                            "name": "Segmentation"
                        }
                    ]
                }
            ]
        },
        "consumers": [
            {
                "name": "TerminatorConsumer",
                "createdDate": "Mon Nov 05 2012",
                "type": "File",
                "properties": [
                    {
                        "name": "filename",
                        "value": "D:\\EP\\Projects\\Proton\\development\\input\\terminatorOutput.txt"
                    },
                    {
                        "name": "formatter",
                        "value": "tag"
                    },
                    {
                        "name": "delimiter",
                        "value": ";"
                    },
                    {
                        "name": "tagDataSeparator",
                        "value": "="
                    },
                    {
                        "name": "SendingDelay",
                        "value": "1000"
                    }
                ],
                "events": [
                    {
                        "name": "InitiatorEvent"
                    },
                    {
                        "name": "TerminatorEvent"
                    }
                ],
                "actions": []
            }
        ],
        "producers": [
            {
                "name": "TerminatorProducer",
                "createdDate": "Mon Nov 05 2012",
                "type": "File",
                "properties": [
                    {
                        "name": "filename",
                        "value": "D:\\EP\\Projects\\Proton\\development\\input\\terminatorInput.txt"
                    },
                    {
                        "name": "pollingInterval",
                        "value": "1000"
                    },
                    {
                        "name": "sendingDelay",
                        "value": "5000"
                    },
                    {
                        "name": "formatter",
                        "value": "tag"
                    },
                    {
                        "name": "delimiter",
                        "value": ";"
                    },
                    {
                        "name": "tagDataSeparator",
                        "value": "="
                    }
                ],
                "events": []
            }
        ],
        "actions": [],
        "name": "Terminator"
    }
}