{
  "epn": {
    "events": [
      {
        "name": "E1",
        "createdDate": "Wed Oct 31 2012",
        "attributes": [
          {
            "name": "sensorTime",
            "type": "Datetime",
            "dimension": "0"
          }
        ]
      },
      {
        "name": "E2",
        "createdDate": "Wed Oct 31 2012",
        "attributes": [
          {
            "name": "machineTime",
            "type": "Datetime",
            "dimension": 0
          }
        ]
      },
      {
        "name": "E3",
        "createdDate": "Wed Oct 31 2012",
        "attributes": [
          {
            "name": "TimeDiff",
            "type": "Integer",
            "dimension": 0
          }
        ]
      }
    ],
    "epas": [
 	{
        "name": "Alldates",
        "createdDate": "Wed Oct 31 2012",
        "epaType": "All",
        "context": "always",
        "inputEvents": [
          {
            "name": "E1",
            "consumptionPolicy": "Consume",
            "instanceSelectionPolicy": "First"
          },
          {
            "name": "E2",
            "consumptionPolicy": "Consume",
            "instanceSelectionPolicy": "First"
          }
        ],
        "computedVariables": [],
        "evaluationPolicy": "Immediate",
        "cardinalityPolicy": "Single",
        "internalSegmentation": [],
        "derivedEvents": [
          {
            "name": "E3",
            "reportParticipants": false,
            "expressions": {
              "TimeDiff": "TimeDiff(E1.sensorTime,E2.machineTime)"
            }
          }
        ],
        "derivedActions": []
      }
    ],
    "contexts": {
      "temporal": [
        {
          "name": "always",
          "createdDate": "Wed Oct 31 2012",
          "type": "TemporalInterval",
          "atStartup": true,
          "neverEnding": true,
          "initiators": [],
          "terminators": []
        }
      ],
      "segmentation": [],
      "composite": []
    },
    "consumers": [
      {
        "name": "testDateConsumer",
        "description": "",
        "createdDate": "",
        "createdBy": "",
        "type": "File",
        "properties": [
          {
            "name": "filename",
            "value": "D:\\EP\\Projects\\Proton\\development\\input\\output.txt"
          },
          {
            "name": "formatter",
            "value": "tag"
          },
          {
            "name": "delimiter",
            "value": ";"
          },
          {
            "name": "tagDataSeparator",
            "value": "="
          },
          {
            "name": "SendingDelay",
            "value": "1000"
          }
        ],
        "events": [
          {
            "name": "E1"
          },
          {
            "name": "E2"
          },
          {
            "name": "E3"
          }
        ],
        "actions": []
      }
    ],
    "producers": [
      {
        "name": "testDateProducer",
        "description": "",
        "createdDate": "",
        "createdBy": "",
        "type": "File",
        "properties": [
          {
            "name": "filename",
            "value": "D:\\EP\\Projects\\Proton\\development\\input\\input.txt"
          },
          {
            "name": "pollingInterval",
            "value": "1000"
          },
          {
            "name": "sendingDelay",
            "value": "5000"
          },
          {
            "name": "formatter",
            "value": "tag"
          },
          {
            "name": "delimiter",
            "value": ";"
          },
          {
            "name": "tagDataSeparator",
            "value": "="
          }
        ],
        "events": []
      }
    ],
    "actions": [],
    "name": "TestDates"
  }
}