{"declaredClass":"metadata.CreateJSON","epn":{"events":[{"name":"E1","description":"","createdDate":"Tue Jul 02 2013","createdBy":"","attributes":[{"name":"Certainty","type":"Double","defaultValue":"1","dimension":0,"description":"The certainty that this event happen (value between 0 to 1)"},{"name":"OccurrenceTime","type":"String","dimension":0,"description":"No value means it equals the event detection time, other option is to use one of the defined distribution functions with parameters"},{"name":"ExpirationTime","type":"String","dimension":0,"description":"Only till this time the cost and certainty parameters of the event are valid, and only till this time a proactive action is considered"},{"name":"Cost","type":"Double","dimension":0,"description":"The cost of this event occurrence. Negative if this is an opportunity"},{"name":"Duration","type":"Double","defaultValue":"0","dimension":0,"description":"Used in case the this event occur within an interval"},{"name":"A1","type":"String","dimension":0},{"name":"key","type":"String","dimension":0}]},{"name":"E2","description":"","createdDate":"Tue Jul 02 2013","createdBy":"","attributes":[{"name":"Certainty","type":"Double","defaultValue":"1","dimension":0,"description":"The certainty that this event happen (value between 0 to 1)"},{"name":"OccurrenceTime","type":"String","dimension":0,"description":"No value means it equals the event detection time, other option is to use one of the defined distribution functions with parameters"},{"name":"ExpirationTime","type":"String","dimension":0,"description":"Only till this time the cost and certainty parameters of the event are valid, and only till this time a proactive action is considered"},{"name":"Cost","type":"Double","dimension":0,"description":"The cost of this event occurrence. Negative if this is an opportunity"},{"name":"Duration","type":"Double","defaultValue":"0","dimension":0,"description":"Used in case the this event occur within an interval"},{"name":"A2","type":"String","dimension":0},{"name":"key","type":"String","dimension":0}]},{"name":"OutcomeEvent","description":"","createdDate":"Tue Jul 02 2013","createdBy":"","attributes":[{"name":"Certainty","type":"Double","defaultValue":"1","dimension":0,"description":"The certainty that this event happen (value between 0 to 1)"},{"name":"OccurrenceTime","type":"String","dimension":0,"description":"No value means it equals the event detection time, other option is to use one of the defined distribution functions with parameters"},{"name":"ExpirationTime","type":"String","dimension":0,"description":"Only till this time the cost and certainty parameters of the event are valid, and only till this time a proactive action is considered"},{"name":"Cost","type":"Double","dimension":0,"description":"The cost of this event occurrence. Negative if this is an opportunity"},{"name":"Duration","type":"Double","defaultValue":"0","dimension":0,"description":"Used in case the this event occur within an interval"},{"name":"key","type":"String","dimension":0}]}],"epas":[{"name":"A1","description":"","createdDate":"Tue Jul 02 2013","createdBy":"","epaType":"Sequence","context":"Always","inputEvents":[{"name":"E1","consumptionPolicy":"Consume","instanceSelectionPolicy":"First"},{"name":"E2","consumptionPolicy":"Consume","instanceSelectionPolicy":"First"}],"computedVariables":[],"assertion":"true","evaluationPolicy":"Immediate","cardinalityPolicy":"Single","internalSegmentation":[{"name":"KeySegmentation"},{"name":"segmentationContext2"}],"derivedEvents":[{"name":"OutcomeEvent","reportParticipants":false,"expressions":{"Duration":"0","key":"E1.key"}}],"derivedActions":[]}],"contexts":{"temporal":[{"name":"Always","description":"","createdDate":"Tue Jul 02 2013","createdBy":"","type":"TemporalInterval","atStartup":true,"neverEnding":true,"initiators":[],"terminators":[]}],"segmentation":[{"name":"KeySegmentation","description":"","createdDate":"Tue Jul 02 2013","createdBy":"","participantEvents":[{"name":"E1","expression":"E1.key"},{"name":"E2","expression":"E2.key"}]},{"name":"segmentationContext2","description":"","createdDate":"Thu Jul 04 2013","createdBy":"","participantEvents":[{"name":"E1","expression":"E1.A1"},{"name":"E2","expression":"E2.A2"}]}],"composite":[]},"consumers":[],"producers":[],"actions":[],"name":"TestSegmentation"}}