{
  "epn": {
    "events": [
      {
        "name": "E1",
        "createdDate": "Tue Sep 08 2015",
        "attributes": [
          {
            "name": "Certainty",
            "type": "Double",
            "defaultValue": "1",
            "dimension": 0,
            "description": "The certainty that this event happen (value between 0 to 1)"
          },
          {
            "name": "OccurrenceTime",
            "type": "Date",
            "dimension": 0,
            "description": "No value means it equals the event detection time, other option is to use one of the defined distribution functions with parameters"
          },
          {
            "name": "ExpirationTime",
            "type": "Date",
            "dimension": 0
          },
          {
            "name": "Cost",
            "type": "Double",
            "dimension": 0,
            "description": "The cost of this event occurrence. Negative if this is an opportunity"
          },
          {
            "name": "Duration",
            "type": "Double",
            "defaultValue": "0",
            "dimension": 0,
            "description": "Used in case the this event occur within an interval"
          },
          {
            "name": "A1",
            "type": "String",
            "dimension": 0
          },
          {
            "name": "A2",
            "type": "Integer",
            "dimension": 0
          },
           {
            "name": "A3",
            "type": "Integer",
            "dimension": 0
          }
        ]
      },
      {
        "name": "E2",
        "createdDate": "Tue Sep 08 2015",
        "attributes": [
          {
            "name": "Certainty",
            "type": "Double",
            "defaultValue": "1",
            "dimension": 0,
            "description": "The certainty that this event happen (value between 0 to 1)"
          },
          {
            "name": "OccurrenceTime",
            "type": "Date",
            "dimension": 0,
            "description": "No value means it equals the event detection time, other option is to use one of the defined distribution functions with parameters"
          },
          {
            "name": "ExpirationTime",
            "type": "Date",
            "dimension": 0
          },
          {
            "name": "Cost",
            "type": "Double",
            "dimension": 0,
            "description": "The cost of this event occurrence. Negative if this is an opportunity"
          },
          {
            "name": "Duration",
            "type": "Double",
            "defaultValue": "0",
            "dimension": 0,
            "description": "Used in case the this event occur within an interval"
          },
          {
            "name": "A1",
            "type": "String",
            "dimension": 0
          },
          {
            "name": "A2",
            "type": "Integer",
            "dimension": 0
          }
        ]
      },
      {
        "name": "OutputEvent",
        "createdDate": "Tue Sep 08 2015",
        "attributes": [
          {
            "name": "Certainty",
            "type": "Double",
            "defaultValue": "1",
            "dimension": 0,
            "description": "The certainty that this event happen (value between 0 to 1)"
          },
          {
            "name": "OccurrenceTime",
            "type": "Date",
            "dimension": 0,
            "description": "No value means it equals the event detection time, other option is to use one of the defined distribution functions with parameters"
          },
          {
            "name": "ExpirationTime",
            "type": "Date",
            "dimension": 0
          },
          {
            "name": "Cost",
            "type": "Double",
            "dimension": 0,
            "description": "The cost of this event occurrence. Negative if this is an opportunity"
          },
          {
            "name": "Duration",
            "type": "Double",
            "defaultValue": "0",
            "dimension": 0,
            "description": "Used in case the this event occur within an interval"
          },
          {
            "name": "Count",
            "type": "Integer",
            "dimension": 0
          },
          {
            "name": "SegmentationValue",
            "type": "String",
            "dimension": 0
          },
          {
            "name": "Output",
            "type": "Object",
            "dimension": 1
          },
          {
            "name": "singleAttribute",
            "type": "Object",
            "dimension": 0
          },
          {
            "name": "instanceAttribute",
            "type": "Integer",
            "dimension": 0
          },
          {
            "name": "singleAttributeArray",
            "type": "Integer",
            "dimension": 1
          },
          {
            "name": "singleAttributeArrayAnother",
            "type": "Integer",
            "dimension": 1
          },
          {
            "name": "singleAttributeArrayInstance",
            "type": "Integer",
            "dimension": 0
          }
        ]
      },
       {
        "name": "AgggregationOutputEvent",
        "createdDate": "Tue Sep 08 2015",
        "attributes": [
          {
            "name": "Certainty",
            "type": "Double",
            "defaultValue": "1",
            "dimension": 0,
            "description": "The certainty that this event happen (value between 0 to 1)"
          },
          {
            "name": "OccurrenceTime",
            "type": "Date",
            "dimension": 0,
            "description": "No value means it equals the event detection time, other option is to use one of the defined distribution functions with parameters"
          },
          {
            "name": "ExpirationTime",
            "type": "Date",
            "dimension": 0
          },
          {
            "name": "Cost",
            "type": "Double",
            "dimension": 0,
            "description": "The cost of this event occurrence. Negative if this is an opportunity"
          },
          {
            "name": "Duration",
            "type": "Double",
            "defaultValue": "0",
            "dimension": 0,
            "description": "Used in case the this event occur within an interval"
          },
          {
            "name": "Count",
            "type": "Integer",
            "dimension": 0
          },
          {
            "name": "SegmentationValue",
            "type": "String",
            "dimension": 0
          },
          {
            "name": "Output",
            "type": "Object",
            "dimension": 1
          },
          {
            "name": "singleAttribute",
            "type": "Object",
            "dimension": 0
          },
          {
            "name": "instanceAttribute",
            "type": "Integer",
            "dimension": 0
          },
          {
            "name": "singleAttributeArray",
            "type": "Integer",
            "dimension": 1
          },
          {
            "name": "singleAttributeArrayInstance",
            "type": "Integer",
            "dimension": 0
          },
             {
            "name": "arrayAttribute",
            "type": "Integer",
            "dimension": 1
          }
        ]
      }
    ],
    "epas": [
      {
        "name": "TrendEPA",
        "createdDate": "Tue Sep 08 2015",
        "epaType": "Trend",
        "context": "Composite",
        "inputEvents": [
          {
            "name": "E1",
            "expression": "E1.A2",
            "consumptionPolicy": "Reuse",
            "instanceSelectionPolicy": "First"
          },
           {
            "name": "E2",
            "expression": "E2.A2",
            "consumptionPolicy": "Reuse",
            "instanceSelectionPolicy": "First"
          }
        ],
        "computedVariables": [],
        "evaluationPolicy": "Immediate",
        "cardinalityPolicy": "Unrestricted",
        "trendN": "3",
        "trendRelation": "Increase",
        "internalSegmentation": [],
        "derivedEvents": [
          {
            "name": "OutputEvent",
            "reportParticipants": false,
            "expressions": {
              "Duration": "0",
              "Count": "trend.count",
              "SegmentationValue": "context.SegmentationContext",
              "Output": "trend.participants",
              "singleAttribute": "ArrayGet(trend.participants,1)",
              "instanceAttribute": "GetAttribute(ArrayGet(trend.participants,1),\"A2\")",
              "singleAttributeArray": "ArrayAttributes(trend.participants,\"A2\")",
              "singleAttributeArrayAnother":"ArrayConvert(E2.A2)",
              "singleAttributeArrayInstance": "ArrayGet(ArrayAttributes(trend.participants,\"A2\"),0)"
            }
          }
        ]
      },
      {
        "name": "AggregationEPA",
        "createdDate": "Wed Sep 16 2015",
        "epaType": "Aggregate",
        "context": "Composite",
        "inputEvents": [
          {
            "name": "E1",
            "consumptionPolicy": "Reuse",
            "instanceSelectionPolicy": "First"
          },
           {
            "name": "E2",
            "consumptionPolicy": "Reuse",
            "instanceSelectionPolicy": "First"
          }
        ],
        "computedVariables": [
          {
            "name": "Count",
            "aggregationType": "Count",
            "E1": "1",
             "E2": "1"
          },
          {
            "name": "Sum",
            "aggregationType": "Sum",
            "E1": "E1.A2",
             "E2": "E2.A2"
          }
        ],
        "evaluationPolicy": "Immediate",
        "cardinalityPolicy": "Unrestricted",
        "internalSegmentation": [],
        "derivedEvents": [
          {
            "name": "AgggregationOutputEvent",
            "reportParticipants": false,
            "expressions": {
              "Duration": "0",
              "Count": "null",
              "SegmentationValue": "null",
              "instanceAttribute": "Count",
              "singleAttributeArray": "Sum",
              "singleAttributeArrayInstance":"ArrayGet(E1.A2,0)",
               "arrayAttribute":"ArrayAppend(ArrayConvert(E1.A2),ArrayConvert(E1.A3))"
            }
          }
        ]
      }
    ],
    "contexts": {
      "temporal": [
        {
          "name": "C1",
          "createdDate": "Tue Sep 08 2015",
          "type": "TemporalInterval",
          "atStartup": false,
          "neverEnding": true,
          "initiators": [
            {
              "initiatorType": "Event",
              "initiatorPolicy": "Ignore",
              "name": "E1"
            }
          ],
          "terminators": []
        }
      ],
      "segmentation": [
        {
          "name": "SegmentationContext",
          "createdDate": "Tue Sep 08 2015",
          "participantEvents": [
            {
              "name": "E1",
              "expression": "E1.A1"
            },
             {
              "name": "E2",
              "expression": "E2.A1"
            }
          ]
        }
      ],
      "composite": [
        {
          "name": "Composite",
          "createdDate": "Tue Sep 08 2015",
          "temporalContexts": [
            {
              "name": "C1"
            }
          ],
          "segmentationContexts": [
            {
              "name": "SegmentationContext"
            }
          ]
        }
      ]
    },
    "consumers": [
      {
        "name": "Consumer",
        "createdDate": "Tue Sep 23 2014",
        "type": "File",
        "properties": [
          {
            "name": "filename",
            "value": "D:\\GitHub\\Proton\\IBM Proactive Technology Online\\ProtonJ2SE\\sample\\TrendTestOutput.txt"
          },
          {
            "name": "formatter",
            "value": "tag"
          },
          {
            "name": "delimiter",
            "value": ";"
          },
          {
            "name": "tagDataSeparator",
            "value": "="
          },
          {
            "name": "SendingDelay",
            "value": "1000"
          },
          {
            "name": "dateFormat",
            "value": "dd/MM/yyyy-HH:mm:ss"
          }
        ],
        "events": [
          {
            "name": "E1"
          },
           {
            "name": "E2"
          },
          {
            "name": "OutputEvent"
          },
          {
            "name": "AgggregationOutputEvent"
          }
        ]
      }
    ],
    "producers": [
      {
        "name": "Producer",
        "createdDate": "Tue Sep 23 2014",
        "type": "File",
        "properties": [
          {
            "name": "filename",
            "value": "D:\\GitHub\\Proton\\IBM Proactive Technology Online\\ProtonJ2SE\\sample\\TrendTestInput.txt"
          },
          {
            "name": "pollingInterval",
            "value": "2000"
          },
          {
            "name": "sendingDelay",
            "value": "5000"
          },
          {
            "name": "formatter",
            "value": "tag"
          },
          {
            "name": "delimiter",
            "value": ";"
          },
          {
            "name": "tagDataSeparator",
            "value": "="
          },
          {
            "name": "dateFormat",
            "value": "dd/MM/yyyy-HH:mm:ss"
          }
        ],
        "events": []
      }
    ],
    "name": "TrendTest"
  }
}