2224699200000,9d47b44380024e82aedcf359f8be8dfb,0,10,8de8552de9b94c1da2f798fcefe1ac16,204007,49,19,69,26,49,7022,2342769205,111,439,4,407,9000,69,16,1,16,,,22,13,0
2224699210000,129c8dj686912e82aedcf359f8be8dfb,0,10,37f8552de9bdfgtj2f798fcefe1ac163,204008,49,19,69,26,49,7022,2342769205,111,439,4,407,9000,69,16,1,16,,,22,13,0
2224699215000,4567b44380024e82aedc4559f8be34fb,0,28,3457hf2de9bdfc1da2f798dfdhe1ac21,204007,49,19,69,26,49,7022,2342769205,111,439,4,407,9000,69,16,1,16,,,22,13,0
2224699211117,HLjYv5imt42mgZwjp5bx7Iu1FTbTrogx,0,748,9DfclpeUav2YHD0wk2IpxFBJge07InvD,204007,358,19,69,26,49,7022,2342769205,111,439,4,407,9000,69,16,1,16,,,22,13,0
2224699229604,755efd3a1d9049158cb4340d9ca97bb7,0,11,926653643724413fbc28b896f799985d,203912,420,15,22,42,994,7022,2342769205,111,35,4,407,9000,69,16,1,1,,,22,13,0
2224699236228,wIaU5V59WDSOa9gdyAoploo5wMdRqEQu,0,943,fhoYYaBBOAaERfKSUFGiVGNaccDshUZo,203912,358,15,22,42,994,7022,2342769205,111,35,4,407,9000,69,16,1,1,,,22,13,0
2224699244958,3b40ba0373104b0aa23cff806c73019c,0,12,769d6ca11cee45a49e45a5c896ecefc7,204008,32,8,23,4,32,7022,2342769205,111,313,4,407,9000,69,16,1,1,,,22,13,0
2224699249386,5QtJCo1xXlLBoJaCjA7m9gIhhTnpb6Da,0,920,G9qZsfOkVXYYO513a4iCAyOmR0xKWCgx,204008,358,8,23,4,49,7022,2342769205,111,313,4,407,9000,69,16,1,1,,,22,13,0
2224699263644,8727070543664142bc7d2ba980dc1f19,0,75,37f8552de9bdfgtj2f798fcefe1ac163,204008,357,15,42,45,49,7022,2342769205,111,336,4,407,9000,69,16,1,16,,,22,13,0
2224699263780,1234070543664142bc7d2berd0dc1124,0,11,3457hf2de9bdfc1da2f798dfdhe1ac21,204007,357,15,42,45,49,7022,2342769205,111,336,4,407,9000,69,16,1,16,,,22,13,0
2224699275146,C6IiPPCEzlO6GxcC0kxIjyfMQ6eCMeKl,0,148,OsJjB6gSRZobUQXqD31gmhjayI9FEH5x,204007,358,15,42,45,49,7022,2342769205,111,336,4,407,9000,69,16,1,16,,,22,13,0
2224699284555,4017b70b1d0f4b36a77078ed4c620ed9,0,12,926653643724413fbc28b896f799985d,203811,420,29,49,49,49,7022,2342769205,111,269,4,407,9000,69,16,1,1,,,22,13,0
2224699308180,Q1KixvXW3QCozu8oTbCdpaAQQVnQxd1q,0,274,WsOmaM6lUacaQxSA9sjf9Kou2iaOoHa9,203811,358,29,49,49,49,7022,2342769205,111,269,4,407,9000,69,16,1,1,,,22,13,0
2224699320838,51l2RCBr6DooQCd3DlzSOnfpy7a4DkOD,0,285,nR7Yyr8Ywg2FCxBJhaX7vkmBFJDPGfZZ,203811,358,29,49,49,49,7022,2342769205,111,269,4,407,9000,69,16,1,1,,,22,13,0
2224699326918,3Rrtk0gfWnupNndg0W40c70QLL5GifcP,0,913,8aaevSxIMf1KQTwMDonBUGo5UPm2jrVs,203811,358,29,49,49,49,7022,2342769205,111,269,4,407,9000,69,16,1,1,,,22,13,0
2224699329042,QdZl9Zf8lrqjkiHcLckJE6BmJBZ4oFCs,0,512,ZsY4OLGbgmGladH0o8ZfQDCpp5i0MAWV,203811,358,29,49,49,49,7022,2342769205,111,269,4,407,9000,69,16,1,1,,,22,13,0
2224699330428,ua2lCpNTjCJhNJL8izYeWy7bybxVWC0z,0,881,Qg2CPYSSkdMN4YXabJnM259sbcK6fite,203811,358,29,49,49,49,7022,2342769205,111,269,4,407,9000,69,16,1,1,,,22,13,0
2224699340620,4e3ecdfc162844f98fca705c19446a72,0,13,8de8552de9b94c1da2f798fcefe1ac16,204007,49,22,0,4,420,7022,2342769205,111,264,4,407,9000,69,16,1,1,,,22,13,0
2224699343456,werwerge162844erwfer245sdwer2b45,0,13,erw23f6t3hfsw236n2f7984532bmyu67,204007,49,22,0,4,420,7022,2342769205,111,264,4,407,9000,69,16,1,1,,,22,13,0
2224699350670,56j8cdfc16284657gfca756c194460hg,0,13,45h89f2de9b94c1da2f798fce345607h,204007,49,22,0,4,420,7022,2342769205,111,264,4,407,9000,69,16,1,1,,,22,13,0
2224699362202,b1dedbeb44ad431f995076153c7bdcc8,0,130,37f8552de9bdfgtj2f798fcefe1ac163,204008,49,24,4,14,49,7022,2342769205,111,438,4,407,9000,69,16,1,16,,,22,13,0
2224699367549,345ghbeb44adv6jo995076153c734ghj,0,25,3457hf2de9bdfc1da2f798dfdhe1ac21,204007,49,24,4,14,49,7022,2342769205,111,438,4,407,9000,69,16,1,16,,,22,13,0
2224699373344,6ee5e5a66eac49faab85f26f5be6f9c2,0,14,926653643724413fbc28b896f799985d,203909,358,29,2,10,49,940,1062824687,111,495,7,328,9010,69,3,1,1,,,22,13,0
2224699387825,ZFDVDO4erIbxZWb6LSFexUrIFlRVlWyr,0,699,3NCXWTs7igB81EfMDJS9rX20ciZhcYsR,203909,358,29,2,10,49,940,1062824687,111,495,7,328,9010,69,3,1,1,,,22,13,0
2224699396786,At2KZAehZauJVZQJ17wTXVCe4sER9Vju,0,1425,ptUy76AftJYu97PBwbsijj0u3jPXlhH3,203909,358,29,2,10,49,940,1062824687,111,495,7,328,9010,69,3,1,1,,,22,13,0
2224699397107,EUrMLyZc2BlDq8ENUaTEJypabs7Kx40d,0,111,hBX0tKgixbUo1JjY34CH4Ck6ZGGogv89,203909,358,29,2,10,49,940,1062824687,111,495,7,328,9010,69,3,1,1,,,22,13,0
2224699398695,nQEAcjG309fDkC9uVhkS2AtLTEAPE1ao,0,708,ZX2Be4vUULRe0kZwDPMxaXTkdlfwfzBC,203909,358,29,2,10,49,940,1062824687,111,495,7,328,9010,69,3,1,1,,,22,13,0
2224699398727,20e1516305f44620aec3965b5f1de5a6,0,15,769d6ca11cee45a49e45a5c896ecefc7,203809,32,23,17,6,357,3965,2342769205,111,197,7,983,510,68,3,74,1,,,22,13,0
2224699398827,ertert630erh43453ec396er345ge453,0,15,rwet34g3rgfe4534gd45a5c83453wgw2,203809,32,23,17,6,357,3965,2342769205,111,197,7,983,510,68,3,74,1,,,22,13,0
2224699399000,dger516305f44620aec393435f1de345,0,15,560d6ca11dfgbda49e45a5cfghece45h,203809,32,23,17,6,357,3965,2342769205,111,197,7,983,510,68,3,74,1,,,22,13,0
2224699420061,Q1BjZm6A6ocHj8Pt9wr2lhzrchPVRvFD,0,1365,CBhDPqXKdfENxf29MtiWGPmjpkAXE8DG,203809,358,23,17,6,49,3965,2342769205,111,197,7,983,510,68,3,74,1,,,22,13,0
2224699425778,De94dNiiviskvNAWxW06Afv3BxUwVemw,0,1048,EqKeoxHSvKCADMOfwyygoc8AAU9DoFld,203809,358,23,17,6,49,3965,2342769205,111,197,7,983,510,68,3,74,1,,,22,13,0
2224699428495,1JNIl5kBxnOjZkrTNabTvN5yGWtbivei,0,39,tTArxG2nri1a27wsTFYvSQSw2D0uDcrQ,203809,358,23,17,6,49,3965,2342769205,111,197,7,983,510,68,3,74,1,,,22,13,0
2224699442734,0CgwcVpR8KnuO4QYm1kDr5Oz70rWtka5,0,1144,GaJ0Sg1fOJ3L0KQNrwToncDrQ3Lpqir3,203809,358,23,17,6,49,3965,2342769205,111,197,7,983,510,68,3,74,1,,,22,13,0
2224699448361,Wj7niaIecgZeBJ2fQfIMqT0RsrFWIyT3,0,986,KUFpWtFD5mP9wxCvzRAauZ57ubA1zw5f,203809,358,23,17,6,49,3965,2342769205,111,197,7,983,510,68,3,74,1,,,22,13,0
2224699453948,108e0c94e44b48eeb764aaec181048d4,0,200,37f8552de9bdfgtj2f798fcefe1ac163,204008,358,17,48,47,49,940,1062824687,111,396,7,328,510,68,16,74,16,,,22,13,0
2224699457607,F0rvRSX4MEI2SjY3tf0VX6LhuXOBwrfO,0,368,uMXr1QaEesyQKQWUTbnN2ZetJqwxNPW8,204007,358,17,48,47,49,940,1062824687,111,396,7,328,510,68,16,74,16,,,22,13,0
2224699471315,LriLIgQPqOayp7JMyJcqWqwRJaYvxBiw,0,1011,knxS2B62fMeJLevuDRSnma76c1VJQTiz,204007,358,17,48,47,49,940,1062824687,111,396,7,328,510,68,16,74,16,,,22,13,0
2224699472231,jXACaHL7x58s6a9wQNoLkn8Hd5Us8AqH,0,1301,3zvhwQu3577j7Iyir5RMjvg4CCtqIVO5,204007,358,17,48,47,49,940,1062824687,111,396,7,328,510,68,16,74,16,,,22,13,0
2224699472475,111e0c94e44b48ee4564aaec231048d4,0,500,37f8552de9bdfgtj2f798fcefe1ac163,204008,358,17,48,47,49,940,1062824687,111,396,7,328,510,68,16,74,16,,,22,13,0
2224699473948,5670li94e44b48ee4g6jaaec18456g57,0,19,3457hf2de9bdfc1da2f798dfdhe1ac21,204007,358,17,48,47,49,940,1062824687,111,396,7,328,510,68,16,74,16,,,22,13,0
2224699475022,11XO3MQ6w4YhMXcc7SV3RZ7JGbKjFEi7,0,1475,910TlYGdLxXBsmv3xf6B2o7NtFPNzmZL,204007,358,17,48,47,49,940,1062824687,111,396,7,328,510,68,16,74,16,,,22,13,0
2224699475820,WNKEqH8IhbYaVCsfTTgtZg8PRFP7VVUF,0,394,EXtFNr1capS52maZg93TSTpPX3EwUuWx,204007,358,17,48,47,49,940,1062824687,111,396,7,328,510,68,16,74,16,,,22,13,0
2224699484682,qwY0IIgaTtKcN8qVHTJUTye5S2fJMGkE,0,239,QduTYKupYX4CL8d9sifEoHrVvbr5oMF7,204007,358,17,48,47,49,940,1062824687,111,396,7,328,510,68,16,74,16,,,22,13,0
2224699484755,c5KfMSz2C6NqYnFp9EngcjdkkKLU0O5R,0,1082,jp2hmqmVCmiTUTzBojhcZvBctCtSH6YD,204007,358,17,48,47,49,940,1062824687,111,396,7,328,510,68,16,74,16,,,22,13,0
2224699485480,c8a8a0c3e8d342b892c0843fa89f27d2,0,17,926653643724413fbc28b896f799985d,203809,358,13,75,35,49,940,2342769205,111,499,4,826,510,68,3,74,1,,,22,13,0
2224699504866,180a0032961b4b55b6351eb63751c30a,0,18,560d6ca11dfgbda49e45a5cfghece45h,203912,32,14,8,38,358,9062,2342769205,111,269,7,407,510,68,3,74,1,,,22,13,0
2224699512476,dfwerg329erb4b55werg1eb6375ertgy,0,18,ertgeryg1dfgbda49e45erfs3ertge4g,203912,32,14,8,38,358,9062,2342769205,111,269,7,407,510,68,3,74,1,,,22,13,0
2224699525822,5650da9258a243bba309fbaf417441cd,0,19,45h89f2de9b94c1da2f798fce345607h,204002,357,21,76,47,43,940,4128040931,111,317,7,328,510,68,3,74,1,,,22,13,0
2224699537350,er34545h58a243bba309fbaf41767457,0,19,7890973de459848da2f798fce0935739,204002,357,21,76,47,43,940,4128040931,111,317,7,328,510,68,3,74,1,,,22,13,0
2224699547181,ROBUuDvjjxepaZVhObzNfVzzmchBom9U,0,1285,ta7UrEwJDPx8p9Jl4oyIjst1uicINCAi,204002,358,21,76,47,49,940,4128040931,111,317,7,328,510,68,3,74,1,,,22,13,0
2224699564472,49753c3f7f714bb4bfb70492b9e96bb1,0,20,926653643724413fbc28b896f799985d,204007,358,9,30,30,49,3537,2342769205,111,168,7,407,100,68,16,66,1,,,22,13,0
2224699567286,B7bwwdChLszTee9LcsBktYWzzqdeKaXR,0,934,mrVGRXCeXSDjDgDoq6mH8rcuARb8v60L,204007,358,9,30,30,49,3537,2342769205,111,168,7,407,100,68,16,66,1,,,22,13,0
2224699573648,99063f9af89542d89b0371e4e722922a,0,21,ertgeryg1dfgbda49e45erfs3ertge4g,203809,32,21,23,8,45,3744,2342769205,111,119,4,407,9000,69,16,1,1,,,22,13,0
2224699575678,wer63f9af895wrsdfw0371e44tg456j7,0,21,s345gd56j8fgrthrte45erfs3e56dfg5,203809,32,21,23,8,45,3744,2342769205,111,119,4,407,9000,69,16,1,1,,,22,13,0
2224699584436,vgaaLMnNlm2AYI1ljcbFOvZ8IGW8PTRC,0,68,CZ7qO2lLorR7n0nBri1dxeXAqxkWU9Ow,203809,358,21,23,8,49,3744,2342769205,111,119,4,407,9000,69,16,1,1,,,22,13,0
2224699585428,3456474hge3344eertge3aec1345ge34,0,19,3457hf2de9bdfc1da2f798dfdhe1ac21,204007,358,17,48,47,49,940,1062824687,111,396,7,328,510,68,16,74,16,,,22,13,0
2224699588364,6f685313dbda4cb39a74bed7553ec45a,0,22,7890973de459848da2f798fce0935739,203912,358,23,13,9,45,940,2531194909,111,258,7,328,510,68,3,74,1,,,22,13,0
2224699591547,erwetg43dbda4cb39a74bed7435346g4,0,22,456u67869e4tdfgda2f798fc6789hj33,203912,358,23,13,9,45,940,2531194909,111,258,7,328,510,68,3,74,1,,,22,13,0
2224699599730,TFtwz4mfB8vzwjEv15jDhytGpJsHQjLp,0,1328,4znYy7IsWH3BvUDL79a8yssk47SkviPY,203912,358,23,13,9,994,940,2531194909,111,258,7,328,510,68,3,74,1,,,22,13,0
2224699608062,T68lVcaEyxcVyOE8jGazcplKh9bsTMr6,0,1367,p03rPgSFvxbu56pcHGKuWK0bwUcEj00M,203912,358,23,13,9,994,940,2531194909,111,258,7,328,510,68,3,74,1,,,22,13,0
2224699613540,596b91bf99804a83ad454c7743e03ec1,0,23,926653643724413fbc28b896f799985d,203810,358,15,23,41,49,7022,2342769205,111,439,4,407,9000,69,16,1,1,,,22,13,0
2224699616697,7gRO0QMCrT3cY0fhiVMg6bOLzluyPCnS,0,299,T0GKKDb9gLLlaLIzzcM1zXy2SrYlOt72,203810,358,15,23,41,49,7022,2342769205,111,439,4,407,9000,69,16,1,1,,,22,13,0
2224699629446,lKlIJqEFCENXyqR9Kz4byLkOQJZgKmjp,0,546,6nxdzqsOP61ySnkLnl22Ni9XTHa9tKRN,203810,358,15,23,41,49,7022,2342769205,111,439,4,407,9000,69,16,1,1,,,22,13,0
2224699631190,DfbKcU0IVdWIF1fz3dwsiOc5atXwT6R9,0,565,CxR3mCW4RUJD8mKBhj9LMZ0YPvB2TXPF,203810,358,15,23,41,49,7022,2342769205,111,439,4,407,9000,69,16,1,1,,,22,13,0
2224699638504,56D4IooUiHx0i4uYeTnJw2rnTFBJ0MRF,0,311,ToUrsLM9mepEeG2J8SP9QuJ1goDODeXG,203810,358,15,23,41,49,7022,2342769205,111,439,4,407,9000,69,16,1,1,,,22,13,0
2224699638532,dRovCR6OfuvjCM46PDoobVijQl52emoE,0,869,V0FjexgEeoebahCHyFbxilRsJ8gZdlxJ,203810,358,15,23,41,49,7022,2342769205,111,439,4,407,9000,69,16,1,1,,,22,13,0
2224699638693,gqJexMZfT8gKeraxOHnKg9aHNaEFAQYS,0,827,VlGRcqU8jhphDVeyY4p11lSwsnxeqYoP,203810,358,15,23,41,49,7022,2342769205,111,439,4,407,9000,69,16,1,1,,,22,13,0
2224699639592,zewmYNsO1bhnWfcx1MeAirxntzk2Dxx4,0,1453,fTrdTcZotkB3aHWTx4r6xg6iHJHwuhvt,203810,358,15,23,41,49,7022,2342769205,111,439,4,407,9000,69,16,1,1,,,22,13,0
2224699645040,005e8dd4b2054f83936851655e784db7,0,24,s345gd56j8fgrthrte45erfs3e56dfg5,203906,358,13,48,45,49,7022,2342769205,111,346,4,407,9000,69,16,1,1,,,22,13,0
2224699647732,Du2NWUpgvlG8wc3RAUzZJj1VjhSw7Iw5,0,926,Eog9pJKnLxxf6lXUr5QPEsnFWByIjRJK,203906,358,13,48,45,49,7022,2342769205,111,346,4,407,9000,69,16,1,1,,,22,13,0
2224699657627,wIk8rwHDAAMtC2qYhDUGBlZxMHyRB9A4,0,673,I4a0M0OOkNJz5kceZumfgdvSEWLPGRSs,203906,358,13,48,45,49,7022,2342769205,111,346,4,407,9000,69,16,1,1,,,22,13,0
2224699658349,LYohzVzo6bwvDVTC7Cot3gxlE1PbzQbO,0,849,iAAwWCTRnDktb5Ua2lC86yKFbQ2p874r,203906,358,13,48,45,49,7022,2342769205,111,346,4,407,9000,69,16,1,1,,,22,13,0
2224699671664,4871def5fb57401097edbc3d21800d8c,0,25,456u67869e4tdfgda2f798fc6789hj33,204010,358,18,24,54,49,7022,2342769205,111,404,4,407,9000,69,16,1,1,,,22,13,0
2224699684370,f71f9a5acc3748ba9d1f5cdb0291aab6,0,26,926653643724413fbc28b896f799985d,203905,358,14,4,8,49,940,1062824687,111,249,7,328,9010,69,3,1,1,,,22,13,0
2224699692680,VvBUlZUBBW5DrmUvaWRBAe19qNITlr3k,0,117,Cr7u0ZnCbpQwEsjWbg5xUXZbnBS2BcgB,203905,358,14,4,8,49,940,1062824687,111,249,7,328,9010,69,3,1,1,,,22,13,0
2224699692762,rVMgI9lEMVMy8bdrL5XfibBEuNTKr9ek,0,352,TW3IjRdzTMyWpIDcIRVsndEV2cwbwJGQ,203905,358,14,4,8,49,940,1062824687,111,249,7,328,9010,69,3,1,1,,,22,13,0
2224699693245,J5izwxh7xYNPYOLqvEWz0DftKG1st1rf,0,741,CRuWdxzwTPg0PnXgkiH6lbo6cNEQP1Pp,203905,358,14,4,8,49,940,1062824687,111,249,7,328,9010,69,3,1,1,,,22,13,0
2224699694887,Psb7qK9vwPt0EzDHpPbOZIdkwNgxVQY8,0,169,T4NgWuCpvepbo4oAf0qb00fxOl6GTyP2,203905,358,14,4,8,49,940,1062824687,111,249,7,328,9010,69,3,1,1,,,22,13,0
2224699709212,zpVLQ3OUxPyIYs013Kh40YBSR4Xb4krv,0,1450,aoh1mLjFO1pgtKvoAI43xHeb5CDMw37X,203905,358,14,4,8,49,940,1062824687,111,249,7,328,9010,69,3,1,1,,,22,13,0
2224699712897,bqbEGBQczbzfqKWMexERzNNRu9kjfKDh,0,315,uiucHn6uXaIucLbfGJbmRLvGPI4DryFW,203905,358,14,4,8,49,940,1062824687,111,249,7,328,9010,69,3,1,1,,,22,13,0
2224699717847,LBUxxdwVNKNdAlPOGTj9r7FdcklR6ZCG,0,53,Lj6Y1fJoEU6jneSwJRz5rHFP0kTHHPdR,203905,358,14,4,8,49,940,1062824687,111,249,7,328,9010,69,3,1,1,,,22,13,0
2224699722409,5dc8d7d1aa6041bfb7df2718cedc3a12,0,27,5dc8d7d1aa6041bfb7df2718cedc3a12,203911,358,12,38,47,49,940,20089145,111,343,7,328,510,68,3,74,1,,,22,13,0
2224699741262,XTDZNMMC3igbHSp6qf4lIrEunPtaHpIJ,0,860,WyI0qeckXTvc3e3gtjPCw5kwHJnlMKAd,203911,358,12,38,47,49,940,20089145,111,343,7,328,510,68,3,74,1,,,22,13,0
2224699762749,aa3dfdb16d2348b7b9a1bb1766648d90,0,28,erw23f6t3hfsw236n2f7984532bmyu67,204009,358,15,68,59,49,940,20089145,111,291,7,407,9010,69,3,1,1,,,22,13,0
2224699786072,c7778844d0b840e082502fc0d99d8ba2,0,29,926653643724413fbc28b896f799985d,203712,358,21,2,42,49,940,2531194909,111,100,7,407,110,12,3,31,1,,,22,13,0
2224699793791,bc6bcfb71c654b89bf5850403249577e,0,30,5dc8d7d1aa6041bfb7df2718cedc3a12,203909,358,23,6,41,49,940,3707276281,111,183,7,328,510,68,3,74,1,,,22,13,0
2224699818990,iRWZ4o58UyXv2dANFKfmNtmOhZbpLc8q,0,1401,v0MS5917i0omoWrMUIyJPWa25YDAnfXD,203909,358,23,6,41,49,940,3707276281,111,183,7,328,510,68,3,74,1,,,22,13,0
2224699831314,bc9ee6798498489bac04db29f2d7a7d9,0,29,erw23f6t3hfsw236n2f7984532bmyu67,203909,358,7,56,1,49,940,1062824687,111,17,7,328,510,68,3,74,1,,,22,13,0
2224699855277,e5ab9cf3970e43978a367d6cc7aa99e0,0,30,926653643724413fbc28b896f799985d,204008,358,9,23,46,49,940,2531194909,111,189,7,328,510,68,3,74,1,,,22,13,0
2224699865252,mVF3hqu2m8Dc08oPBNS8Eq852TFk1G6a,0,774,tystGAVsgzn7Hgj5jw36JRHZWlFMbor5,204008,358,9,23,46,49,940,2531194909,111,189,7,328,510,68,3,74,1,,,22,13,0
2224699868147,I5sothJjXzqc26kZKcVkPQ5Z62M6MDmM,0,743,8fFKSrF8l9APEOcaYXQQxXtyTnV1SXsb,204008,358,9,23,46,49,940,2531194909,111,189,7,328,510,68,3,74,1,,,22,13,0
2224699883702,86be9027e08844e59832c5b1a4baca28,0,31,5dc8d7d1aa6041bfb7df2718cedc3a12,203907,358,27,35,0,49,940,4128040931,111,214,7,328,510,68,3,74,1,,,22,13,0
2224699903737,mXBhjoFRpSzBgcYHTkZ6BFZYftaOmRXz,0,395,UfDTScCyDbuLCY6l60AKqmtIFC0I8ZJG,203907,358,27,35,0,49,940,4128040931,111,214,7,328,510,68,3,74,1,,,22,13,0
2224699904895,RiiUQmbYLAhNAWwbK0Bhj77khQ9XDAdO,0,302,im9TkXdB7BaKB5VaQk3sRUXzKbKHNuN6,203907,358,27,35,0,49,940,4128040931,111,214,7,328,510,68,3,74,1,,,22,13,0
2224699908473,b7fdacd94fba47b38e2d680347a35098,0,30,erw23f6t3hfsw236n2f7984532bmyu67,203909,358,5,63,10,49,7022,2342769205,111,36,4,407,9000,69,16,1,1,,,22,13,0
2224699932639,4554bb5f056e4941b2f5249a7ca1f189,0,31,926653643724413fbc28b896f799985d,203902,358,25,62,49,49,7022,2342769205,111,138,4,407,9000,69,16,1,1,,,22,13,0
2224699951980,927e769c3dd54a9ab009ab971731bb7d,0,32,5dc8d7d1aa6041bfb7df2718cedc3a12,204003,358,7,70,0,49,940,2342769205,111,210,7,407,510,68,3,36,1,,,22,13,0
2224699956445,MZ8EuC6zAg1lVdrIXip5pTAm1iqOCr4q,0,1476,rpRfpehX4BwzLFAHB5Y4wmNJFW7ApXOH,204003,358,7,70,0,49,940,2342769205,111,210,7,407,510,68,3,36,1,,,22,13,0
2224699960426,RKf7Z8BxC186q5F3Gf9HKe2C9YYUab47,0,617,4jCnRCcGDTIVzRkykIhcfTKssV8Oxu4x,204003,358,7,70,0,49,940,2342769205,111,210,7,407,510,68,3,36,1,,,22,13,0
2224699960480,dl0osQe4b0KgFrurdsmpNQZQ4H7m9lBt,0,405,zEhc6mdlNtuGAbc2cEiPiAFAipd6TAam,204003,358,7,70,0,49,940,2342769205,111,210,7,407,510,68,3,36,1,,,22,13,0
2224699960811,3afb60e53ba84327a6f421f753431e76,0,31,erw23f6t3hfsw236n2f7984532bmyu67,203907,358,10,23,17,49,940,2531194909,111,346,7,328,510,68,3,74,1,,,22,13,0
2224699972987,QSVktDs1yuV8BiULxIaAFCmBDfHIqUGo,0,1105,KpR8INnw28G3sT2tzMaYifq4JfrL4597,203907,358,10,23,17,49,940,2531194909,111,346,7,328,510,68,3,74,1,,,22,13,0
2224699973391,Dfsc9QBjz4GK3rQMtZUlqKdN0eKXVMVu,0,438,nXwTZ9dBnxMJJjVLjr5DiuBVDlVyoiXA,203907,358,10,23,17,49,940,2531194909,111,346,7,328,510,68,3,74,1,,,22,13,0
2224699973891,i1XtaAZeQfu6tpYEh0cuiquDPDON0bZ8,0,925,agomSU72SHqDjSgHdDx8vtY5Ozuw3f73,203907,358,10,23,17,49,940,2531194909,111,346,7,328,510,68,3,74,1,,,22,13,0
2224699990997,ga5OAuUyz6Fzju32JEchHeOOFQCcwAjy,0,253,Gm0Dqm7I0K4Zu6hHKcw0269UequlPl20,203907,358,10,23,17,49,940,2531194909,111,346,7,328,510,68,3,74,1,,,22,13,0
2224699998696,5dcfdb0de64b48719d60afd27a4e5cc7,0,32,926653643724413fbc28b896f799985d,203810,358,13,20,52,49,3965,2342769205,111,237,7,407,510,68,3,74,1,,,22,13,0
2224700003823,AbdW1f7epOcDFAo72v5NRPAsQFrK47Fz,0,937,whCq1RXR22O9efCBftFJJrBXzPGdy90X,203810,358,13,20,52,49,3965,2342769205,111,237,7,407,510,68,3,74,1,,,22,13,0
2224700017650,ad644775416b4102af8cd19bbcae303f,0,33,5dc8d7d1aa6041bfb7df2718cedc3a12,203912,358,18,14,42,49,940,2531194909,111,89,7,328,510,68,3,74,1,,,22,13,0
2224700039359,4aebf4460d11416f9bc4ff4e08e6e86f,0,32,erw23f6t3hfsw236n2f7984532bmyu67,203809,358,27,38,22,49,7022,2342769205,111,495,4,407,9000,69,16,1,1,,,22,13,0
2224700056633,m0kKzYOQPPPROxffyPrsNbWOXNH6GgBl,0,1159,mqL2CNANbqi42r1Cu5QQMYJKFOQZb13Z,203809,358,27,38,22,49,7022,2342769205,111,495,4,407,9000,69,16,1,1,,,22,13,0
2224700056969,aoDTxPHbwKo1wx6w3PbGtRdmmmaayXRJ,0,172,2p7ZFxAIumYXzvKQRgFNRG95GwOBGBSW,203809,358,27,38,22,49,7022,2342769205,111,495,4,407,9000,69,16,1,1,,,22,13,0
2224700067850,UZCp85hZ2MUjuP2FNxSompDdvm11fj2U,0,959,hCiLfThVx7AGStwB8fpxhS244Dq15jxh,203809,358,27,38,22,49,7022,2342769205,111,495,4,407,9000,69,16,1,1,,,22,13,0
2224700077606,d9LC6hIcdWaQ4DRGQVUKC7QRrlFgFj3A,0,1408,sJT9Sqi8fNXsiuPgrXzZHtmcMAgp9GZN,203809,358,27,38,22,49,7022,2342769205,111,495,4,407,9000,69,16,1,1,,,22,13,0
2224700079288,OSpYx5nIgLTR7Pbq8xVCV1La7BpomhzN,0,538,cW8ThxTgm6gT0RUfkqrrvqboIsWNi1GJ,203809,358,27,38,22,49,7022,2342769205,111,495,4,407,9000,69,16,1,1,,,22,13,0
2224700081202,kZ6neFrvDzFq6VZLUrtJF4tAXFwih7QA,0,430,dSwDdCsl6yvgBRjhlQIRWEjC1rcSYoY1,203809,358,27,38,22,49,7022,2342769205,111,495,4,407,9000,69,16,1,1,,,22,13,0
2224700085255,YSQ40COQUNuRH4F5NHd9f4u3xLO8d8Cf,0,1299,2lVOpGRKC8ysGv4hlsIKhgGsH7Fmz3dI,203809,358,27,38,22,49,7022,2342769205,111,495,4,407,9000,69,16,1,1,,,22,13,0
2224700090845,F4qtgMQ7aNdTNWSfCHDKkvBLjdLDnx6P,0,1063,snnApQukBjWfIt4yftgSjYXa5QNfADbx,203809,358,27,38,22,49,7022,2342769205,111,495,4,407,9000,69,16,1,1,,,22,13,0
2224700092884,3d86e8fe15234c14a0886d9f5db20538,0,33,926653643724413fbc28b896f799985d,203809,358,10,73,28,49,940,2342769205,111,385,4,826,510,68,3,74,1,,,22,13,0
2224700103461,JDdbOdZ9Q2WkIbHaQ5ktyGJs4kKVuOqS,0,328,p7GOoO9xkjRcAxLLgA4LSmA2CZgI8yJR,203809,358,10,73,28,49,940,2342769205,111,385,4,826,510,68,3,74,1,,,22,13,0
2224700105640,H3gEcPqMr9neDuhoW9r6KL27et037RVI,0,442,uPeWIJ9rExWr2hWj7soI24tLMIPaRL2O,203809,358,10,73,28,49,940,2342769205,111,385,4,826,510,68,3,74,1,,,22,13,0
2224700107264,2m04ziBoEtjz5OmSR5TqOMqaKTz9Bc1S,0,814,IeVKWwp8a5VvUCn4EzEpkozDe70O2GzF,203809,358,10,73,28,49,940,2342769205,111,385,4,826,510,68,3,74,1,,,22,13,0
2224700107865,613c0f3a17e94257b1e9ba1cb14973b0,0,34,5dc8d7d1aa6041bfb7df2718cedc3a12,203801,358,12,34,53,49,940,2342769205,111,335,7,407,510,68,3,36,1,,,22,13,0
2224700113380,lTGWJD2NV5ez9CtkIL0YkaEfzPs4Xbly,0,1101,R6k6kO3RK4hWoD1G6BqZGTVc1lWucMxw,203801,358,12,34,53,49,940,2342769205,111,335,7,407,510,68,3,36,1,,,22,13,0
2224700127185,HRM6oD7zhkHEH5A3jKRJaJwzqvFAK3uw,0,113,bIEc9STrxABviUE43dmrTxtnplb7pAYo,203801,358,12,34,53,49,940,2342769205,111,335,7,407,510,68,3,36,1,,,22,13,0
2224700130632,Vz8q4ZQiGsl3ShBBZCljGWcu8pozVTcj,0,1334,hjEDe6khGx1oAngVB7rysC0PwWEAQko5,203801,358,12,34,53,49,940,2342769205,111,335,7,407,510,68,3,36,1,,,22,13,0
2224700131952,YrDXUUZuvumGrtsI30x62K2y8R8f4Odk,0,476,Nawvpf1gqL8ie4hOcVwssjpaj3Tq8YmX,203801,358,12,34,53,49,940,2342769205,111,335,7,407,510,68,3,36,1,,,22,13,0
2224700132173,8fe21d7fd75e4ffbb4b4161fcdb98de1,0,33,erw23f6t3hfsw236n2f7984532bmyu67,203902,358,13,68,27,49,940,1062824687,111,420,7,407,9010,69,3,1,1,,,22,13,0
2224700151350,FdDFQnPQYoUcHzcVnrPeRsFZPfLov5sA,0,716,aNVbrjYoZRRwd0ImOZdknXA2Jwgy4nQi,203902,358,13,68,27,49,940,1062824687,111,420,7,407,9010,69,3,1,1,,,22,13,0
2224700173549,z1fpiFecXm23XNt6141OnfSDbVPJVNFc,0,750,w7vCPCgKbZ0bFeqQPlgmmvWKq2BSL5pH,203902,358,13,68,27,49,940,1062824687,111,420,7,407,9010,69,3,1,1,,,22,13,0
2224700182517,AXKxVyoSlnz6LgJtMXFoBcw0MPdydtKh,0,999,jqwJrK27HQTEVwJOPwFIb3Qg9bT4KjqS,203902,358,13,68,27,49,940,1062824687,111,420,7,407,9010,69,3,1,1,,,22,13,0
2224700183122,oNRKuAVDNnULR6ykFUHXIfdJmDgHBWJm,0,1025,Gq5czJirm5wutVIHPgThSzDNrOC8SDwj,203902,358,13,68,27,49,940,1062824687,111,420,7,407,9010,69,3,1,1,,,22,13,0
2224700183581,WeeVvBftJUZwPgIrP2FpNRzX1uCDxoVF,0,796,7rTQj0VN1JTRAlqEmcDpneNUUUMufmhI,203902,358,13,68,27,49,940,1062824687,111,420,7,407,9010,69,3,1,1,,,22,13,0
2224700184285,wrGSMZ2BFblmAwYTSslUeLcFkLjDN9ix,0,1023,4xgstRryLxfLqpsP6Euv5tmpGJ48hxZt,203902,358,13,68,27,49,940,1062824687,111,420,7,407,9010,69,3,1,1,,,22,13,0
2224700184515,2GHa1AHyt58JTs2OeThrcDxNytzYO0q2,0,978,2M3KtLljNrnTer102BuE5YVqYUNM87Sx,203902,358,13,68,27,49,940,1062824687,111,420,7,407,9010,69,3,1,1,,,22,13,0
2224700184658,BIyXEs4vLJZwKokh3YG74Tk8rbu4RPK3,0,812,B8D1MFXrq8ZNO5qGieVSVT1mH2MyMyyC,203902,358,13,68,27,49,940,1062824687,111,420,7,407,9010,69,3,1,1,,,22,13,0
2224700184908,hUkPPLcLxDtsEuyqVdM7NCEtRqXiJPmP,0,895,7c5QsOBCg1TOV3gXhLKOtypZPtHBrApd,203902,358,13,68,27,49,940,1062824687,111,420,7,407,9010,69,3,1,1,,,22,13,0
2224700184981,n7iFlFUVkzIJ3DT8U5y3gLd85ujigYcx,0,842,NLdTsxtOXgYJutewEpH2OeyHN4cfpm3R,203902,358,13,68,27,49,940,1062824687,111,420,7,407,9010,69,3,1,1,,,22,13,0
2224700184992,2guXiXlRnJWaeLUBQBj8oVWIuEg12yJL,0,91,7PBQc6I2S8bZsov03sSRh9Cd5p6KFimv,203902,358,13,68,27,49,940,1062824687,111,420,7,407,9010,69,3,1,1,,,22,13,0
2224700186208,rCVdkcNrpOgMHUaLdtRtuqyeZbWKatk5,0,69,cVb5DXcDx1xBS5qsYuf1ce3YYjuOn9QM,203902,358,13,68,27,49,940,1062824687,111,420,7,407,9010,69,3,1,1,,,22,13,0
2224700197006,B653t5gSa40cq1uUSrBdYGUu1Y44bitN,0,1489,BNfA3d0wCKb119a3YFfa3r9ZHUwgc0g9,203902,358,13,68,27,49,940,1062824687,111,420,7,407,9010,69,3,1,1,,,22,13,0
2224700200366,6MOG4MSwJFjFlMihSiyEOwOenNYc81fA,0,699,YT7yiK8Zm1I3FFkMUdbDZ4BFsmIWJVBN,203902,358,13,68,27,49,940,1062824687,111,420,7,407,9010,69,3,1,1,,,22,13,0
2224700202636,sTFilrrKOMiVZBPXXA9BPCDcQ1S7A3vy,0,190,qa4O7Z7VADwcJetMguBPxjsBNlx8SQ4X,203902,358,13,68,27,49,940,1062824687,111,420,7,407,9010,69,3,1,1,,,22,13,0
2224700203008,a6729ab1ede14ec4afe89b55d46bb1dd,0,35,926653643724413fbc28b896f799985d,203811,358,20,59,49,49,7859,2342769205,111,474,7,407,510,68,3,74,1,,,22,13,0
2224700205318,hDCXIkhzCPciRXJxJGUPPxFvQOn6Fw5Z,0,1107,VJAYLkbwsFcNq1ddFMGxd8NjDswzR34h,203811,358,20,59,49,49,7859,2342769205,111,474,7,407,510,68,3,74,1,,,22,13,0
2224700211621,t6jWuToKrw09G8KPvnlJKKuNyp54HCWK,0,1291,1Wzstt23Q2RcZtTNX1YKLgchdTpjypcT,203811,358,20,59,49,49,7859,2342769205,111,474,7,407,510,68,3,74,1,,,22,13,0
2224700212710,EJD2KrRaIht598AROs5NIClW2q4Qc8Qr,0,700,LLU9z9YgICSVSpAY6MQxGpAZIbwLPrvV,203811,358,20,59,49,49,7859,2342769205,111,474,7,407,510,68,3,74,1,,,22,13,0
2224700216003,c19690d9d22f406f9fe2683d0164a09b,0,36,5dc8d7d1aa6041bfb7df2718cedc3a12,204001,358,16,30,13,49,940,1032826250,111,389,7,328,510,68,3,74,1,,,22,13,0
2224700217287,dkmJsVlVPvDq5Di9Cr5Bpth8PgKsNXmx,0,879,ZbmKm0xVmrr0tDJoVMjVxbAopqflNBi2,204001,358,16,30,13,49,940,1032826250,111,389,7,328,510,68,3,74,1,,,22,13,0
2224700232205,6d6c4be52bdd4e04b2104d2091a3a586,0,35,erw23f6t3hfsw236n2f7984532bmyu67,203810,358,16,47,35,49,940,2531194909,111,230,7,328,510,68,3,74,1,,,22,13,0
2224700241496,kJksgzLdWIvZphI76rJY5rOfX9QWk4Qu,0,102,q4GquGkar2m9hSuDJ5yyzJGPNMqKArv9,203810,358,16,47,35,49,940,2531194909,111,230,7,328,510,68,3,74,1,,,22,13,0
2224700242654,TlehCnRBvLhkQ9Kc2clnGqMprpsBVx5A,0,1417,Vv4a7CDmdOb2rqUALTGSEx2KwJQad5v7,203810,358,16,47,35,49,940,2531194909,111,230,7,328,510,68,3,74,1,,,22,13,0
2224700242675,QNd4M5hdPO01dO1Gh6Cwlxi5YeNBUjFU,0,945,p7cUdGmrqubjx9vxL2MXEU0oRN2GXZkS,203810,358,16,47,35,49,940,2531194909,111,230,7,328,510,68,3,74,1,,,22,13,0
2224700242709,VrphV4m7M68WP7qL0H00LGBNyf0HrkEG,0,498,1VFrxSRV4FtwdAPtuBwBBFfFJ0RvB46i,203810,358,16,47,35,49,940,2531194909,111,230,7,328,510,68,3,74,1,,,22,13,0
2224700242823,Imbn1izU8Od5YNAK70HGpillksxHdyzX,0,779,bnwIWdkyR6qhC9NUe0rXg4KforH1d1uT,203810,358,16,47,35,49,940,2531194909,111,230,7,328,510,68,3,74,1,,,22,13,0
2224700257241,f68119b478a74718ac790cf1d3263111,0,36,926653643724413fbc28b896f799985d,204010,358,25,25,13,49,1692,2342769205,111,149,7,407,510,68,3,74,1,,,22,13,0
2224700271105,XHV4lVHrFG55hmw1JRgBneSSzs9BtOiy,0,472,l4sQdutub4JdeDs5waSyQ7C7PsaCsRf6,204010,358,25,25,13,49,1692,2342769205,111,149,7,407,510,68,3,74,1,,,22,13,0
2224700279706,WyUMF5xlsF3YLB5pui7TAPsVtCCCkw2r,0,1204,IcWOdGC4lRMji9AQQ3rrEACQnV25hwLC,204010,358,25,25,13,49,1692,2342769205,111,149,7,407,510,68,3,74,1,,,22,13,0
2224700286123,XzY6vep0FjhEX6Cl5q71zBbgCSAxvAke,0,36,nXoNLJZGCUXJwZf84ylkeZxicsLCrSee,204010,358,25,25,13,49,1692,2342769205,111,149,7,407,510,68,3,74,1,,,22,13,0
2224700309295,eQKKYfGxKXXbVPnWUCvtJBGunlqs26aL,0,609,x5f3zFEJwUXzuzXbJ87BYyLR8Pa2CrPG,204010,358,25,25,13,49,1692,2342769205,111,149,7,407,510,68,3,74,1,,,22,13,0
2224700312749,kMgn1T5tN9up1sI0Oh18aZcLuwg27gvB,0,281,8udY3CWFa9I5oEYWb4BoDx0J5Z9YeFLZ,204010,358,25,25,13,49,1692,2342769205,111,149,7,407,510,68,3,74,1,,,22,13,0
2224700316881,047feb4ad6bb4b8cb220f84f4d774ac8,0,37,5dc8d7d1aa6041bfb7df2718cedc3a12,203807,358,10,67,52,49,940,2531194909,111,138,7,328,510,68,3,74,1,,,22,13,0
2224700333723,I7SfDD6hrao6zq4DjlUx2I5Sop9N88mX,0,378,GzZPTTAkRsOyE98ENxzLZGoyNEgeniZw,203807,358,10,67,52,49,940,2531194909,111,138,7,328,510,68,3,74,1,,,22,13,0
2224700335112,6mzJLjHdqGuGMhPHd4DHshRyxV9OfQGh,0,89,NGu5KFJoFZOD0BI9dIuz8nmRLN84w7O6,203807,358,10,67,52,49,940,2531194909,111,138,7,328,510,68,3,74,1,,,22,13,0
2224700335680,U1pLnrbEvBD3w8VQorSgrh7E1NQwN75A,0,1291,gl6fc1JsFByuW7NIEpXLuw1WwIMcMrtu,203807,358,10,67,52,49,940,2531194909,111,138,7,328,510,68,3,74,1,,,22,13,0
2224700337127,6daaef11ed14431180b88820b4f34e20,0,36,erw23f6t3hfsw236n2f7984532bmyu67,203911,358,5,45,6,49,940,20089145,111,122,7,328,510,68,3,74,1,,,22,13,0
2224700344700,NenSHIRGnmHMP12eG1VpTB50FDq4IQV0,0,580,jVoN0zq2dXdUirrIF63m2827H1jWl1NK,203911,358,5,45,6,49,940,20089145,111,122,7,328,510,68,3,74,1,,,22,13,0
2224700355091,eed1f87e6fef4cac8b2fa084745ee99c,0,37,926653643724413fbc28b896f799985d,204002,358,20,69,9,49,7859,2342769205,111,221,7,407,510,68,3,74,1,,,22,13,0
2224700377268,301638ccf5064f0b93bd9650d490e244,0,38,5dc8d7d1aa6041bfb7df2718cedc3a12,203904,358,25,41,13,49,7022,2342769205,111,394,4,407,9000,69,16,1,1,,,22,13,0
2224700388065,N1vYJ9CPGinhhSuuhUgsCKsG1fsIAQH8,0,1416,MTvWO8byvbfaISMyVsQekNdDX7nVstDk,203904,358,25,41,13,49,7022,2342769205,111,394,4,407,9000,69,16,1,1,,,22,13,0
2224700388254,h3m4pQRiC2ByviXkFVX7T941Fw1VJcB8,0,1311,EaoZkTntnqm6ZTr5qsYxRzgUE2O4ZgLT,203904,358,25,41,13,49,7022,2342769205,111,394,4,407,9000,69,16,1,1,,,22,13,0
2224700388467,pPfZFVp12xci3PaQMJCisv1wm8d0ZBh0,0,1386,yXB7xTsZIyMjN5fvLifLsN4HJuViAH86,203904,358,25,41,13,49,7022,2342769205,111,394,4,407,9000,69,16,1,1,,,22,13,0
2224700388547,ln2KTUdqRbKsBGVR841YFGBbmzrf4PoD,0,1065,4QPmU8F39x9TffMZRe3YalIHT9jUAP0F,203904,358,25,41,13,49,7022,2342769205,111,394,4,407,9000,69,16,1,1,,,22,13,0
2224700388724,71dc65a61f134dbda7c6f557474b206e,0,37,erw23f6t3hfsw236n2f7984532bmyu67,203812,358,11,39,5,49,7022,2342769205,111,340,4,407,9000,69,16,1,1,,,22,13,0
2224700395751,e435a5529b8b471f9ab630489c5a768e,0,38,926653643724413fbc28b896f799985d,204003,358,22,35,17,49,7022,2342769205,111,152,4,407,9000,69,16,1,1,,,22,13,0
2224700397178,p5gJmCjF8XbYZ34rZrc4PJUEOjZTlKBx,0,203,i48BVlx0ZZhmxnBT0rARjk3ljUpN6WcZ,204003,358,22,35,17,49,7022,2342769205,111,152,4,407,9000,69,16,1,1,,,22,13,0
2224700407054,XZTA7NcX8wGbLU3WcyrVbfUtRbR2BBpN,0,191,cPGu8Ol0TpLifTFx9kF8fuoLyu6liisC,204003,358,22,35,17,49,7022,2342769205,111,152,4,407,9000,69,16,1,1,,,22,13,0
2224700419362,gMgSewGxmuKT9bYPW3I7XyNRnc5gyee5,0,343,lDJIEam2ZPfTNWWavyxaO09dHCth6Mzb,204003,358,22,35,17,49,7022,2342769205,111,152,4,407,9000,69,16,1,1,,,22,13,0
2224700420518,8fe06e1845d648e7b08e0e1b5a219f9b,0,39,l4sQdutub4JdeDs5waSyQ7C7PsaCsRf6,203806,358,26,74,49,420,940,1062824687,111,81,7,407,9010,69,3,1,1,,,22,13,0
2224700438013,Erv901YJnFK1WollGRKQJpps7aJBVnof,0,899,8ASEWYDcZnaS70ILn5HhKIVkodntwnUO,203806,358,26,74,49,49,940,1062824687,111,81,7,407,9010,69,3,1,1,,,22,13,0
2224700438617,b7W6UgrJkHbVgM08WMi88dAis7V1koub,0,377,93W2SKK6mMvVa3mrqkYC1zWXUuUqfIWO,203806,358,26,74,49,49,940,1062824687,111,81,7,407,9010,69,3,1,1,,,22,13,0