2224699200000,63ef6f92-738a-47d8-90f6-2b4ca150c059,0,10.0,008e0ef5-59a4-4240-911b-e6695610ef08,204007,5430,19,69,26,49,7022,2342769205,111,439,4,407,9000,69,16,1,16,,,22,13,0
2224699201000,1967cd51-741a-45d6-8105-90ece80bd8fb,0,11.0,2c59432a-537f-4f74-9d32-58f68f1652da,203912,5430,15,22,42,994,7022,2342769205,111,35,4,407,9000,69,16,1,1,,,22,13,0
2224699202000,2b03e9b3-24bf-461f-89e7-5134b05d169e,0,12.0,227c3391-0f8e-465a-86a3-79cfe3d144d9,204008,5430,8,23,4,49,7022,2342769205,111,313,4,407,9000,69,16,1,1,,,22,13,0
2224699203000,7c4a465b-c28e-4b08-a924-a3a7930b4e5f,0,11.0,008e0ef5-59a4-4240-911b-e6695610ef08,204007,5430,15,42,45,49,7022,2342769205,111,336,4,407,9000,69,16,1,16,,,22,13,0
2224699204000,7fc371c0-1e3d-4b5a-8d40-f2b67177a625,0,12.0,2c59432a-537f-4f74-9d32-58f68f1652da,203811,5430,29,49,49,49,7022,2342769205,111,269,4,407,9000,69,16,1,1,,,22,13,0
2224699205000,5290c541-56ad-4bde-b4ba-3c03847ed6d7,0,13.0,227c3391-0f8e-465a-86a3-79cfe3d144d9,203810,5430,22,0,4,994,7022,2342769205,111,264,4,407,9000,69,16,1,1,,,22,13,0
2224699206000,d88f0a34-6e8c-4af5-bbee-458b061f3ca9,0,13.0,008e0ef5-59a4-4240-911b-e6695610ef08,204007,5430,24,4,14,49,7022,2342769205,111,438,4,407,9000,69,16,1,16,,,22,13,0
2224699207000,ffd9d0af-08d0-44d2-85a9-d7332f3955cd,0,14.0,2c59432a-537f-4f74-9d32-58f68f1652da,203909,5430,29,2,10,49,940,1062824687,111,495,7,328,9010,69,3,1,1,,,22,13,0
2224699208000,5077c878-f0e7-4a7f-9d48-e4598564fa7e,0,15.0,227c3391-0f8e-465a-86a3-79cfe3d144d9,203809,5430,23,17,6,49,3965,2342769205,111,197,7,983,510,68,3,74,1,,,22,13,0
2224699209000,82cfb40d-ad11-4f1e-9943-794848a22d5c,0,16.0,008e0ef5-59a4-4240-911b-e6695610ef08,204007,5430,17,48,47,49,940,1062824687,111,396,7,328,510,68,16,74,16,,,22,13,0
2224699210000,39720ac6-190a-48af-9ab2-767c301355d8,0,17.0,2c59432a-537f-4f74-9d32-58f68f1652da,203809,5430,13,75,35,49,940,2342769205,111,499,4,826,510,68,3,74,1,,,22,13,0
2224699211000,cd5c906f-e6e1-4855-873e-6b41750f1d7d,0,18.0,227c3391-0f8e-465a-86a3-79cfe3d144d9,203912,5430,14,8,38,994,9062,2342769205,111,269,7,407,510,68,3,74,1,,,22,13,0
2224699212000,2e84fbc0-f496-4147-af1f-a15809e0dd08,0,19.0,008e0ef5-59a4-4240-911b-e6695610ef08,204002,5430,21,76,47,49,940,4128040931,111,317,7,328,510,68,3,74,1,,,22,13,0
2224699213000,d9cd092e-6a71-4230-b471-ea10eadcd8b9,0,20.0,2c59432a-537f-4f74-9d32-58f68f1652da,204007,5430,9,30,30,49,3537,2342769205,111,168,7,407,100,68,16,66,1,,,22,13,0
2224699214000,84256dea-3582-4bea-9835-11d04b8a4155,0,21.0,227c3391-0f8e-465a-86a3-79cfe3d144d9,203809,5430,21,23,8,49,3744,2342769205,111,119,4,407,9000,69,16,1,1,,,22,13,0
2224699215000,a250fcd1-6270-4712-8136-63177dfca7b7,0,22.0,008e0ef5-59a4-4240-911b-e6695610ef08,203912,5430,23,13,9,994,940,2531194909,111,258,7,328,510,68,3,74,1,,,22,13,0
2224699216000,1bf06768-a90c-427b-98dc-f024a48f77ea,0,23.0,2c59432a-537f-4f74-9d32-58f68f1652da,203810,5430,15,23,41,49,7022,2342769205,111,439,4,407,9000,69,16,1,1,,,22,13,0
2224699217000,dc32f11e-b205-439f-8e02-4d759be775a0,0,24.0,227c3391-0f8e-465a-86a3-79cfe3d144d9,203906,5430,13,48,45,49,7022,2342769205,111,346,4,407,9000,69,16,1,1,,,22,13,0
2224699218000,03c8893a-d9c0-40d4-877d-006743dc3b17,0,25.0,008e0ef5-59a4-4240-911b-e6695610ef08,204010,5430,18,24,54,49,7022,2342769205,111,404,4,407,9000,69,16,1,1,,,22,13,0
2224699219000,90c98606-3775-43b6-a6d6-8f200d883526,0,26.0,2c59432a-537f-4f74-9d32-58f68f1652da,203905,5430,14,4,8,49,940,1062824687,111,249,7,328,9010,69,3,1,1,,,22,13,0
2224699220000,c41303b0-fba0-4b33-83d9-0c86affdb524,0,27.0,227c3391-0f8e-465a-86a3-79cfe3d144d9,203911,5430,12,38,47,49,940,20089145,111,343,7,328,510,68,3,74,1,,,22,13,0
2224699221000,fefdc30a-db52-4935-a70e-74c6a38a5f80,0,28.0,008e0ef5-59a4-4240-911b-e6695610ef08,204009,5430,15,68,59,49,940,20089145,111,291,7,407,9010,69,3,1,1,,,22,13,0
2224699222000,14094c91-ccde-453d-bb22-fd5ced49e311,0,29.0,2c59432a-537f-4f74-9d32-58f68f1652da,203712,5430,21,2,42,49,940,2531194909,111,100,7,407,110,12,3,31,1,,,22,13,0
2224699223000,d76faf8d-8290-4ae2-b8d1-c7c6331aabdc,0,30.0,227c3391-0f8e-465a-86a3-79cfe3d144d9,203909,5430,23,6,41,49,940,3707276281,111,183,7,328,510,68,3,74,1,,,22,13,0
2224699224000,4ab815bd-f911-42c8-9c98-9260f24e533c,0,29.0,008e0ef5-59a4-4240-911b-e6695610ef08,203909,5430,7,56,1,49,940,1062824687,111,17,7,328,510,68,3,74,1,,,22,13,0
2224699225000,cd999919-1801-44fe-a57b-168ea3e3c707,0,30.0,2c59432a-537f-4f74-9d32-58f68f1652da,204008,5430,9,23,46,49,940,2531194909,111,189,7,328,510,68,3,74,1,,,22,13,0
2224699226000,cc3b2cbd-e8a6-4990-862a-95e75580792c,0,31.0,227c3391-0f8e-465a-86a3-79cfe3d144d9,203907,5430,27,35,0,49,940,4128040931,111,214,7,328,510,68,3,74,1,,,22,13,0
2224699227000,755914c6-8dc5-4456-81f3-8467adab9514,0,30.0,008e0ef5-59a4-4240-911b-e6695610ef08,203909,5430,5,63,10,49,7022,2342769205,111,36,4,407,9000,69,16,1,1,,,22,13,0
2224699228000,5cb01975-4251-4b1c-944a-322425ced2a2,0,31.0,2c59432a-537f-4f74-9d32-58f68f1652da,203902,5430,25,62,49,49,7022,2342769205,111,138,4,407,9000,69,16,1,1,,,22,13,0
2224699229000,b5d6cc69-86b1-4976-8327-75a701142902,0,32.0,227c3391-0f8e-465a-86a3-79cfe3d144d9,204003,5430,7,70,0,49,940,2342769205,111,210,7,407,510,68,3,36,1,,,22,13,0
2224699230000,6131ac06-beca-40fd-88ec-93fa8e139f2a,0,31.0,008e0ef5-59a4-4240-911b-e6695610ef08,203907,5430,10,23,17,49,940,2531194909,111,346,7,328,510,68,3,74,1,,,22,13,0
2224699231000,ffb6cfa4-b24d-416e-a3fa-5f595da92c09,0,32.0,2c59432a-537f-4f74-9d32-58f68f1652da,203810,5430,13,20,52,49,3965,2342769205,111,237,7,407,510,68,3,74,1,,,22,13,0
2224699232000,29a07997-a86d-424c-940b-135353ff499a,0,33.0,227c3391-0f8e-465a-86a3-79cfe3d144d9,203912,5430,18,14,42,49,940,2531194909,111,89,7,328,510,68,3,74,1,,,22,13,0
2224699233000,3582c22c-5675-4c59-9b53-01b4cf6f180a,0,32.0,008e0ef5-59a4-4240-911b-e6695610ef08,203809,5430,27,38,22,49,7022,2342769205,111,495,4,407,9000,69,16,1,1,,,22,13,0
2224699234000,d92dae6a-c385-44b7-a21c-81b7d51e4336,0,33.0,2c59432a-537f-4f74-9d32-58f68f1652da,203809,5430,10,73,28,49,940,2342769205,111,385,4,826,510,68,3,74,1,,,22,13,0
2224699235000,a575b652-cacb-4015-b8ad-03e4226c78d5,0,34.0,227c3391-0f8e-465a-86a3-79cfe3d144d9,203801,5430,12,34,53,49,940,2342769205,111,335,7,407,510,68,3,36,1,,,22,13,0
2224699236000,c24999e6-ee7f-44c9-87c0-76637712d260,0,33.0,008e0ef5-59a4-4240-911b-e6695610ef08,203902,5430,13,68,27,49,940,1062824687,111,420,7,407,9010,69,3,1,1,,,22,13,0
2224699237000,7a0b1615-7b08-4598-b0b3-18fdade2aec5,0,35.0,2c59432a-537f-4f74-9d32-58f68f1652da,203811,5430,20,59,49,49,7859,2342769205,111,474,7,407,510,68,3,74,1,,,22,13,0
2224699238000,78dac0b1-517b-4e9a-b517-de2a9072a0ba,0,36.0,227c3391-0f8e-465a-86a3-79cfe3d144d9,204001,5430,16,30,13,49,940,1032826250,111,389,7,328,510,68,3,74,1,,,22,13,0
2224699239000,bdce243d-9a0e-41c0-9b78-57107a8413b3,0,35.0,008e0ef5-59a4-4240-911b-e6695610ef08,203810,5430,16,47,35,49,940,2531194909,111,230,7,328,510,68,3,74,1,,,22,13,0
2224699240000,41b62725-3858-4c3a-972b-118fb9ea9cb8,0,36.0,2c59432a-537f-4f74-9d32-58f68f1652da,204010,5430,25,25,13,49,1692,2342769205,111,149,7,407,510,68,3,74,1,,,22,13,0
2224699241000,9f94714c-5126-4e66-baaf-5d340fffaeda,0,37.0,227c3391-0f8e-465a-86a3-79cfe3d144d9,203807,5430,10,67,52,49,940,2531194909,111,138,7,328,510,68,3,74,1,,,22,13,0
2224699242000,f87e8182-730e-40d0-bc64-552b0362b88b,0,36.0,008e0ef5-59a4-4240-911b-e6695610ef08,203911,5430,5,45,6,49,940,20089145,111,122,7,328,510,68,3,74,1,,,22,13,0
2224699243000,2e27b2d5-bfa5-4ebd-afa1-510836ff3900,0,37.0,2c59432a-537f-4f74-9d32-58f68f1652da,204002,5430,20,69,9,49,7859,2342769205,111,221,7,407,510,68,3,74,1,,,22,13,0
2224699244000,1563370f-6f57-4e06-9c6b-d46cf19245ae,0,38.0,227c3391-0f8e-465a-86a3-79cfe3d144d9,203904,5430,25,41,13,49,7022,2342769205,111,394,4,407,9000,69,16,1,1,,,22,13,0
2224699245000,810acd8c-e45e-4d58-9f5d-823e383fccc7,0,37.0,008e0ef5-59a4-4240-911b-e6695610ef08,203812,5430,11,39,5,49,7022,2342769205,111,340,4,407,9000,69,16,1,1,,,22,13,0
2224699246000,e66b91c6-a3c3-42c5-a045-ac8fc8e7c0e6,0,38.0,2c59432a-537f-4f74-9d32-58f68f1652da,204003,5430,22,35,17,49,7022,2342769205,111,152,4,407,9000,69,16,1,1,,,22,13,0
2224699247000,10dd8d46-217c-40bd-bcbf-05be85fba10b,0,39.0,227c3391-0f8e-465a-86a3-79cfe3d144d9,203806,5430,26,74,49,49,940,1062824687,111,81,7,407,9010,69,3,1,1,,,22,13,0
2224699200000,22690f25-0c74-40c4-89fe-410c0087e4a2,0,10.0,f3e73f43-87a2-4f6a-99e2-48ba9119c6b3,204007,5430,19,69,26,49,7022,2342769205,111,439,4,407,9000,69,16,1,16,,,22,13,0
2224699201000,f1c1d7dc-a78f-44a5-88f7-12d35780f5f8,0,11.0,f21608b6-2013-4581-9667-f234f5f136ed,203912,5430,15,22,42,994,7022,2342769205,111,35,4,407,9000,69,16,1,1,,,22,13,0
2224699202000,625cbc9d-6c90-4fd3-980b-1d10c7efa34b,0,12.0,c714aaee-ac49-4066-a4d7-34c61506b7c1,204008,5430,8,23,4,49,7022,2342769205,111,313,4,407,9000,69,16,1,1,,,22,13,0
2224699203000,b20a601a-3fef-4c27-8651-eee81cdab55d,0,11.0,f3e73f43-87a2-4f6a-99e2-48ba9119c6b3,204007,5430,15,42,45,49,7022,2342769205,111,336,4,407,9000,69,16,1,16,,,22,13,0
2224699204000,c508dd10-70e5-454b-98d0-a81c39cb159f,0,12.0,f21608b6-2013-4581-9667-f234f5f136ed,203811,5430,29,49,49,49,7022,2342769205,111,269,4,407,9000,69,16,1,1,,,22,13,0
2224699205000,18ae29db-2cec-4ef2-8a44-e4a48b2160bf,0,13.0,c714aaee-ac49-4066-a4d7-34c61506b7c1,203810,5430,22,0,4,994,7022,2342769205,111,264,4,407,9000,69,16,1,1,,,22,13,0
2224699206000,eadc2433-3cc9-41b1-bd1a-8a90ab3e02e3,0,13.0,f3e73f43-87a2-4f6a-99e2-48ba9119c6b3,204007,5430,24,4,14,49,7022,2342769205,111,438,4,407,9000,69,16,1,16,,,22,13,0
2224699207000,1a349729-6c0a-4f52-93e3-2f34a75dcd16,0,14.0,f21608b6-2013-4581-9667-f234f5f136ed,203909,5430,29,2,10,49,940,1062824687,111,495,7,328,9010,69,3,1,1,,,22,13,0
2224699208000,39860465-5b12-4ed4-9437-4decc4ac1ae9,0,15.0,c714aaee-ac49-4066-a4d7-34c61506b7c1,203809,5430,23,17,6,49,3965,2342769205,111,197,7,983,510,68,3,74,1,,,22,13,0
2224699209000,3e9ed838-1103-49ca-a902-7f1814b2f5d6,0,16.0,f3e73f43-87a2-4f6a-99e2-48ba9119c6b3,204007,5430,17,48,47,49,940,1062824687,111,396,7,328,510,68,16,74,16,,,22,13,0
2224699210000,5679e1c8-7809-401a-8625-d1d54b348ba6,0,17.0,f21608b6-2013-4581-9667-f234f5f136ed,203809,5430,13,75,35,49,940,2342769205,111,499,4,826,510,68,3,74,1,,,22,13,0
2224699211000,73d39d7e-cc9e-4b8b-8cd7-d612098f6cd4,0,18.0,c714aaee-ac49-4066-a4d7-34c61506b7c1,203912,5430,14,8,38,994,9062,2342769205,111,269,7,407,510,68,3,74,1,,,22,13,0
2224699212000,3f233763-11bd-4303-8326-c4be1e43e644,0,19.0,f3e73f43-87a2-4f6a-99e2-48ba9119c6b3,204002,5430,21,76,47,49,940,4128040931,111,317,7,328,510,68,3,74,1,,,22,13,0
2224699213000,7c1a2e25-f993-4fdb-bf6f-7bbe64d16516,0,20.0,f21608b6-2013-4581-9667-f234f5f136ed,204007,5430,9,30,30,49,3537,2342769205,111,168,7,407,100,68,16,66,1,,,22,13,0
2224699214000,2bb0a478-3710-4268-808c-7d2335dd745f,0,21.0,c714aaee-ac49-4066-a4d7-34c61506b7c1,203809,5430,21,23,8,49,3744,2342769205,111,119,4,407,9000,69,16,1,1,,,22,13,0
2224699215000,3f0d3505-97fd-454a-b39f-45e35f6c615e,0,22.0,f3e73f43-87a2-4f6a-99e2-48ba9119c6b3,203912,5430,23,13,9,994,940,2531194909,111,258,7,328,510,68,3,74,1,,,22,13,0
2224699216000,85afecb1-1351-4433-9430-3c86360f46c0,0,23.0,f21608b6-2013-4581-9667-f234f5f136ed,203810,5430,15,23,41,49,7022,2342769205,111,439,4,407,9000,69,16,1,1,,,22,13,0
2224699217000,fa71b288-a39c-49ba-8362-c190fb2174d7,0,24.0,c714aaee-ac49-4066-a4d7-34c61506b7c1,203906,5430,13,48,45,49,7022,2342769205,111,346,4,407,9000,69,16,1,1,,,22,13,0
2224699218000,31184358-afc0-4858-8443-83c44a4e1cad,0,25.0,f3e73f43-87a2-4f6a-99e2-48ba9119c6b3,204010,5430,18,24,54,49,7022,2342769205,111,404,4,407,9000,69,16,1,1,,,22,13,0
2224699219000,8456dc2c-af1e-4a27-aa74-4063706c73cd,0,26.0,f21608b6-2013-4581-9667-f234f5f136ed,203905,5430,14,4,8,49,940,1062824687,111,249,7,328,9010,69,3,1,1,,,22,13,0
2224699220000,89e36708-78b2-4b01-9c60-5302ea54060c,0,27.0,c714aaee-ac49-4066-a4d7-34c61506b7c1,203911,5430,12,38,47,49,940,20089145,111,343,7,328,510,68,3,74,1,,,22,13,0
2224699221000,c476b769-2bec-4870-b1ed-17c06238c651,0,28.0,f3e73f43-87a2-4f6a-99e2-48ba9119c6b3,204009,5430,15,68,59,49,940,20089145,111,291,7,407,9010,69,3,1,1,,,22,13,0
2224699222000,300df557-7963-45d0-be52-e5381e4ff8b9,0,29.0,f21608b6-2013-4581-9667-f234f5f136ed,203712,5430,21,2,42,49,940,2531194909,111,100,7,407,110,12,3,31,1,,,22,13,0
2224699223000,ce704b38-bd9c-4d54-aa74-9b9cdfbb22f6,0,30.0,c714aaee-ac49-4066-a4d7-34c61506b7c1,203909,5430,23,6,41,49,940,3707276281,111,183,7,328,510,68,3,74,1,,,22,13,0
2224699224000,6e487a82-3003-4952-a0d6-35d918078667,0,29.0,f3e73f43-87a2-4f6a-99e2-48ba9119c6b3,203909,5430,7,56,1,49,940,1062824687,111,17,7,328,510,68,3,74,1,,,22,13,0
2224699225000,7edf1e78-3345-47d5-9bd1-a8ae6fc46baf,0,30.0,f21608b6-2013-4581-9667-f234f5f136ed,204008,5430,9,23,46,49,940,2531194909,111,189,7,328,510,68,3,74,1,,,22,13,0
2224699226000,0349a29c-81c4-4b17-9560-88fd3df73bd4,0,31.0,c714aaee-ac49-4066-a4d7-34c61506b7c1,203907,5430,27,35,0,49,940,4128040931,111,214,7,328,510,68,3,74,1,,,22,13,0
2224699227000,45f84e77-ed7f-4a81-a948-5ac21230c67b,0,30.0,f3e73f43-87a2-4f6a-99e2-48ba9119c6b3,203909,5430,5,63,10,49,7022,2342769205,111,36,4,407,9000,69,16,1,1,,,22,13,0
2224699228000,a706cdef-82d4-4db5-98ee-739f3c2fc03f,0,31.0,f21608b6-2013-4581-9667-f234f5f136ed,203902,5430,25,62,49,49,7022,2342769205,111,138,4,407,9000,69,16,1,1,,,22,13,0
2224699229000,86f1b7f2-879d-4dd6-8492-ea9dfc2f2a79,0,32.0,c714aaee-ac49-4066-a4d7-34c61506b7c1,204003,5430,7,70,0,49,940,2342769205,111,210,7,407,510,68,3,36,1,,,22,13,0
2224699230000,1c615a68-0551-4b9f-8a54-59f4890c31d6,0,31.0,f3e73f43-87a2-4f6a-99e2-48ba9119c6b3,203907,5430,10,23,17,49,940,2531194909,111,346,7,328,510,68,3,74,1,,,22,13,0
2224699231000,d13c64f4-a4cb-4018-bf02-19d74039b01f,0,32.0,f21608b6-2013-4581-9667-f234f5f136ed,203810,5430,13,20,52,49,3965,2342769205,111,237,7,407,510,68,3,74,1,,,22,13,0
2224699232000,0371dbce-d32f-4e29-aaa6-8c08efa4b9a4,0,33.0,c714aaee-ac49-4066-a4d7-34c61506b7c1,203912,5430,18,14,42,49,940,2531194909,111,89,7,328,510,68,3,74,1,,,22,13,0
2224699233000,0581c36d-48ee-4a7c-aa68-1ac82932d540,0,32.0,f3e73f43-87a2-4f6a-99e2-48ba9119c6b3,203809,5430,27,38,22,49,7022,2342769205,111,495,4,407,9000,69,16,1,1,,,22,13,0
2224699234000,583bbe80-739e-45fd-850a-b3533669bf12,0,33.0,f21608b6-2013-4581-9667-f234f5f136ed,203809,5430,10,73,28,49,940,2342769205,111,385,4,826,510,68,3,74,1,,,22,13,0
2224699235000,c53937fd-4191-461b-9eea-763204ac39e1,0,34.0,c714aaee-ac49-4066-a4d7-34c61506b7c1,203801,5430,12,34,53,49,940,2342769205,111,335,7,407,510,68,3,36,1,,,22,13,0
2224699236000,9a676356-c5da-477e-bf43-13a8615406fa,0,33.0,f3e73f43-87a2-4f6a-99e2-48ba9119c6b3,203902,5430,13,68,27,49,940,1062824687,111,420,7,407,9010,69,3,1,1,,,22,13,0
2224699237000,6630c372-3c25-49b0-b86f-f6804e86b7f6,0,35.0,f21608b6-2013-4581-9667-f234f5f136ed,203811,5430,20,59,49,49,7859,2342769205,111,474,7,407,510,68,3,74,1,,,22,13,0
2224699238000,fb244fe9-ce9b-454e-b47f-9000db452be1,0,36.0,c714aaee-ac49-4066-a4d7-34c61506b7c1,204001,5430,16,30,13,49,940,1032826250,111,389,7,328,510,68,3,74,1,,,22,13,0
2224699239000,249ed91f-ea24-4c7f-a17e-ad7dfdd9fd1b,0,35.0,f3e73f43-87a2-4f6a-99e2-48ba9119c6b3,203810,5430,16,47,35,49,940,2531194909,111,230,7,328,510,68,3,74,1,,,22,13,0
2224699240000,62a491e2-389d-42a8-bbe7-53bf1dbe2537,0,36.0,f21608b6-2013-4581-9667-f234f5f136ed,204010,5430,25,25,13,49,1692,2342769205,111,149,7,407,510,68,3,74,1,,,22,13,0
2224699241000,f50fac17-7f6f-46ac-bccc-229d154ae2ae,0,37.0,c714aaee-ac49-4066-a4d7-34c61506b7c1,203807,5430,10,67,52,49,940,2531194909,111,138,7,328,510,68,3,74,1,,,22,13,0
2224699242000,7d635d1f-ca91-4b0c-aacb-0203a763118b,0,36.0,f3e73f43-87a2-4f6a-99e2-48ba9119c6b3,203911,5430,5,45,6,49,940,20089145,111,122,7,328,510,68,3,74,1,,,22,13,0
2224699243000,5eb7a832-cbaa-48b3-af8d-8b1d46827fc0,0,37.0,f21608b6-2013-4581-9667-f234f5f136ed,204002,5430,20,69,9,49,7859,2342769205,111,221,7,407,510,68,3,74,1,,,22,13,0
2224699244000,e368c54c-b043-4589-86b4-66b30e1ef8a9,0,38.0,c714aaee-ac49-4066-a4d7-34c61506b7c1,203904,5430,25,41,13,49,7022,2342769205,111,394,4,407,9000,69,16,1,1,,,22,13,0
2224699245000,ff2ce4b4-8da9-4cf2-9c49-8251ee582af6,0,37.0,f3e73f43-87a2-4f6a-99e2-48ba9119c6b3,203812,5430,11,39,5,49,7022,2342769205,111,340,4,407,9000,69,16,1,1,,,22,13,0
2224699246000,af78d820-f11e-40b4-b0ea-136dcda4abec,0,38.0,f21608b6-2013-4581-9667-f234f5f136ed,204003,5430,22,35,17,49,7022,2342769205,111,152,4,407,9000,69,16,1,1,,,22,13,0
2224699247000,04a62bef-5704-4042-8721-7f3fc1b5937a,0,39.0,c714aaee-ac49-4066-a4d7-34c61506b7c1,203806,5430,26,74,49,49,940,1062824687,111,81,7,407,9010,69,3,1,1,,,22,13,0
2224699200000,c1da56b7-079a-4564-84cb-8477dcabd9f8,0,10.0,2376c74f-1f9f-409f-927d-ca70f4c657fc,204007,5430,19,69,26,49,7022,2342769205,111,439,4,407,9000,69,16,1,16,,,22,13,0
2224699201000,da72ed10-54d1-43b5-9eeb-e4268cdbf3af,0,11.0,95202c3e-3795-49fd-9f9d-67d5e1041acd,203912,5430,15,22,42,994,7022,2342769205,111,35,4,407,9000,69,16,1,1,,,22,13,0
2224699202000,cb41d141-e8c9-4a26-9108-7f0c515030f2,0,12.0,ddc1f6a8-f99d-4674-bb08-bf59d7092b91,204008,5430,8,23,4,49,7022,2342769205,111,313,4,407,9000,69,16,1,1,,,22,13,0
2224699203000,5a3bc3a9-07b8-45eb-88b2-325150744ce1,0,11.0,2376c74f-1f9f-409f-927d-ca70f4c657fc,204007,5430,15,42,45,49,7022,2342769205,111,336,4,407,9000,69,16,1,16,,,22,13,0
2224699204000,6852d6a5-4720-4483-be42-28a68907ca9f,0,12.0,95202c3e-3795-49fd-9f9d-67d5e1041acd,203811,5430,29,49,49,49,7022,2342769205,111,269,4,407,9000,69,16,1,1,,,22,13,0
2224699205000,f9d310c7-6239-4472-9d07-d020fc486ffb,0,13.0,ddc1f6a8-f99d-4674-bb08-bf59d7092b91,203810,5430,22,0,4,994,7022,2342769205,111,264,4,407,9000,69,16,1,1,,,22,13,0
2224699206000,f515b84f-9ae5-4c38-bd58-d28ccea476f1,0,13.0,2376c74f-1f9f-409f-927d-ca70f4c657fc,204007,5430,24,4,14,49,7022,2342769205,111,438,4,407,9000,69,16,1,16,,,22,13,0
2224699207000,5635f6bd-efda-4a6e-b5c5-7a66ad4336ce,0,14.0,95202c3e-3795-49fd-9f9d-67d5e1041acd,203909,5430,29,2,10,49,940,1062824687,111,495,7,328,9010,69,3,1,1,,,22,13,0
2224699208000,a7b3151a-38ec-4576-ba87-0fcdfafec8bd,0,15.0,ddc1f6a8-f99d-4674-bb08-bf59d7092b91,203809,5430,23,17,6,49,3965,2342769205,111,197,7,983,510,68,3,74,1,,,22,13,0
2224699209000,33d73f34-76ed-43c1-8d05-91849922d590,0,16.0,2376c74f-1f9f-409f-927d-ca70f4c657fc,204007,5430,17,48,47,49,940,1062824687,111,396,7,328,510,68,16,74,16,,,22,13,0
2224699210000,0661018c-95e8-4209-9865-bdd82fc35c10,0,17.0,95202c3e-3795-49fd-9f9d-67d5e1041acd,203809,5430,13,75,35,49,940,2342769205,111,499,4,826,510,68,3,74,1,,,22,13,0
2224699211000,0f321a31-6607-498e-93f0-038fd63be045,0,18.0,ddc1f6a8-f99d-4674-bb08-bf59d7092b91,203912,5430,14,8,38,994,9062,2342769205,111,269,7,407,510,68,3,74,1,,,22,13,0
2224699212000,69bf3ade-b5b1-4072-be9a-717e74fa84be,0,19.0,2376c74f-1f9f-409f-927d-ca70f4c657fc,204002,5430,21,76,47,49,940,4128040931,111,317,7,328,510,68,3,74,1,,,22,13,0
2224699213000,36fa0b3c-59e1-45cd-95d7-312a9f278945,0,20.0,95202c3e-3795-49fd-9f9d-67d5e1041acd,204007,5430,9,30,30,49,3537,2342769205,111,168,7,407,100,68,16,66,1,,,22,13,0
2224699214000,82f68dd1-76c1-4e70-87d0-6dbf21bfee90,0,21.0,ddc1f6a8-f99d-4674-bb08-bf59d7092b91,203809,5430,21,23,8,49,3744,2342769205,111,119,4,407,9000,69,16,1,1,,,22,13,0
2224699215000,01461b87-308a-424e-86d7-17db58f9a12e,0,22.0,2376c74f-1f9f-409f-927d-ca70f4c657fc,203912,5430,23,13,9,994,940,2531194909,111,258,7,328,510,68,3,74,1,,,22,13,0
2224699216000,0d8bef3e-ac63-45a3-abae-b3b62a7646e1,0,23.0,95202c3e-3795-49fd-9f9d-67d5e1041acd,203810,5430,15,23,41,49,7022,2342769205,111,439,4,407,9000,69,16,1,1,,,22,13,0
2224699217000,fe273b4e-591b-4a0d-b48c-f1aa6faac55e,0,24.0,ddc1f6a8-f99d-4674-bb08-bf59d7092b91,203906,5430,13,48,45,49,7022,2342769205,111,346,4,407,9000,69,16,1,1,,,22,13,0
2224699218000,cb82001f-cd0c-4ca5-b69b-195db7a95321,0,25.0,2376c74f-1f9f-409f-927d-ca70f4c657fc,204010,5430,18,24,54,49,7022,2342769205,111,404,4,407,9000,69,16,1,1,,,22,13,0
2224699219000,ac21f639-c2c0-49fc-a52a-acd883e6ecce,0,26.0,95202c3e-3795-49fd-9f9d-67d5e1041acd,203905,5430,14,4,8,49,940,1062824687,111,249,7,328,9010,69,3,1,1,,,22,13,0
2224699220000,1c33d5b1-4449-4d89-981d-74ba943bbfba,0,27.0,ddc1f6a8-f99d-4674-bb08-bf59d7092b91,203911,5430,12,38,47,49,940,20089145,111,343,7,328,510,68,3,74,1,,,22,13,0
2224699221000,b5f97a06-4dab-4f24-9ce9-b653069f55ea,0,28.0,2376c74f-1f9f-409f-927d-ca70f4c657fc,204009,5430,15,68,59,49,940,20089145,111,291,7,407,9010,69,3,1,1,,,22,13,0
2224699222000,9628daac-ee17-477e-93f5-fbfb0eefdbae,0,29.0,95202c3e-3795-49fd-9f9d-67d5e1041acd,203712,5430,21,2,42,49,940,2531194909,111,100,7,407,110,12,3,31,1,,,22,13,0
2224699223000,f322d00f-5caf-4e4e-9bda-10cbaa769a3c,0,30.0,ddc1f6a8-f99d-4674-bb08-bf59d7092b91,203909,5430,23,6,41,49,940,3707276281,111,183,7,328,510,68,3,74,1,,,22,13,0
2224699224000,a55acd75-3bfe-40a1-bf12-9a50a8082d03,0,29.0,2376c74f-1f9f-409f-927d-ca70f4c657fc,203909,5430,7,56,1,49,940,1062824687,111,17,7,328,510,68,3,74,1,,,22,13,0
2224699225000,b1084430-69d0-486e-972b-93c8b154e453,0,30.0,95202c3e-3795-49fd-9f9d-67d5e1041acd,204008,5430,9,23,46,49,940,2531194909,111,189,7,328,510,68,3,74,1,,,22,13,0
2224699226000,da7e507b-0b4e-42ae-8121-574dfd35dfe9,0,31.0,ddc1f6a8-f99d-4674-bb08-bf59d7092b91,203907,5430,27,35,0,49,940,4128040931,111,214,7,328,510,68,3,74,1,,,22,13,0
2224699227000,bd8d1ca4-d076-4937-a6f7-de32cf65f97c,0,30.0,2376c74f-1f9f-409f-927d-ca70f4c657fc,203909,5430,5,63,10,49,7022,2342769205,111,36,4,407,9000,69,16,1,1,,,22,13,0
2224699228000,9c42c504-53de-40a1-8a8b-b9345afc295d,0,31.0,95202c3e-3795-49fd-9f9d-67d5e1041acd,203902,5430,25,62,49,49,7022,2342769205,111,138,4,407,9000,69,16,1,1,,,22,13,0
2224699229000,b6281d18-5c51-48b6-b56a-8abcee397839,0,32.0,ddc1f6a8-f99d-4674-bb08-bf59d7092b91,204003,5430,7,70,0,49,940,2342769205,111,210,7,407,510,68,3,36,1,,,22,13,0
2224699230000,eb90e313-8e2b-4176-8a77-4d848a2c7646,0,31.0,2376c74f-1f9f-409f-927d-ca70f4c657fc,203907,5430,10,23,17,49,940,2531194909,111,346,7,328,510,68,3,74,1,,,22,13,0
2224699231000,ed5cecb5-4a45-4ded-aeae-8e31f4d8ca8e,0,32.0,95202c3e-3795-49fd-9f9d-67d5e1041acd,203810,5430,13,20,52,49,3965,2342769205,111,237,7,407,510,68,3,74,1,,,22,13,0
2224699232000,07b8ce69-b6a1-4cb5-9a8e-8cc40a874880,0,33.0,ddc1f6a8-f99d-4674-bb08-bf59d7092b91,203912,5430,18,14,42,49,940,2531194909,111,89,7,328,510,68,3,74,1,,,22,13,0
2224699233000,c401ca2d-8860-4d84-bf67-18d8f60ec100,0,32.0,2376c74f-1f9f-409f-927d-ca70f4c657fc,203809,5430,27,38,22,49,7022,2342769205,111,495,4,407,9000,69,16,1,1,,,22,13,0
2224699234000,95f4b5ba-e20d-4ef1-be53-e744aa89d5ee,0,33.0,95202c3e-3795-49fd-9f9d-67d5e1041acd,203809,5430,10,73,28,49,940,2342769205,111,385,4,826,510,68,3,74,1,,,22,13,0
2224699235000,59d05376-9435-4ef7-9c46-0ee8ea30c86d,0,34.0,ddc1f6a8-f99d-4674-bb08-bf59d7092b91,203801,5430,12,34,53,49,940,2342769205,111,335,7,407,510,68,3,36,1,,,22,13,0
2224699236000,662bf8cb-b4f0-47fb-9b91-1b5df4cf55ab,0,33.0,2376c74f-1f9f-409f-927d-ca70f4c657fc,203902,5430,13,68,27,49,940,1062824687,111,420,7,407,9010,69,3,1,1,,,22,13,0
2224699237000,a8affc04-ff7c-4f3e-bd68-0b6dcfaf1146,0,35.0,95202c3e-3795-49fd-9f9d-67d5e1041acd,203811,5430,20,59,49,49,7859,2342769205,111,474,7,407,510,68,3,74,1,,,22,13,0
2224699238000,cb423b6c-c34d-470a-8929-be66a29cab01,0,36.0,ddc1f6a8-f99d-4674-bb08-bf59d7092b91,204001,5430,16,30,13,49,940,1032826250,111,389,7,328,510,68,3,74,1,,,22,13,0
2224699239000,8499f835-9065-4366-adfb-35c4fa36db3b,0,35.0,2376c74f-1f9f-409f-927d-ca70f4c657fc,203810,5430,16,47,35,49,940,2531194909,111,230,7,328,510,68,3,74,1,,,22,13,0
2224699240000,532146d3-96cf-4502-a84c-6189a0d5314a,0,36.0,95202c3e-3795-49fd-9f9d-67d5e1041acd,204010,5430,25,25,13,49,1692,2342769205,111,149,7,407,510,68,3,74,1,,,22,13,0
2224699241000,79545e23-026a-4804-90e3-52d91cef2112,0,37.0,ddc1f6a8-f99d-4674-bb08-bf59d7092b91,203807,5430,10,67,52,49,940,2531194909,111,138,7,328,510,68,3,74,1,,,22,13,0
2224699242000,484dc815-34b0-4814-a9a0-891b0031d716,0,36.0,2376c74f-1f9f-409f-927d-ca70f4c657fc,203911,5430,5,45,6,49,940,20089145,111,122,7,328,510,68,3,74,1,,,22,13,0
2224699243000,5050f28a-ba74-448a-90fa-45ae63f20771,0,37.0,95202c3e-3795-49fd-9f9d-67d5e1041acd,204002,5430,20,69,9,49,7859,2342769205,111,221,7,407,510,68,3,74,1,,,22,13,0
2224699244000,4780b935-b82b-452c-96a4-78f04a848cfa,0,38.0,ddc1f6a8-f99d-4674-bb08-bf59d7092b91,203904,5430,25,41,13,49,7022,2342769205,111,394,4,407,9000,69,16,1,1,,,22,13,0
2224699245000,eeb6c3c5-599b-4d06-b207-bc708890b1c3,0,37.0,2376c74f-1f9f-409f-927d-ca70f4c657fc,203812,5430,11,39,5,49,7022,2342769205,111,340,4,407,9000,69,16,1,1,,,22,13,0
2224699246000,64143358-7323-4fb5-8b10-e0c2ce574749,0,38.0,95202c3e-3795-49fd-9f9d-67d5e1041acd,204003,5430,22,35,17,49,7022,2342769205,111,152,4,407,9000,69,16,1,1,,,22,13,0
2224699247000,70b57daa-d371-40da-90f0-f5398fa64a7c,0,39.0,ddc1f6a8-f99d-4674-bb08-bf59d7092b91,203806,5430,26,74,49,49,940,1062824687,111,81,7,407,9010,69,3,1,1,,,22,13,0
2224699200000,ca9aadfc-5c53-4b52-a86d-5363b8ed10ed,0,10.0,4e647c0d-a6ca-4fc9-8a6b-b3732e5d6c73,204007,5430,19,69,26,49,7022,2342769205,111,439,4,407,9000,69,16,1,16,,,22,13,0
2224699201000,5a6cc032-a851-4069-8ee3-b7c0d2740d9c,0,11.0,b2cdb3a6-a5ce-4c4b-b2e2-2bb42464e64a,203912,5430,15,22,42,994,7022,2342769205,111,35,4,407,9000,69,16,1,1,,,22,13,0
2224699202000,7fb5585a-7ab3-470f-a0ca-20082bbba562,0,12.0,59995cae-93d3-440c-a3f5-8b59841f8c83,204008,5430,8,23,4,49,7022,2342769205,111,313,4,407,9000,69,16,1,1,,,22,13,0
2224699203000,2f95b04d-f3e8-4e94-9636-0b7ad2fa8d42,0,11.0,4e647c0d-a6ca-4fc9-8a6b-b3732e5d6c73,204007,5430,15,42,45,49,7022,2342769205,111,336,4,407,9000,69,16,1,16,,,22,13,0
2224699204000,bfcc9344-0ddf-4f5e-9588-569b9ecba302,0,12.0,b2cdb3a6-a5ce-4c4b-b2e2-2bb42464e64a,203811,5430,29,49,49,49,7022,2342769205,111,269,4,407,9000,69,16,1,1,,,22,13,0
2224699205000,e6b88635-f19e-406c-90cc-ab4e3c8dc962,0,13.0,59995cae-93d3-440c-a3f5-8b59841f8c83,203810,5430,22,0,4,994,7022,2342769205,111,264,4,407,9000,69,16,1,1,,,22,13,0
2224699206000,5d82e6e7-c852-4459-8a74-f56c2f4664a8,0,13.0,4e647c0d-a6ca-4fc9-8a6b-b3732e5d6c73,204007,5430,24,4,14,49,7022,2342769205,111,438,4,407,9000,69,16,1,16,,,22,13,0
2224699207000,91d4e679-f844-4321-af23-7ce516c4593e,0,14.0,b2cdb3a6-a5ce-4c4b-b2e2-2bb42464e64a,203909,5430,29,2,10,49,940,1062824687,111,495,7,328,9010,69,3,1,1,,,22,13,0
2224699208000,298b20d4-e60a-4d93-94b1-3c8e80a3f0ac,0,15.0,59995cae-93d3-440c-a3f5-8b59841f8c83,203809,5430,23,17,6,49,3965,2342769205,111,197,7,983,510,68,3,74,1,,,22,13,0
2224699209000,b417acc6-63a9-451f-8c4c-b7de33f7797a,0,16.0,4e647c0d-a6ca-4fc9-8a6b-b3732e5d6c73,204007,5430,17,48,47,49,940,1062824687,111,396,7,328,510,68,16,74,16,,,22,13,0
2224699210000,801f2511-71af-4ce0-828c-0e3fd7ac2976,0,17.0,b2cdb3a6-a5ce-4c4b-b2e2-2bb42464e64a,203809,5430,13,75,35,49,940,2342769205,111,499,4,826,510,68,3,74,1,,,22,13,0
2224699211000,6fd42153-e74b-4d71-8d4e-cd324eaa3e90,0,18.0,59995cae-93d3-440c-a3f5-8b59841f8c83,203912,5430,14,8,38,994,9062,2342769205,111,269,7,407,510,68,3,74,1,,,22,13,0
2224699212000,d2551348-5c7c-4e3e-9d14-8a468de8ccce,0,19.0,4e647c0d-a6ca-4fc9-8a6b-b3732e5d6c73,204002,5430,21,76,47,49,940,4128040931,111,317,7,328,510,68,3,74,1,,,22,13,0
2224699213000,4ac8b192-b6f3-440a-b1f0-2592c8eb6c27,0,20.0,b2cdb3a6-a5ce-4c4b-b2e2-2bb42464e64a,204007,5430,9,30,30,49,3537,2342769205,111,168,7,407,100,68,16,66,1,,,22,13,0
2224699214000,28d2ae3e-255a-4baf-873e-0b84a91b4688,0,21.0,59995cae-93d3-440c-a3f5-8b59841f8c83,203809,5430,21,23,8,49,3744,2342769205,111,119,4,407,9000,69,16,1,1,,,22,13,0
2224699215000,b867e440-562e-4638-90e4-331d77a271eb,0,22.0,4e647c0d-a6ca-4fc9-8a6b-b3732e5d6c73,203912,5430,23,13,9,994,940,2531194909,111,258,7,328,510,68,3,74,1,,,22,13,0
2224699216000,fff08c01-4f56-4c61-86ed-f3181816aa9a,0,23.0,b2cdb3a6-a5ce-4c4b-b2e2-2bb42464e64a,203810,5430,15,23,41,49,7022,2342769205,111,439,4,407,9000,69,16,1,1,,,22,13,0
2224699217000,5d10c0bd-75ff-48a0-b433-63efde5b9b57,0,24.0,59995cae-93d3-440c-a3f5-8b59841f8c83,203906,5430,13,48,45,49,7022,2342769205,111,346,4,407,9000,69,16,1,1,,,22,13,0
2224699218000,98ece72a-b176-4b20-902e-01018925fe20,0,25.0,4e647c0d-a6ca-4fc9-8a6b-b3732e5d6c73,204010,5430,18,24,54,49,7022,2342769205,111,404,4,407,9000,69,16,1,1,,,22,13,0
2224699219000,e697694b-b057-420f-ab57-819251e110d3,0,26.0,b2cdb3a6-a5ce-4c4b-b2e2-2bb42464e64a,203905,5430,14,4,8,49,940,1062824687,111,249,7,328,9010,69,3,1,1,,,22,13,0
2224699220000,34f7526e-93e0-4b00-9c7b-b96ffe9c518a,0,27.0,59995cae-93d3-440c-a3f5-8b59841f8c83,203911,5430,12,38,47,49,940,20089145,111,343,7,328,510,68,3,74,1,,,22,13,0
2224699221000,68a76a4e-2ef1-46c4-8ead-65f2363e8f7d,0,28.0,4e647c0d-a6ca-4fc9-8a6b-b3732e5d6c73,204009,5430,15,68,59,49,940,20089145,111,291,7,407,9010,69,3,1,1,,,22,13,0
2224699222000,98574ae6-a43c-49d1-b6ac-a3ffb450e7bd,0,29.0,b2cdb3a6-a5ce-4c4b-b2e2-2bb42464e64a,203712,5430,21,2,42,49,940,2531194909,111,100,7,407,110,12,3,31,1,,,22,13,0
2224699223000,d4ead719-74bf-4d37-a1d9-020ccf54e053,0,30.0,59995cae-93d3-440c-a3f5-8b59841f8c83,203909,5430,23,6,41,49,940,3707276281,111,183,7,328,510,68,3,74,1,,,22,13,0
2224699224000,c1594621-ce7c-4679-baf3-7f0bd25bc484,0,29.0,4e647c0d-a6ca-4fc9-8a6b-b3732e5d6c73,203909,5430,7,56,1,49,940,1062824687,111,17,7,328,510,68,3,74,1,,,22,13,0
2224699225000,274eed8a-33c6-4217-b62d-d81400846d0a,0,30.0,b2cdb3a6-a5ce-4c4b-b2e2-2bb42464e64a,204008,5430,9,23,46,49,940,2531194909,111,189,7,328,510,68,3,74,1,,,22,13,0
2224699226000,405a1129-8222-4bd8-abc3-9cf810ff47cf,0,31.0,59995cae-93d3-440c-a3f5-8b59841f8c83,203907,5430,27,35,0,49,940,4128040931,111,214,7,328,510,68,3,74,1,,,22,13,0
2224699227000,9374fa33-6724-4e1e-806f-f4b996c09073,0,30.0,4e647c0d-a6ca-4fc9-8a6b-b3732e5d6c73,203909,5430,5,63,10,49,7022,2342769205,111,36,4,407,9000,69,16,1,1,,,22,13,0
2224699228000,33412203-b63c-45f9-b1e8-57f817f438a3,0,31.0,b2cdb3a6-a5ce-4c4b-b2e2-2bb42464e64a,203902,5430,25,62,49,49,7022,2342769205,111,138,4,407,9000,69,16,1,1,,,22,13,0
2224699229000,d1fc0ca8-c031-4997-83b2-1c5e4d26e446,0,32.0,59995cae-93d3-440c-a3f5-8b59841f8c83,204003,5430,7,70,0,49,940,2342769205,111,210,7,407,510,68,3,36,1,,,22,13,0
2224699230000,b90a940a-cdaf-4096-9376-bb2f158d796c,0,31.0,4e647c0d-a6ca-4fc9-8a6b-b3732e5d6c73,203907,5430,10,23,17,49,940,2531194909,111,346,7,328,510,68,3,74,1,,,22,13,0
2224699231000,ebec0e02-cb52-48b0-a4af-f64c479ec5d3,0,32.0,b2cdb3a6-a5ce-4c4b-b2e2-2bb42464e64a,203810,5430,13,20,52,49,3965,2342769205,111,237,7,407,510,68,3,74,1,,,22,13,0
2224699232000,591f1590-cacc-4182-97b1-79500042f1bb,0,33.0,59995cae-93d3-440c-a3f5-8b59841f8c83,203912,5430,18,14,42,49,940,2531194909,111,89,7,328,510,68,3,74,1,,,22,13,0
2224699233000,ffd4e1a5-a5a3-48dc-a955-09adf71c2aca,0,32.0,4e647c0d-a6ca-4fc9-8a6b-b3732e5d6c73,203809,5430,27,38,22,49,7022,2342769205,111,495,4,407,9000,69,16,1,1,,,22,13,0
2224699234000,faa2b5f1-b72c-4e53-a89c-aa96ba037123,0,33.0,b2cdb3a6-a5ce-4c4b-b2e2-2bb42464e64a,203809,5430,10,73,28,49,940,2342769205,111,385,4,826,510,68,3,74,1,,,22,13,0
2224699235000,57bffe8e-0e7e-4217-a6f8-e6d6ca4b9087,0,34.0,59995cae-93d3-440c-a3f5-8b59841f8c83,203801,5430,12,34,53,49,940,2342769205,111,335,7,407,510,68,3,36,1,,,22,13,0
2224699236000,1a46d490-b3f6-4849-9515-1cfd72002e04,0,33.0,4e647c0d-a6ca-4fc9-8a6b-b3732e5d6c73,203902,5430,13,68,27,49,940,1062824687,111,420,7,407,9010,69,3,1,1,,,22,13,0
2224699237000,3cdad53e-ebbb-46da-bb2d-fc8c2886b8b8,0,35.0,b2cdb3a6-a5ce-4c4b-b2e2-2bb42464e64a,203811,5430,20,59,49,49,7859,2342769205,111,474,7,407,510,68,3,74,1,,,22,13,0
2224699238000,f343cf80-2844-4f2b-8498-6bd19457ecb6,0,36.0,59995cae-93d3-440c-a3f5-8b59841f8c83,204001,5430,16,30,13,49,940,1032826250,111,389,7,328,510,68,3,74,1,,,22,13,0
2224699239000,1fd79c38-92d9-4e96-91b8-a5a4b36027e0,0,35.0,4e647c0d-a6ca-4fc9-8a6b-b3732e5d6c73,203810,5430,16,47,35,49,940,2531194909,111,230,7,328,510,68,3,74,1,,,22,13,0
2224699240000,0673da1f-f97a-4a31-9cb3-3c231ef266ce,0,36.0,b2cdb3a6-a5ce-4c4b-b2e2-2bb42464e64a,204010,5430,25,25,13,49,1692,2342769205,111,149,7,407,510,68,3,74,1,,,22,13,0
2224699241000,ff3d49d4-9452-4a1e-95fb-85ce414a721b,0,37.0,59995cae-93d3-440c-a3f5-8b59841f8c83,203807,5430,10,67,52,49,940,2531194909,111,138,7,328,510,68,3,74,1,,,22,13,0
2224699242000,869dcfeb-26e2-4e33-bb8d-42a1545b5c5b,0,36.0,4e647c0d-a6ca-4fc9-8a6b-b3732e5d6c73,203911,5430,5,45,6,49,940,20089145,111,122,7,328,510,68,3,74,1,,,22,13,0
2224699243000,84ff0b81-f2c2-4d41-90d7-503478bfb9f4,0,37.0,b2cdb3a6-a5ce-4c4b-b2e2-2bb42464e64a,204002,5430,20,69,9,49,7859,2342769205,111,221,7,407,510,68,3,74,1,,,22,13,0
2224699244000,57875572-1509-4c43-bc20-028fae8d1486,0,38.0,59995cae-93d3-440c-a3f5-8b59841f8c83,203904,5430,25,41,13,49,7022,2342769205,111,394,4,407,9000,69,16,1,1,,,22,13,0
2224699245000,73b06069-f673-48a1-a815-a5ce14a8e45d,0,37.0,4e647c0d-a6ca-4fc9-8a6b-b3732e5d6c73,203812,5430,11,39,5,49,7022,2342769205,111,340,4,407,9000,69,16,1,1,,,22,13,0
2224699246000,2ee9580e-8621-40ee-b41c-743b4d3474f2,0,38.0,b2cdb3a6-a5ce-4c4b-b2e2-2bb42464e64a,204003,5430,22,35,17,49,7022,2342769205,111,152,4,407,9000,69,16,1,1,,,22,13,0
2224699247000,397da09c-b6fb-4808-a291-f1c622729772,0,39.0,59995cae-93d3-440c-a3f5-8b59841f8c83,203806,5430,26,74,49,49,940,1062824687,111,81,7,407,9010,69,3,1,1,,,22,13,0
2224699200000,bfa13566-5297-4cc3-b3a1-927520cb4fae,0,10.0,8ae4a147-a6e7-49f2-911c-1d1be17f6784,204007,5430,19,69,26,49,7022,2342769205,111,439,4,407,9000,69,16,1,16,,,22,13,0
2224699201000,5e095b29-4dce-4915-98b0-cb5773b31e52,0,11.0,4d1b4f54-c050-4f7f-a4cf-f049975eebd9,203912,5430,15,22,42,994,7022,2342769205,111,35,4,407,9000,69,16,1,1,,,22,13,0
2224699202000,a372c2f3-65e3-4e94-bc1a-97be2803b8a4,0,12.0,d0707568-5f11-44cf-9b89-48d5b0fd77f0,204008,5430,8,23,4,49,7022,2342769205,111,313,4,407,9000,69,16,1,1,,,22,13,0
2224699203000,3d0490a9-fc0e-43d2-980d-7733d1cb22ad,0,11.0,8ae4a147-a6e7-49f2-911c-1d1be17f6784,204007,5430,15,42,45,49,7022,2342769205,111,336,4,407,9000,69,16,1,16,,,22,13,0
2224699204000,6014e82b-b693-4c4e-baa9-fc968d6bb20c,0,12.0,4d1b4f54-c050-4f7f-a4cf-f049975eebd9,203811,5430,29,49,49,49,7022,2342769205,111,269,4,407,9000,69,16,1,1,,,22,13,0
2224699205000,9c03e798-9ed7-4e96-bf20-4a9740f6a3e2,0,13.0,d0707568-5f11-44cf-9b89-48d5b0fd77f0,203810,5430,22,0,4,994,7022,2342769205,111,264,4,407,9000,69,16,1,1,,,22,13,0
2224699206000,7cd20599-b73f-44fd-b834-d767dc2d76f5,0,13.0,8ae4a147-a6e7-49f2-911c-1d1be17f6784,204007,5430,24,4,14,49,7022,2342769205,111,438,4,407,9000,69,16,1,16,,,22,13,0
2224699207000,be7af233-1b71-4087-a00f-9582f77045c2,0,14.0,4d1b4f54-c050-4f7f-a4cf-f049975eebd9,203909,5430,29,2,10,49,940,1062824687,111,495,7,328,9010,69,3,1,1,,,22,13,0
2224699208000,713cbf6e-f7b0-4cd5-ab73-23a188b42c04,0,15.0,d0707568-5f11-44cf-9b89-48d5b0fd77f0,203809,5430,23,17,6,49,3965,2342769205,111,197,7,983,510,68,3,74,1,,,22,13,0
2224699209000,6cbaab09-9579-42f6-8abf-3083e7cee83a,0,16.0,8ae4a147-a6e7-49f2-911c-1d1be17f6784,204007,5430,17,48,47,49,940,1062824687,111,396,7,328,510,68,16,74,16,,,22,13,0
2224699210000,dc2de223-d39a-483b-af25-c226d8712f86,0,17.0,4d1b4f54-c050-4f7f-a4cf-f049975eebd9,203809,5430,13,75,35,49,940,2342769205,111,499,4,826,510,68,3,74,1,,,22,13,0
2224699211000,110fe72a-17d1-4b03-ad1e-2da5b78f1eb0,0,18.0,d0707568-5f11-44cf-9b89-48d5b0fd77f0,203912,5430,14,8,38,994,9062,2342769205,111,269,7,407,510,68,3,74,1,,,22,13,0
2224699212000,ea6fb124-6b1d-4256-862c-32a5612506e9,0,19.0,8ae4a147-a6e7-49f2-911c-1d1be17f6784,204002,5430,21,76,47,49,940,4128040931,111,317,7,328,510,68,3,74,1,,,22,13,0
2224699213000,f09b090a-1e48-42a3-97ce-33d52c9c1a49,0,20.0,4d1b4f54-c050-4f7f-a4cf-f049975eebd9,204007,5430,9,30,30,49,3537,2342769205,111,168,7,407,100,68,16,66,1,,,22,13,0
2224699214000,0a8ced45-e95e-4f42-a21a-227a442aa43e,0,21.0,d0707568-5f11-44cf-9b89-48d5b0fd77f0,203809,5430,21,23,8,49,3744,2342769205,111,119,4,407,9000,69,16,1,1,,,22,13,0
2224699215000,fbdb4385-f997-4d11-87aa-72f4b100e46d,0,22.0,8ae4a147-a6e7-49f2-911c-1d1be17f6784,203912,5430,23,13,9,994,940,2531194909,111,258,7,328,510,68,3,74,1,,,22,13,0
2224699216000,e6846e7c-1ed9-4063-837f-5850f5b4a04b,0,23.0,4d1b4f54-c050-4f7f-a4cf-f049975eebd9,203810,5430,15,23,41,49,7022,2342769205,111,439,4,407,9000,69,16,1,1,,,22,13,0
2224699217000,82f0f9d5-0ea2-40e7-aa07-b15217a29793,0,24.0,d0707568-5f11-44cf-9b89-48d5b0fd77f0,203906,5430,13,48,45,49,7022,2342769205,111,346,4,407,9000,69,16,1,1,,,22,13,0
2224699218000,83483aaf-0ff6-4208-84b0-432ed0a2e4f5,0,25.0,8ae4a147-a6e7-49f2-911c-1d1be17f6784,204010,5430,18,24,54,49,7022,2342769205,111,404,4,407,9000,69,16,1,1,,,22,13,0
2224699219000,03658328-f2ec-4590-859f-5c2236a29804,0,26.0,4d1b4f54-c050-4f7f-a4cf-f049975eebd9,203905,5430,14,4,8,49,940,1062824687,111,249,7,328,9010,69,3,1,1,,,22,13,0
2224699220000,e35f9312-cf56-458a-9324-ae6da818f4f6,0,27.0,d0707568-5f11-44cf-9b89-48d5b0fd77f0,203911,5430,12,38,47,49,940,20089145,111,343,7,328,510,68,3,74,1,,,22,13,0
2224699221000,ffceeb7e-709b-471e-9b82-bee81273a12e,0,28.0,8ae4a147-a6e7-49f2-911c-1d1be17f6784,204009,5430,15,68,59,49,940,20089145,111,291,7,407,9010,69,3,1,1,,,22,13,0
2224699222000,e5794586-873a-43fd-86ac-802248bb5a9a,0,29.0,4d1b4f54-c050-4f7f-a4cf-f049975eebd9,203712,5430,21,2,42,49,940,2531194909,111,100,7,407,110,12,3,31,1,,,22,13,0
2224699223000,0ca5d3df-56b4-4175-80a4-90f360f63b74,0,30.0,d0707568-5f11-44cf-9b89-48d5b0fd77f0,203909,5430,23,6,41,49,940,3707276281,111,183,7,328,510,68,3,74,1,,,22,13,0
2224699224000,f7997be1-ad73-4992-9a32-10580af9a12c,0,29.0,8ae4a147-a6e7-49f2-911c-1d1be17f6784,203909,5430,7,56,1,49,940,1062824687,111,17,7,328,510,68,3,74,1,,,22,13,0
2224699225000,f52376d5-f3f7-4cb0-9bae-93b526904d64,0,30.0,4d1b4f54-c050-4f7f-a4cf-f049975eebd9,204008,5430,9,23,46,49,940,2531194909,111,189,7,328,510,68,3,74,1,,,22,13,0
2224699226000,2da47b3c-7888-4aba-8f4f-00492bc663d6,0,31.0,d0707568-5f11-44cf-9b89-48d5b0fd77f0,203907,5430,27,35,0,49,940,4128040931,111,214,7,328,510,68,3,74,1,,,22,13,0
2224699227000,9bcf7f9e-8e91-4b73-a61b-0ae0291e036e,0,30.0,8ae4a147-a6e7-49f2-911c-1d1be17f6784,203909,5430,5,63,10,49,7022,2342769205,111,36,4,407,9000,69,16,1,1,,,22,13,0
2224699228000,0f053cbe-a00b-496d-a157-d8752a7c9e00,0,31.0,4d1b4f54-c050-4f7f-a4cf-f049975eebd9,203902,5430,25,62,49,49,7022,2342769205,111,138,4,407,9000,69,16,1,1,,,22,13,0
2224699229000,dd992e82-9bac-432a-b06a-3975365e11a6,0,32.0,d0707568-5f11-44cf-9b89-48d5b0fd77f0,204003,5430,7,70,0,49,940,2342769205,111,210,7,407,510,68,3,36,1,,,22,13,0
2224699230000,f73d9412-07a1-4baa-9e3c-1e3c5034dc12,0,31.0,8ae4a147-a6e7-49f2-911c-1d1be17f6784,203907,5430,10,23,17,49,940,2531194909,111,346,7,328,510,68,3,74,1,,,22,13,0
2224699231000,9419dc55-6149-40cf-a758-41c3421ff07c,0,32.0,4d1b4f54-c050-4f7f-a4cf-f049975eebd9,203810,5430,13,20,52,49,3965,2342769205,111,237,7,407,510,68,3,74,1,,,22,13,0
2224699232000,d4037d52-e427-460c-847f-369d95e478c3,0,33.0,d0707568-5f11-44cf-9b89-48d5b0fd77f0,203912,5430,18,14,42,49,940,2531194909,111,89,7,328,510,68,3,74,1,,,22,13,0
2224699233000,ecbb67e4-4992-481a-9687-2471f299e549,0,32.0,8ae4a147-a6e7-49f2-911c-1d1be17f6784,203809,5430,27,38,22,49,7022,2342769205,111,495,4,407,9000,69,16,1,1,,,22,13,0
2224699234000,bf9b1a93-fbbd-45c1-a6d4-b3adc5d91a81,0,33.0,4d1b4f54-c050-4f7f-a4cf-f049975eebd9,203809,5430,10,73,28,49,940,2342769205,111,385,4,826,510,68,3,74,1,,,22,13,0
2224699235000,965e438b-e284-4344-a31f-0acb15c7519a,0,34.0,d0707568-5f11-44cf-9b89-48d5b0fd77f0,203801,5430,12,34,53,49,940,2342769205,111,335,7,407,510,68,3,36,1,,,22,13,0
2224699236000,195912c2-7f71-4acf-82c6-ab9fc6162f1f,0,33.0,8ae4a147-a6e7-49f2-911c-1d1be17f6784,203902,5430,13,68,27,49,940,1062824687,111,420,7,407,9010,69,3,1,1,,,22,13,0
2224699237000,9ec1793d-083c-4eae-96c0-8da3ef8a6df1,0,35.0,4d1b4f54-c050-4f7f-a4cf-f049975eebd9,203811,5430,20,59,49,49,7859,2342769205,111,474,7,407,510,68,3,74,1,,,22,13,0
2224699238000,28c4e967-859a-4900-bd84-070d940f9767,0,36.0,d0707568-5f11-44cf-9b89-48d5b0fd77f0,204001,5430,16,30,13,49,940,1032826250,111,389,7,328,510,68,3,74,1,,,22,13,0
2224699239000,a867e591-266b-4a42-87de-8e3bf4cb424e,0,35.0,8ae4a147-a6e7-49f2-911c-1d1be17f6784,203810,5430,16,47,35,49,940,2531194909,111,230,7,328,510,68,3,74,1,,,22,13,0
2224699240000,8fb19a69-e378-4677-8c3c-3cd88d45c339,0,36.0,4d1b4f54-c050-4f7f-a4cf-f049975eebd9,204010,5430,25,25,13,49,1692,2342769205,111,149,7,407,510,68,3,74,1,,,22,13,0
2224699241000,822f1dfe-448d-43e5-9bee-d1314050caed,0,37.0,d0707568-5f11-44cf-9b89-48d5b0fd77f0,203807,5430,10,67,52,49,940,2531194909,111,138,7,328,510,68,3,74,1,,,22,13,0
2224699242000,c4fa2b70-618d-4f8d-8b1a-713b8018cc15,0,36.0,8ae4a147-a6e7-49f2-911c-1d1be17f6784,203911,5430,5,45,6,49,940,20089145,111,122,7,328,510,68,3,74,1,,,22,13,0
2224699243000,159ccb57-b691-4b18-ad51-ae80ddfe39bd,0,37.0,4d1b4f54-c050-4f7f-a4cf-f049975eebd9,204002,5430,20,69,9,49,7859,2342769205,111,221,7,407,510,68,3,74,1,,,22,13,0
2224699244000,9ec611d5-d5c1-4c4e-bbcc-76794bd62ab5,0,38.0,d0707568-5f11-44cf-9b89-48d5b0fd77f0,203904,5430,25,41,13,49,7022,2342769205,111,394,4,407,9000,69,16,1,1,,,22,13,0
2224699245000,0969d926-d128-4e1b-896e-3a9920c34429,0,37.0,8ae4a147-a6e7-49f2-911c-1d1be17f6784,203812,5430,11,39,5,49,7022,2342769205,111,340,4,407,9000,69,16,1,1,,,22,13,0
2224699246000,045fd1b0-c549-4d90-ae28-b4703a2f6447,0,38.0,4d1b4f54-c050-4f7f-a4cf-f049975eebd9,204003,5430,22,35,17,49,7022,2342769205,111,152,4,407,9000,69,16,1,1,,,22,13,0
2224699247000,05b1ede4-0522-4b91-a9ef-ec3ecd5c87cd,0,39.0,d0707568-5f11-44cf-9b89-48d5b0fd77f0,203806,5430,26,74,49,49,940,1062824687,111,81,7,407,9010,69,3,1,1,,,22,13,0
2224699200000,62d49e90-517c-4c72-ad00-299115592ac7,0,10.0,f81191e4-7a94-4a34-a860-4d673928b234,204007,5430,19,69,26,49,7022,2342769205,111,439,4,407,9000,69,16,1,16,,,22,13,0
2224699201000,501dbaf6-fe6d-4492-979f-c4ba16fd0235,0,11.0,da0cae02-1289-4c44-95d0-3f72b4a1b674,203912,5430,15,22,42,994,7022,2342769205,111,35,4,407,9000,69,16,1,1,,,22,13,0
2224699202000,528fcb9b-f23b-4b96-8ad8-3545fd1d0237,0,12.0,49e1de3e-3826-4a18-b24c-819c44b77836,204008,5430,8,23,4,49,7022,2342769205,111,313,4,407,9000,69,16,1,1,,,22,13,0
2224699203000,e0a39681-6ae5-47c6-9f12-7220bbfe0a00,0,11.0,f81191e4-7a94-4a34-a860-4d673928b234,204007,5430,15,42,45,49,7022,2342769205,111,336,4,407,9000,69,16,1,16,,,22,13,0
2224699204000,cb2e6236-acde-4f58-9642-e8ec167aa7f6,0,12.0,da0cae02-1289-4c44-95d0-3f72b4a1b674,203811,5430,29,49,49,49,7022,2342769205,111,269,4,407,9000,69,16,1,1,,,22,13,0
2224699205000,f1be0a51-2071-4faf-aa57-e2b9d3b34fcb,0,13.0,49e1de3e-3826-4a18-b24c-819c44b77836,203810,5430,22,0,4,994,7022,2342769205,111,264,4,407,9000,69,16,1,1,,,22,13,0
2224699206000,fe0a9199-b900-4a2c-bdce-8366157bd363,0,13.0,f81191e4-7a94-4a34-a860-4d673928b234,204007,5430,24,4,14,49,7022,2342769205,111,438,4,407,9000,69,16,1,16,,,22,13,0
2224699207000,d28f9341-067f-4d23-9d82-f8cbc6249645,0,14.0,da0cae02-1289-4c44-95d0-3f72b4a1b674,203909,5430,29,2,10,49,940,1062824687,111,495,7,328,9010,69,3,1,1,,,22,13,0
2224699208000,2eef09d4-4a45-40b1-af2b-c015d8a85e92,0,15.0,49e1de3e-3826-4a18-b24c-819c44b77836,203809,5430,23,17,6,49,3965,2342769205,111,197,7,983,510,68,3,74,1,,,22,13,0
2224699209000,cf6cd7e7-344b-4586-b28d-c30eb61d88d3,0,16.0,f81191e4-7a94-4a34-a860-4d673928b234,204007,5430,17,48,47,49,940,1062824687,111,396,7,328,510,68,16,74,16,,,22,13,0
2224699210000,7f43a8e8-8ac6-48e5-bea3-93bdf6609dfd,0,17.0,da0cae02-1289-4c44-95d0-3f72b4a1b674,203809,5430,13,75,35,49,940,2342769205,111,499,4,826,510,68,3,74,1,,,22,13,0
2224699211000,c9fdcb93-da06-44b1-937d-41ae7e613eeb,0,18.0,49e1de3e-3826-4a18-b24c-819c44b77836,203912,5430,14,8,38,994,9062,2342769205,111,269,7,407,510,68,3,74,1,,,22,13,0
2224699212000,d707a028-ec0b-4196-9060-5676cb7b800a,0,19.0,f81191e4-7a94-4a34-a860-4d673928b234,204002,5430,21,76,47,49,940,4128040931,111,317,7,328,510,68,3,74,1,,,22,13,0
2224699213000,acb50b53-943d-4957-82d5-7717ecd343ef,0,20.0,da0cae02-1289-4c44-95d0-3f72b4a1b674,204007,5430,9,30,30,49,3537,2342769205,111,168,7,407,100,68,16,66,1,,,22,13,0
2224699214000,5a143962-2651-4482-81fb-2a43cbd3e43b,0,21.0,49e1de3e-3826-4a18-b24c-819c44b77836,203809,5430,21,23,8,49,3744,2342769205,111,119,4,407,9000,69,16,1,1,,,22,13,0
2224699215000,8d8d8374-c9e9-48e5-b3dd-d777662a6288,0,22.0,f81191e4-7a94-4a34-a860-4d673928b234,203912,5430,23,13,9,994,940,2531194909,111,258,7,328,510,68,3,74,1,,,22,13,0
2224699216000,d5749a6a-24bc-4ec3-acaf-2b1c20acc1cb,0,23.0,da0cae02-1289-4c44-95d0-3f72b4a1b674,203810,5430,15,23,41,49,7022,2342769205,111,439,4,407,9000,69,16,1,1,,,22,13,0
2224699217000,29b3f576-86bb-48e0-b9c4-aae254019842,0,24.0,49e1de3e-3826-4a18-b24c-819c44b77836,203906,5430,13,48,45,49,7022,2342769205,111,346,4,407,9000,69,16,1,1,,,22,13,0
2224699218000,8d9ae58d-8f02-4d8e-9c05-7c72a05816e5,0,25.0,f81191e4-7a94-4a34-a860-4d673928b234,204010,5430,18,24,54,49,7022,2342769205,111,404,4,407,9000,69,16,1,1,,,22,13,0
2224699219000,805a3a68-4d32-4e81-b242-16b1c3119228,0,26.0,da0cae02-1289-4c44-95d0-3f72b4a1b674,203905,5430,14,4,8,49,940,1062824687,111,249,7,328,9010,69,3,1,1,,,22,13,0
2224699220000,e702fa1b-9174-43da-989b-c17b4f80aae4,0,27.0,49e1de3e-3826-4a18-b24c-819c44b77836,203911,5430,12,38,47,49,940,20089145,111,343,7,328,510,68,3,74,1,,,22,13,0
2224699221000,d9058144-7d30-42be-8fe2-41ef91695344,0,28.0,f81191e4-7a94-4a34-a860-4d673928b234,204009,5430,15,68,59,49,940,20089145,111,291,7,407,9010,69,3,1,1,,,22,13,0
2224699222000,e7a76f19-0a0d-46b2-a6f5-ba69ade52888,0,29.0,da0cae02-1289-4c44-95d0-3f72b4a1b674,203712,5430,21,2,42,49,940,2531194909,111,100,7,407,110,12,3,31,1,,,22,13,0
2224699223000,f056283e-7452-4a85-9f11-fec10313fdbb,0,30.0,49e1de3e-3826-4a18-b24c-819c44b77836,203909,5430,23,6,41,49,940,3707276281,111,183,7,328,510,68,3,74,1,,,22,13,0
2224699224000,292287a3-91e4-4a15-93dc-46fd48f4bcd4,0,29.0,f81191e4-7a94-4a34-a860-4d673928b234,203909,5430,7,56,1,49,940,1062824687,111,17,7,328,510,68,3,74,1,,,22,13,0
2224699225000,516a56d9-2597-4fc7-a6eb-759d3c7572f8,0,30.0,da0cae02-1289-4c44-95d0-3f72b4a1b674,204008,5430,9,23,46,49,940,2531194909,111,189,7,328,510,68,3,74,1,,,22,13,0
2224699226000,f1213a6e-10bf-4297-9820-2e6b0125b970,0,31.0,49e1de3e-3826-4a18-b24c-819c44b77836,203907,5430,27,35,0,49,940,4128040931,111,214,7,328,510,68,3,74,1,,,22,13,0
2224699227000,0713e624-8ffb-4940-a267-ca4a77ebec50,0,30.0,f81191e4-7a94-4a34-a860-4d673928b234,203909,5430,5,63,10,49,7022,2342769205,111,36,4,407,9000,69,16,1,1,,,22,13,0
2224699228000,6b300e72-4258-4764-914d-8324231cbd96,0,31.0,da0cae02-1289-4c44-95d0-3f72b4a1b674,203902,5430,25,62,49,49,7022,2342769205,111,138,4,407,9000,69,16,1,1,,,22,13,0
2224699229000,f8b03832-05f7-4b61-ae82-06b3061b5a48,0,32.0,49e1de3e-3826-4a18-b24c-819c44b77836,204003,5430,7,70,0,49,940,2342769205,111,210,7,407,510,68,3,36,1,,,22,13,0
2224699230000,8df377e8-41f6-4b45-9e3a-80e334c70662,0,31.0,f81191e4-7a94-4a34-a860-4d673928b234,203907,5430,10,23,17,49,940,2531194909,111,346,7,328,510,68,3,74,1,,,22,13,0
2224699231000,a2b283b4-d41b-4f6a-bfdd-db879b11e69f,0,32.0,da0cae02-1289-4c44-95d0-3f72b4a1b674,203810,5430,13,20,52,49,3965,2342769205,111,237,7,407,510,68,3,74,1,,,22,13,0
2224699232000,90aa3868-2205-43bb-8b61-31d851a5e952,0,33.0,49e1de3e-3826-4a18-b24c-819c44b77836,203912,5430,18,14,42,49,940,2531194909,111,89,7,328,510,68,3,74,1,,,22,13,0
2224699233000,4745d1dd-0970-40a4-984b-2c33b40e454f,0,32.0,f81191e4-7a94-4a34-a860-4d673928b234,203809,5430,27,38,22,49,7022,2342769205,111,495,4,407,9000,69,16,1,1,,,22,13,0
2224699234000,0036375d-f765-4c41-a61a-6d799f2b94a3,0,33.0,da0cae02-1289-4c44-95d0-3f72b4a1b674,203809,5430,10,73,28,49,940,2342769205,111,385,4,826,510,68,3,74,1,,,22,13,0
2224699235000,1a9b4703-042a-4223-9542-76858a275492,0,34.0,49e1de3e-3826-4a18-b24c-819c44b77836,203801,5430,12,34,53,49,940,2342769205,111,335,7,407,510,68,3,36,1,,,22,13,0
2224699236000,60fb2deb-a021-4418-9238-d38e3da8e915,0,33.0,f81191e4-7a94-4a34-a860-4d673928b234,203902,5430,13,68,27,49,940,1062824687,111,420,7,407,9010,69,3,1,1,,,22,13,0
2224699237000,8ea4dcd9-9e18-42f7-9d65-3864ec57a2e1,0,35.0,da0cae02-1289-4c44-95d0-3f72b4a1b674,203811,5430,20,59,49,49,7859,2342769205,111,474,7,407,510,68,3,74,1,,,22,13,0
2224699238000,cae1e4f2-de37-43db-a74a-60918840ffcd,0,36.0,49e1de3e-3826-4a18-b24c-819c44b77836,204001,5430,16,30,13,49,940,1032826250,111,389,7,328,510,68,3,74,1,,,22,13,0
2224699239000,9e8a4463-595f-4db7-9fab-e2118f71418c,0,35.0,f81191e4-7a94-4a34-a860-4d673928b234,203810,5430,16,47,35,49,940,2531194909,111,230,7,328,510,68,3,74,1,,,22,13,0
2224699240000,ddddbbf6-650a-4d5c-a537-984123effd4e,0,36.0,da0cae02-1289-4c44-95d0-3f72b4a1b674,204010,5430,25,25,13,49,1692,2342769205,111,149,7,407,510,68,3,74,1,,,22,13,0
2224699241000,af5c49d0-2289-4ff3-b291-70b3d7d38262,0,37.0,49e1de3e-3826-4a18-b24c-819c44b77836,203807,5430,10,67,52,49,940,2531194909,111,138,7,328,510,68,3,74,1,,,22,13,0
2224699242000,21679a76-faa9-4349-9dee-e77cb463c07d,0,36.0,f81191e4-7a94-4a34-a860-4d673928b234,203911,5430,5,45,6,49,940,20089145,111,122,7,328,510,68,3,74,1,,,22,13,0
2224699243000,b0dfc2b7-163e-4042-b7d1-6d2bc2c3dad0,0,37.0,da0cae02-1289-4c44-95d0-3f72b4a1b674,204002,5430,20,69,9,49,7859,2342769205,111,221,7,407,510,68,3,74,1,,,22,13,0
2224699244000,cdc8ab09-1439-40c8-aa4c-079582509221,0,38.0,49e1de3e-3826-4a18-b24c-819c44b77836,203904,5430,25,41,13,49,7022,2342769205,111,394,4,407,9000,69,16,1,1,,,22,13,0
2224699245000,a5f8a296-03c6-49f2-8150-68382f9f97ab,0,37.0,f81191e4-7a94-4a34-a860-4d673928b234,203812,5430,11,39,5,49,7022,2342769205,111,340,4,407,9000,69,16,1,1,,,22,13,0
2224699246000,db80a644-8630-4909-bc5c-1fc6e9d7d937,0,38.0,da0cae02-1289-4c44-95d0-3f72b4a1b674,204003,5430,22,35,17,49,7022,2342769205,111,152,4,407,9000,69,16,1,1,,,22,13,0
2224699247000,d5eabf80-48b3-4182-b3e7-cad96999f30f,0,39.0,49e1de3e-3826-4a18-b24c-819c44b77836,203806,5430,26,74,49,49,940,1062824687,111,81,7,407,9010,69,3,1,1,,,22,13,0
2224699200000,4d4dbfbe-c752-4593-8291-412b9e372ed2,0,10.0,b3b45a88-4ef1-4209-aea2-577477b53478,204007,5430,19,69,26,49,7022,2342769205,111,439,4,407,9000,69,16,1,16,,,22,13,0
2224699201000,801fbb83-0fdf-42a1-be8c-0fe059ae3ea1,0,11.0,2f12a33b-5176-4e8f-9b85-0dbb510ce6dc,203912,5430,15,22,42,994,7022,2342769205,111,35,4,407,9000,69,16,1,1,,,22,13,0
2224699202000,497d91f4-bf79-42bb-96c7-51ae293d5048,0,12.0,3eda3d47-c9f1-454d-9e72-a87a710527ba,204008,5430,8,23,4,49,7022,2342769205,111,313,4,407,9000,69,16,1,1,,,22,13,0
2224699203000,3c4d3416-246d-42f2-bbae-70a8787f9ccc,0,11.0,b3b45a88-4ef1-4209-aea2-577477b53478,204007,5430,15,42,45,49,7022,2342769205,111,336,4,407,9000,69,16,1,16,,,22,13,0
2224699204000,b04c1ff8-b142-43d4-b97f-0fad47ad00c0,0,12.0,2f12a33b-5176-4e8f-9b85-0dbb510ce6dc,203811,5430,29,49,49,49,7022,2342769205,111,269,4,407,9000,69,16,1,1,,,22,13,0
2224699205000,db219753-4339-4935-8917-6fdac2dfb733,0,13.0,3eda3d47-c9f1-454d-9e72-a87a710527ba,203810,5430,22,0,4,994,7022,2342769205,111,264,4,407,9000,69,16,1,1,,,22,13,0
2224699206000,229237c7-f067-444d-b23d-2d5411ed0517,0,13.0,b3b45a88-4ef1-4209-aea2-577477b53478,204007,5430,24,4,14,49,7022,2342769205,111,438,4,407,9000,69,16,1,16,,,22,13,0
2224699207000,41d308a8-6cd3-4fa4-9111-e45b37215d97,0,14.0,2f12a33b-5176-4e8f-9b85-0dbb510ce6dc,203909,5430,29,2,10,49,940,1062824687,111,495,7,328,9010,69,3,1,1,,,22,13,0
2224699208000,a0b43e91-a5a2-4614-8cb9-ab94451ded87,0,15.0,3eda3d47-c9f1-454d-9e72-a87a710527ba,203809,5430,23,17,6,49,3965,2342769205,111,197,7,983,510,68,3,74,1,,,22,13,0
2224699209000,7a6465ae-15e4-48bb-b3ee-da200d441b32,0,16.0,b3b45a88-4ef1-4209-aea2-577477b53478,204007,5430,17,48,47,49,940,1062824687,111,396,7,328,510,68,16,74,16,,,22,13,0
2224699210000,31339636-fbf9-4d58-9047-7af6c1643cf0,0,17.0,2f12a33b-5176-4e8f-9b85-0dbb510ce6dc,203809,5430,13,75,35,49,940,2342769205,111,499,4,826,510,68,3,74,1,,,22,13,0
2224699211000,833301ff-99a0-4228-a016-7a6aeb35b89f,0,18.0,3eda3d47-c9f1-454d-9e72-a87a710527ba,203912,5430,14,8,38,994,9062,2342769205,111,269,7,407,510,68,3,74,1,,,22,13,0
2224699212000,20d58518-2308-454a-b5c8-21dffb775306,0,19.0,b3b45a88-4ef1-4209-aea2-577477b53478,204002,5430,21,76,47,49,940,4128040931,111,317,7,328,510,68,3,74,1,,,22,13,0
2224699213000,cf07dd7a-99ef-437d-90a0-f677932cc15b,0,20.0,2f12a33b-5176-4e8f-9b85-0dbb510ce6dc,204007,5430,9,30,30,49,3537,2342769205,111,168,7,407,100,68,16,66,1,,,22,13,0
2224699214000,c32ab1a8-ad89-453c-8166-c1b841622745,0,21.0,3eda3d47-c9f1-454d-9e72-a87a710527ba,203809,5430,21,23,8,49,3744,2342769205,111,119,4,407,9000,69,16,1,1,,,22,13,0
2224699215000,2a25952b-3064-4fb0-81d8-831591bc0f2b,0,22.0,b3b45a88-4ef1-4209-aea2-577477b53478,203912,5430,23,13,9,994,940,2531194909,111,258,7,328,510,68,3,74,1,,,22,13,0
2224699216000,fba3505d-700f-4eed-9a61-afe88429c55b,0,23.0,2f12a33b-5176-4e8f-9b85-0dbb510ce6dc,203810,5430,15,23,41,49,7022,2342769205,111,439,4,407,9000,69,16,1,1,,,22,13,0
2224699217000,a4d479c9-2969-4991-a208-4a16a7bd9264,0,24.0,3eda3d47-c9f1-454d-9e72-a87a710527ba,203906,5430,13,48,45,49,7022,2342769205,111,346,4,407,9000,69,16,1,1,,,22,13,0
2224699218000,870b3978-9cbb-4750-bd71-5e741c92ceb2,0,25.0,b3b45a88-4ef1-4209-aea2-577477b53478,204010,5430,18,24,54,49,7022,2342769205,111,404,4,407,9000,69,16,1,1,,,22,13,0
2224699219000,59443679-501f-4b5e-bf90-046896b87e1b,0,26.0,2f12a33b-5176-4e8f-9b85-0dbb510ce6dc,203905,5430,14,4,8,49,940,1062824687,111,249,7,328,9010,69,3,1,1,,,22,13,0
2224699220000,4ef6c5ce-8cc0-4d62-863b-a31baab3b58f,0,27.0,3eda3d47-c9f1-454d-9e72-a87a710527ba,203911,5430,12,38,47,49,940,20089145,111,343,7,328,510,68,3,74,1,,,22,13,0
2224699221000,948c5aab-7729-4153-beb9-136a0967ac95,0,28.0,b3b45a88-4ef1-4209-aea2-577477b53478,204009,5430,15,68,59,49,940,20089145,111,291,7,407,9010,69,3,1,1,,,22,13,0
2224699222000,83fa6c6f-8122-4c5b-8a82-546fdcbb8c6d,0,29.0,2f12a33b-5176-4e8f-9b85-0dbb510ce6dc,203712,5430,21,2,42,49,940,2531194909,111,100,7,407,110,12,3,31,1,,,22,13,0
2224699223000,890dbe7d-c8bc-4fff-bb98-748c7079c8d2,0,30.0,3eda3d47-c9f1-454d-9e72-a87a710527ba,203909,5430,23,6,41,49,940,3707276281,111,183,7,328,510,68,3,74,1,,,22,13,0
2224699224000,24b069f5-133c-4e62-bb0f-8a7290ad2af6,0,29.0,b3b45a88-4ef1-4209-aea2-577477b53478,203909,5430,7,56,1,49,940,1062824687,111,17,7,328,510,68,3,74,1,,,22,13,0
2224699225000,b0a97fef-93ca-4fdb-b70d-a292ba7f07f8,0,30.0,2f12a33b-5176-4e8f-9b85-0dbb510ce6dc,204008,5430,9,23,46,49,940,2531194909,111,189,7,328,510,68,3,74,1,,,22,13,0
2224699226000,9f57c04c-a9e8-4527-8d14-d0ebc69de0bc,0,31.0,3eda3d47-c9f1-454d-9e72-a87a710527ba,203907,5430,27,35,0,49,940,4128040931,111,214,7,328,510,68,3,74,1,,,22,13,0
2224699227000,bae4de62-8465-4004-8c2e-36b7a3df8937,0,30.0,b3b45a88-4ef1-4209-aea2-577477b53478,203909,5430,5,63,10,49,7022,2342769205,111,36,4,407,9000,69,16,1,1,,,22,13,0
2224699228000,26828832-aecd-4206-893b-7e2062b91045,0,31.0,2f12a33b-5176-4e8f-9b85-0dbb510ce6dc,203902,5430,25,62,49,49,7022,2342769205,111,138,4,407,9000,69,16,1,1,,,22,13,0
2224699229000,68a4929e-fef4-4916-8618-59d051f66f22,0,32.0,3eda3d47-c9f1-454d-9e72-a87a710527ba,204003,5430,7,70,0,49,940,2342769205,111,210,7,407,510,68,3,36,1,,,22,13,0
2224699230000,df857179-6c1e-42f7-897a-5cdd77a53839,0,31.0,b3b45a88-4ef1-4209-aea2-577477b53478,203907,5430,10,23,17,49,940,2531194909,111,346,7,328,510,68,3,74,1,,,22,13,0
2224699231000,b962eec4-1d3f-44ef-bade-a75178649988,0,32.0,2f12a33b-5176-4e8f-9b85-0dbb510ce6dc,203810,5430,13,20,52,49,3965,2342769205,111,237,7,407,510,68,3,74,1,,,22,13,0
2224699232000,ab84b411-6381-451e-979b-55c5909f1e81,0,33.0,3eda3d47-c9f1-454d-9e72-a87a710527ba,203912,5430,18,14,42,49,940,2531194909,111,89,7,328,510,68,3,74,1,,,22,13,0
2224699233000,85072b13-2ca4-43cc-85ae-c9a805a50b25,0,32.0,b3b45a88-4ef1-4209-aea2-577477b53478,203809,5430,27,38,22,49,7022,2342769205,111,495,4,407,9000,69,16,1,1,,,22,13,0
2224699234000,f9e4370a-e4c8-4f7f-b72d-e6668c5d8808,0,33.0,2f12a33b-5176-4e8f-9b85-0dbb510ce6dc,203809,5430,10,73,28,49,940,2342769205,111,385,4,826,510,68,3,74,1,,,22,13,0
2224699235000,8a176773-8fbe-450d-818a-a311210431a3,0,34.0,3eda3d47-c9f1-454d-9e72-a87a710527ba,203801,5430,12,34,53,49,940,2342769205,111,335,7,407,510,68,3,36,1,,,22,13,0
2224699236000,bc65ccbf-1653-4908-b477-5823b3de6233,0,33.0,b3b45a88-4ef1-4209-aea2-577477b53478,203902,5430,13,68,27,49,940,1062824687,111,420,7,407,9010,69,3,1,1,,,22,13,0
2224699237000,6909d928-c990-4abe-ab9a-e2cf71e4da1b,0,35.0,2f12a33b-5176-4e8f-9b85-0dbb510ce6dc,203811,5430,20,59,49,49,7859,2342769205,111,474,7,407,510,68,3,74,1,,,22,13,0
2224699238000,109cd900-2c6c-49ef-9233-0f4f13841f1d,0,36.0,3eda3d47-c9f1-454d-9e72-a87a710527ba,204001,5430,16,30,13,49,940,1032826250,111,389,7,328,510,68,3,74,1,,,22,13,0
2224699239000,ff86b682-8f15-479a-bbfa-2375df57f289,0,35.0,b3b45a88-4ef1-4209-aea2-577477b53478,203810,5430,16,47,35,49,940,2531194909,111,230,7,328,510,68,3,74,1,,,22,13,0
2224699240000,b0b10ac5-63f6-495b-bd45-f95afeb6e562,0,36.0,2f12a33b-5176-4e8f-9b85-0dbb510ce6dc,204010,5430,25,25,13,49,1692,2342769205,111,149,7,407,510,68,3,74,1,,,22,13,0
2224699241000,4b9e9c3f-a436-4a93-bff2-5b7d92923df4,0,37.0,3eda3d47-c9f1-454d-9e72-a87a710527ba,203807,5430,10,67,52,49,940,2531194909,111,138,7,328,510,68,3,74,1,,,22,13,0
2224699242000,153f6c82-252c-4e79-8cf1-be78c99b5df2,0,36.0,b3b45a88-4ef1-4209-aea2-577477b53478,203911,5430,5,45,6,49,940,20089145,111,122,7,328,510,68,3,74,1,,,22,13,0
2224699243000,7442fb89-9946-46aa-8304-e93866abba56,0,37.0,2f12a33b-5176-4e8f-9b85-0dbb510ce6dc,204002,5430,20,69,9,49,7859,2342769205,111,221,7,407,510,68,3,74,1,,,22,13,0
2224699244000,86b2a66c-979e-4bf6-9e84-70069007c755,0,38.0,3eda3d47-c9f1-454d-9e72-a87a710527ba,203904,5430,25,41,13,49,7022,2342769205,111,394,4,407,9000,69,16,1,1,,,22,13,0
2224699245000,3dcf9ad8-e92f-48b6-90f9-968c2415674a,0,37.0,b3b45a88-4ef1-4209-aea2-577477b53478,203812,5430,11,39,5,49,7022,2342769205,111,340,4,407,9000,69,16,1,1,,,22,13,0
2224699246000,46040079-6426-4ff6-9123-bb668dfd025c,0,38.0,2f12a33b-5176-4e8f-9b85-0dbb510ce6dc,204003,5430,22,35,17,49,7022,2342769205,111,152,4,407,9000,69,16,1,1,,,22,13,0
2224699247000,bf42941d-9cdb-44c1-808d-963ab9f9cb69,0,39.0,3eda3d47-c9f1-454d-9e72-a87a710527ba,203806,5430,26,74,49,49,940,1062824687,111,81,7,407,9010,69,3,1,1,,,22,13,0
2224699200000,98a207bc-9f9a-4691-a42e-828caa1f00e6,0,10.0,77a6a633-a704-4978-9745-77249eab970d,204007,5430,19,69,26,49,7022,2342769205,111,439,4,407,9000,69,16,1,16,,,22,13,0
2224699201000,25ab6e48-a395-43e6-a9bd-aecfd4a8e6a4,0,11.0,b7effd50-638d-4a68-bd4f-ec06be9f72f2,203912,5430,15,22,42,994,7022,2342769205,111,35,4,407,9000,69,16,1,1,,,22,13,0
2224699202000,6ab18d8f-3621-429e-8685-af44cb9ed068,0,12.0,e0c7a991-1ced-4ac7-8d40-d57efdc00a6a,204008,5430,8,23,4,49,7022,2342769205,111,313,4,407,9000,69,16,1,1,,,22,13,0
2224699203000,37430e1b-3e6f-4b0f-a098-41a1e6017001,0,11.0,77a6a633-a704-4978-9745-77249eab970d,204007,5430,15,42,45,49,7022,2342769205,111,336,4,407,9000,69,16,1,16,,,22,13,0
2224699204000,ab94128d-fe76-4819-9aa3-c6ec208ead76,0,12.0,b7effd50-638d-4a68-bd4f-ec06be9f72f2,203811,5430,29,49,49,49,7022,2342769205,111,269,4,407,9000,69,16,1,1,,,22,13,0
2224699205000,77b68927-d055-4acf-8475-544bc50b796c,0,13.0,e0c7a991-1ced-4ac7-8d40-d57efdc00a6a,203810,5430,22,0,4,994,7022,2342769205,111,264,4,407,9000,69,16,1,1,,,22,13,0
2224699206000,b900ce4e-89ee-42d8-bbed-fcbcaad799ca,0,13.0,77a6a633-a704-4978-9745-77249eab970d,204007,5430,24,4,14,49,7022,2342769205,111,438,4,407,9000,69,16,1,16,,,22,13,0
2224699207000,ab78cf93-1c34-4a83-a1bf-a979a25089d0,0,14.0,b7effd50-638d-4a68-bd4f-ec06be9f72f2,203909,5430,29,2,10,49,940,1062824687,111,495,7,328,9010,69,3,1,1,,,22,13,0
2224699208000,a152201d-d21e-4e8e-b50d-af791e79994f,0,15.0,e0c7a991-1ced-4ac7-8d40-d57efdc00a6a,203809,5430,23,17,6,49,3965,2342769205,111,197,7,983,510,68,3,74,1,,,22,13,0
2224699209000,113e1a91-3d7a-45e0-87d9-5ba6de4008b9,0,16.0,77a6a633-a704-4978-9745-77249eab970d,204007,5430,17,48,47,49,940,1062824687,111,396,7,328,510,68,16,74,16,,,22,13,0
2224699210000,2b4b91e7-564d-4fa7-ae87-846b749c1b56,0,17.0,b7effd50-638d-4a68-bd4f-ec06be9f72f2,203809,5430,13,75,35,49,940,2342769205,111,499,4,826,510,68,3,74,1,,,22,13,0
2224699211000,902c7bc5-dffa-417e-8999-0c2f2106cb0b,0,18.0,e0c7a991-1ced-4ac7-8d40-d57efdc00a6a,203912,5430,14,8,38,994,9062,2342769205,111,269,7,407,510,68,3,74,1,,,22,13,0
2224699212000,702a1bab-ef37-4679-abb6-778ebe549e69,0,19.0,77a6a633-a704-4978-9745-77249eab970d,204002,5430,21,76,47,49,940,4128040931,111,317,7,328,510,68,3,74,1,,,22,13,0
2224699213000,a60ae997-18cb-453e-a482-38be2ce2aa64,0,20.0,b7effd50-638d-4a68-bd4f-ec06be9f72f2,204007,5430,9,30,30,49,3537,2342769205,111,168,7,407,100,68,16,66,1,,,22,13,0
2224699214000,248c440d-54ea-4e86-8890-4dea79478eba,0,21.0,e0c7a991-1ced-4ac7-8d40-d57efdc00a6a,203809,5430,21,23,8,49,3744,2342769205,111,119,4,407,9000,69,16,1,1,,,22,13,0
2224699215000,543d2ca4-d4ac-46ca-bf03-fd564432b910,0,22.0,77a6a633-a704-4978-9745-77249eab970d,203912,5430,23,13,9,994,940,2531194909,111,258,7,328,510,68,3,74,1,,,22,13,0
2224699216000,14ba09c7-7eec-42a1-8314-0dfe3d2692d8,0,23.0,b7effd50-638d-4a68-bd4f-ec06be9f72f2,203810,5430,15,23,41,49,7022,2342769205,111,439,4,407,9000,69,16,1,1,,,22,13,0
2224699217000,4c642e68-d819-4358-b9a7-0946fb9240ff,0,24.0,e0c7a991-1ced-4ac7-8d40-d57efdc00a6a,203906,5430,13,48,45,49,7022,2342769205,111,346,4,407,9000,69,16,1,1,,,22,13,0
2224699218000,63dd7fe8-77b0-4f61-82aa-e18fc3ee74db,0,25.0,77a6a633-a704-4978-9745-77249eab970d,204010,5430,18,24,54,49,7022,2342769205,111,404,4,407,9000,69,16,1,1,,,22,13,0
2224699219000,c082075b-bdc2-430e-989b-017a0905a198,0,26.0,b7effd50-638d-4a68-bd4f-ec06be9f72f2,203905,5430,14,4,8,49,940,1062824687,111,249,7,328,9010,69,3,1,1,,,22,13,0
2224699220000,a29af80b-00ad-4546-99ab-08355d2a37e7,0,27.0,e0c7a991-1ced-4ac7-8d40-d57efdc00a6a,203911,5430,12,38,47,49,940,20089145,111,343,7,328,510,68,3,74,1,,,22,13,0
2224699221000,ce2a567b-caf7-41f8-9f29-279012323d6c,0,28.0,77a6a633-a704-4978-9745-77249eab970d,204009,5430,15,68,59,49,940,20089145,111,291,7,407,9010,69,3,1,1,,,22,13,0
2224699222000,a663d58f-86cb-4fdc-96e0-60fccbbf6c47,0,29.0,b7effd50-638d-4a68-bd4f-ec06be9f72f2,203712,5430,21,2,42,49,940,2531194909,111,100,7,407,110,12,3,31,1,,,22,13,0
2224699223000,35fca854-b942-444f-93ee-83fc5a09cdf1,0,30.0,e0c7a991-1ced-4ac7-8d40-d57efdc00a6a,203909,5430,23,6,41,49,940,3707276281,111,183,7,328,510,68,3,74,1,,,22,13,0
2224699224000,89266c2c-2b13-4339-b05c-3d5cd5147757,0,29.0,77a6a633-a704-4978-9745-77249eab970d,203909,5430,7,56,1,49,940,1062824687,111,17,7,328,510,68,3,74,1,,,22,13,0
2224699225000,9a7ce1a6-177e-4dc5-ae83-44486a7983b9,0,30.0,b7effd50-638d-4a68-bd4f-ec06be9f72f2,204008,5430,9,23,46,49,940,2531194909,111,189,7,328,510,68,3,74,1,,,22,13,0
2224699226000,b070f60b-04b3-4362-bccc-ae11fa8eee54,0,31.0,e0c7a991-1ced-4ac7-8d40-d57efdc00a6a,203907,5430,27,35,0,49,940,4128040931,111,214,7,328,510,68,3,74,1,,,22,13,0
2224699227000,ef78be84-3958-4f45-b20e-6bd574f2c988,0,30.0,77a6a633-a704-4978-9745-77249eab970d,203909,5430,5,63,10,49,7022,2342769205,111,36,4,407,9000,69,16,1,1,,,22,13,0
2224699228000,a690252e-ca89-47a0-8fcf-69e861205d55,0,31.0,b7effd50-638d-4a68-bd4f-ec06be9f72f2,203902,5430,25,62,49,49,7022,2342769205,111,138,4,407,9000,69,16,1,1,,,22,13,0
2224699229000,55f53509-aae2-4e05-8409-9b96e3f22f53,0,32.0,e0c7a991-1ced-4ac7-8d40-d57efdc00a6a,204003,5430,7,70,0,49,940,2342769205,111,210,7,407,510,68,3,36,1,,,22,13,0
2224699230000,0b757148-2169-4cab-94d8-f4f463fe3837,0,31.0,77a6a633-a704-4978-9745-77249eab970d,203907,5430,10,23,17,49,940,2531194909,111,346,7,328,510,68,3,74,1,,,22,13,0
2224699231000,28d0b6bc-c46d-43c2-9fc6-1b2300651de2,0,32.0,b7effd50-638d-4a68-bd4f-ec06be9f72f2,203810,5430,13,20,52,49,3965,2342769205,111,237,7,407,510,68,3,74,1,,,22,13,0
2224699232000,830eee67-d722-4eaa-8c62-941f74430bea,0,33.0,e0c7a991-1ced-4ac7-8d40-d57efdc00a6a,203912,5430,18,14,42,49,940,2531194909,111,89,7,328,510,68,3,74,1,,,22,13,0
2224699233000,37cbd70a-77c6-4216-aa64-e5e2b9e306aa,0,32.0,77a6a633-a704-4978-9745-77249eab970d,203809,5430,27,38,22,49,7022,2342769205,111,495,4,407,9000,69,16,1,1,,,22,13,0
2224699234000,500779ec-cee2-49b8-92e5-cc5b5d89e12b,0,33.0,b7effd50-638d-4a68-bd4f-ec06be9f72f2,203809,5430,10,73,28,49,940,2342769205,111,385,4,826,510,68,3,74,1,,,22,13,0
2224699235000,43de03ff-a1c3-4a68-97d6-a9fea37288cc,0,34.0,e0c7a991-1ced-4ac7-8d40-d57efdc00a6a,203801,5430,12,34,53,49,940,2342769205,111,335,7,407,510,68,3,36,1,,,22,13,0
2224699236000,17fa3c78-0527-4fa7-9f2c-16a35febfcbc,0,33.0,77a6a633-a704-4978-9745-77249eab970d,203902,5430,13,68,27,49,940,1062824687,111,420,7,407,9010,69,3,1,1,,,22,13,0
2224699237000,eedd1a3d-7e3c-4802-8ad1-9310b656c176,0,35.0,b7effd50-638d-4a68-bd4f-ec06be9f72f2,203811,5430,20,59,49,49,7859,2342769205,111,474,7,407,510,68,3,74,1,,,22,13,0
2224699238000,ccb3676e-35e4-4f1a-86d3-c00dd905682e,0,36.0,e0c7a991-1ced-4ac7-8d40-d57efdc00a6a,204001,5430,16,30,13,49,940,1032826250,111,389,7,328,510,68,3,74,1,,,22,13,0
2224699239000,cb1a70d5-399f-4575-8889-45f94e9aebed,0,35.0,77a6a633-a704-4978-9745-77249eab970d,203810,5430,16,47,35,49,940,2531194909,111,230,7,328,510,68,3,74,1,,,22,13,0
2224699240000,79179944-d22b-4358-8a08-52ccd91d8655,0,36.0,b7effd50-638d-4a68-bd4f-ec06be9f72f2,204010,5430,25,25,13,49,1692,2342769205,111,149,7,407,510,68,3,74,1,,,22,13,0
2224699241000,22a1649a-0f58-46b1-925a-6d527bbd4f40,0,37.0,e0c7a991-1ced-4ac7-8d40-d57efdc00a6a,203807,5430,10,67,52,49,940,2531194909,111,138,7,328,510,68,3,74,1,,,22,13,0
2224699242000,7307360f-6eb0-4321-b415-bdc0d484020a,0,36.0,77a6a633-a704-4978-9745-77249eab970d,203911,5430,5,45,6,49,940,20089145,111,122,7,328,510,68,3,74,1,,,22,13,0
2224699243000,d5ec23a5-8917-4a39-ab17-0275ddb08faa,0,37.0,b7effd50-638d-4a68-bd4f-ec06be9f72f2,204002,5430,20,69,9,49,7859,2342769205,111,221,7,407,510,68,3,74,1,,,22,13,0
2224699244000,6653ead0-a10b-4940-8545-04542b78f29a,0,38.0,e0c7a991-1ced-4ac7-8d40-d57efdc00a6a,203904,5430,25,41,13,49,7022,2342769205,111,394,4,407,9000,69,16,1,1,,,22,13,0
2224699245000,eff1d5b0-0927-4090-af49-860083b471f8,0,37.0,77a6a633-a704-4978-9745-77249eab970d,203812,5430,11,39,5,49,7022,2342769205,111,340,4,407,9000,69,16,1,1,,,22,13,0
2224699246000,eedcbdac-8af6-4873-b962-054dc0d00c17,0,38.0,b7effd50-638d-4a68-bd4f-ec06be9f72f2,204003,5430,22,35,17,49,7022,2342769205,111,152,4,407,9000,69,16,1,1,,,22,13,0
2224699247000,1e5f0bbe-a527-49c0-bbf0-d6ac954159bf,0,39.0,e0c7a991-1ced-4ac7-8d40-d57efdc00a6a,203806,5430,26,74,49,49,940,1062824687,111,81,7,407,9010,69,3,1,1,,,22,13,0
2224699200000,a0506673-41f9-4980-b7c6-fcf97219d767,0,10.0,4756ac78-4328-471a-a210-433680a38ad7,204007,5430,19,69,26,49,7022,2342769205,111,439,4,407,9000,69,16,1,16,,,22,13,0
2224699201000,30695b25-340d-4f26-86fa-5acbe28ba2a9,0,11.0,bb50ef39-e887-4c51-bd95-4d9d0f0e3db3,203912,5430,15,22,42,994,7022,2342769205,111,35,4,407,9000,69,16,1,1,,,22,13,0
2224699202000,ed37c2db-6615-464f-9c61-3f85aa00f515,0,12.0,834749f9-3f0f-40e4-b2ea-c18005025dac,204008,5430,8,23,4,49,7022,2342769205,111,313,4,407,9000,69,16,1,1,,,22,13,0
2224699203000,31de03d8-b302-4560-af99-5ba9cc8ce331,0,11.0,4756ac78-4328-471a-a210-433680a38ad7,204007,5430,15,42,45,49,7022,2342769205,111,336,4,407,9000,69,16,1,16,,,22,13,0
2224699204000,b1e44e10-d188-4537-aba7-53804c700475,0,12.0,bb50ef39-e887-4c51-bd95-4d9d0f0e3db3,203811,5430,29,49,49,49,7022,2342769205,111,269,4,407,9000,69,16,1,1,,,22,13,0
2224699205000,ae0ae5a6-85a5-48f6-9bfd-e79c611263ce,0,13.0,834749f9-3f0f-40e4-b2ea-c18005025dac,203810,5430,22,0,4,994,7022,2342769205,111,264,4,407,9000,69,16,1,1,,,22,13,0
2224699206000,0515b9f9-0dad-4c33-a8f5-07b1307d1f7f,0,13.0,4756ac78-4328-471a-a210-433680a38ad7,204007,5430,24,4,14,49,7022,2342769205,111,438,4,407,9000,69,16,1,16,,,22,13,0
2224699207000,356fda41-d744-45dd-b3b7-7ca9737f38c1,0,14.0,bb50ef39-e887-4c51-bd95-4d9d0f0e3db3,203909,5430,29,2,10,49,940,1062824687,111,495,7,328,9010,69,3,1,1,,,22,13,0
2224699208000,c562b135-a928-4f4f-88ee-f5e39dc3851f,0,15.0,834749f9-3f0f-40e4-b2ea-c18005025dac,203809,5430,23,17,6,49,3965,2342769205,111,197,7,983,510,68,3,74,1,,,22,13,0
2224699209000,13f0451f-b511-444f-971e-abe991c58fd7,0,16.0,4756ac78-4328-471a-a210-433680a38ad7,204007,5430,17,48,47,49,940,1062824687,111,396,7,328,510,68,16,74,16,,,22,13,0
2224699210000,b9155832-cd08-4081-965a-15021a893067,0,17.0,bb50ef39-e887-4c51-bd95-4d9d0f0e3db3,203809,5430,13,75,35,49,940,2342769205,111,499,4,826,510,68,3,74,1,,,22,13,0
2224699211000,bc41e2ed-04f2-470f-a80f-5e2b419f5887,0,18.0,834749f9-3f0f-40e4-b2ea-c18005025dac,203912,5430,14,8,38,994,9062,2342769205,111,269,7,407,510,68,3,74,1,,,22,13,0
2224699212000,f00d7b13-1525-4931-8ce9-7a5f4c0d10d0,0,19.0,4756ac78-4328-471a-a210-433680a38ad7,204002,5430,21,76,47,49,940,4128040931,111,317,7,328,510,68,3,74,1,,,22,13,0
2224699213000,4e003a78-45cb-45d5-a3e5-4f8817bd7d91,0,20.0,bb50ef39-e887-4c51-bd95-4d9d0f0e3db3,204007,5430,9,30,30,49,3537,2342769205,111,168,7,407,100,68,16,66,1,,,22,13,0
2224699214000,5560be8f-65b7-4811-89ed-749bbf815e50,0,21.0,834749f9-3f0f-40e4-b2ea-c18005025dac,203809,5430,21,23,8,49,3744,2342769205,111,119,4,407,9000,69,16,1,1,,,22,13,0
2224699215000,1731d2e0-5d8e-4f56-82e9-414a564560bc,0,22.0,4756ac78-4328-471a-a210-433680a38ad7,203912,5430,23,13,9,994,940,2531194909,111,258,7,328,510,68,3,74,1,,,22,13,0
2224699216000,e72b2e75-4878-49be-8f79-82aa50a73cbf,0,23.0,bb50ef39-e887-4c51-bd95-4d9d0f0e3db3,203810,5430,15,23,41,49,7022,2342769205,111,439,4,407,9000,69,16,1,1,,,22,13,0
2224699217000,ca4b553a-e561-40cb-9baa-1bd3b4efcd22,0,24.0,834749f9-3f0f-40e4-b2ea-c18005025dac,203906,5430,13,48,45,49,7022,2342769205,111,346,4,407,9000,69,16,1,1,,,22,13,0
2224699218000,b854e77a-e87a-48ec-8333-d6c619cc6968,0,25.0,4756ac78-4328-471a-a210-433680a38ad7,204010,5430,18,24,54,49,7022,2342769205,111,404,4,407,9000,69,16,1,1,,,22,13,0
2224699219000,ed3fb275-b73e-4cc6-95d9-b80ba6e4fb21,0,26.0,bb50ef39-e887-4c51-bd95-4d9d0f0e3db3,203905,5430,14,4,8,49,940,1062824687,111,249,7,328,9010,69,3,1,1,,,22,13,0
2224699220000,75f8dd97-d8a2-498c-b856-3b674379e5b2,0,27.0,834749f9-3f0f-40e4-b2ea-c18005025dac,203911,5430,12,38,47,49,940,20089145,111,343,7,328,510,68,3,74,1,,,22,13,0
2224699221000,abd53e99-552d-469d-8a3c-14c80b4cbad4,0,28.0,4756ac78-4328-471a-a210-433680a38ad7,204009,5430,15,68,59,49,940,20089145,111,291,7,407,9010,69,3,1,1,,,22,13,0
2224699222000,4a2a8c60-2130-4066-b43f-702887dfd793,0,29.0,bb50ef39-e887-4c51-bd95-4d9d0f0e3db3,203712,5430,21,2,42,49,940,2531194909,111,100,7,407,110,12,3,31,1,,,22,13,0
2224699223000,727119db-44c6-42d9-bd66-9fd3d4f4a9f2,0,30.0,834749f9-3f0f-40e4-b2ea-c18005025dac,203909,5430,23,6,41,49,940,3707276281,111,183,7,328,510,68,3,74,1,,,22,13,0
2224699224000,677152f9-cc43-42f9-88d3-3bf22746dc09,0,29.0,4756ac78-4328-471a-a210-433680a38ad7,203909,5430,7,56,1,49,940,1062824687,111,17,7,328,510,68,3,74,1,,,22,13,0
2224699225000,d7acd332-86a2-4d5e-87b7-7c06d4a8298f,0,30.0,bb50ef39-e887-4c51-bd95-4d9d0f0e3db3,204008,5430,9,23,46,49,940,2531194909,111,189,7,328,510,68,3,74,1,,,22,13,0
2224699226000,92c846a2-5502-41c6-9f68-a021507945bc,0,31.0,834749f9-3f0f-40e4-b2ea-c18005025dac,203907,5430,27,35,0,49,940,4128040931,111,214,7,328,510,68,3,74,1,,,22,13,0
2224699227000,0c26087c-d5df-4276-ab54-dc089ea42b08,0,30.0,4756ac78-4328-471a-a210-433680a38ad7,203909,5430,5,63,10,49,7022,2342769205,111,36,4,407,9000,69,16,1,1,,,22,13,0
2224699228000,7911fef9-1b2f-4883-9e4b-cc30589fc2fd,0,31.0,bb50ef39-e887-4c51-bd95-4d9d0f0e3db3,203902,5430,25,62,49,49,7022,2342769205,111,138,4,407,9000,69,16,1,1,,,22,13,0
2224699229000,95879b4e-9475-4424-b3a4-9c35400783f8,0,32.0,834749f9-3f0f-40e4-b2ea-c18005025dac,204003,5430,7,70,0,49,940,2342769205,111,210,7,407,510,68,3,36,1,,,22,13,0
2224699230000,0e443968-5f77-4074-9404-6a81a1ffcdbf,0,31.0,4756ac78-4328-471a-a210-433680a38ad7,203907,5430,10,23,17,49,940,2531194909,111,346,7,328,510,68,3,74,1,,,22,13,0
2224699231000,c687f93c-fc3c-44da-a1f2-93350c0eea8d,0,32.0,bb50ef39-e887-4c51-bd95-4d9d0f0e3db3,203810,5430,13,20,52,49,3965,2342769205,111,237,7,407,510,68,3,74,1,,,22,13,0
2224699232000,334809fe-212a-4610-8f45-06ebbf7279cc,0,33.0,834749f9-3f0f-40e4-b2ea-c18005025dac,203912,5430,18,14,42,49,940,2531194909,111,89,7,328,510,68,3,74,1,,,22,13,0
2224699233000,38541d91-f730-4c54-84ef-2ac94e986777,0,32.0,4756ac78-4328-471a-a210-433680a38ad7,203809,5430,27,38,22,49,7022,2342769205,111,495,4,407,9000,69,16,1,1,,,22,13,0
2224699234000,952f4b39-c695-4e4c-9b78-b8f38eba0fdf,0,33.0,bb50ef39-e887-4c51-bd95-4d9d0f0e3db3,203809,5430,10,73,28,49,940,2342769205,111,385,4,826,510,68,3,74,1,,,22,13,0
2224699235000,3baad8d0-091f-401a-988f-c7dc8abd4beb,0,34.0,834749f9-3f0f-40e4-b2ea-c18005025dac,203801,5430,12,34,53,49,940,2342769205,111,335,7,407,510,68,3,36,1,,,22,13,0
2224699236000,7579cd0b-c24e-4a4f-a13d-492b783fbe1b,0,33.0,4756ac78-4328-471a-a210-433680a38ad7,203902,5430,13,68,27,49,940,1062824687,111,420,7,407,9010,69,3,1,1,,,22,13,0
2224699237000,dec09e40-485f-4dc2-b51e-2c5ec098bb54,0,35.0,bb50ef39-e887-4c51-bd95-4d9d0f0e3db3,203811,5430,20,59,49,49,7859,2342769205,111,474,7,407,510,68,3,74,1,,,22,13,0
2224699238000,0a837c47-a7d8-4e0c-821b-926895c01e20,0,36.0,834749f9-3f0f-40e4-b2ea-c18005025dac,204001,5430,16,30,13,49,940,1032826250,111,389,7,328,510,68,3,74,1,,,22,13,0
2224699239000,d6c66432-dce4-42d2-b8d9-1f635f33b9bb,0,35.0,4756ac78-4328-471a-a210-433680a38ad7,203810,5430,16,47,35,49,940,2531194909,111,230,7,328,510,68,3,74,1,,,22,13,0
2224699240000,21d2a45e-8322-4bc7-ba23-457e614f581f,0,36.0,bb50ef39-e887-4c51-bd95-4d9d0f0e3db3,204010,5430,25,25,13,49,1692,2342769205,111,149,7,407,510,68,3,74,1,,,22,13,0
2224699241000,0c497a14-7cd0-4178-a8d0-76815be76b85,0,37.0,834749f9-3f0f-40e4-b2ea-c18005025dac,203807,5430,10,67,52,49,940,2531194909,111,138,7,328,510,68,3,74,1,,,22,13,0
2224699242000,96a61082-661c-4dba-b6b6-4e97a2c41b56,0,36.0,4756ac78-4328-471a-a210-433680a38ad7,203911,5430,5,45,6,49,940,20089145,111,122,7,328,510,68,3,74,1,,,22,13,0
2224699243000,841eaf94-2b33-4e45-9cac-73efd60778bb,0,37.0,bb50ef39-e887-4c51-bd95-4d9d0f0e3db3,204002,5430,20,69,9,49,7859,2342769205,111,221,7,407,510,68,3,74,1,,,22,13,0
2224699244000,7c4bba6b-e6a9-4d7f-905c-cf6ef1d85315,0,38.0,834749f9-3f0f-40e4-b2ea-c18005025dac,203904,5430,25,41,13,49,7022,2342769205,111,394,4,407,9000,69,16,1,1,,,22,13,0
2224699245000,0bb7cd25-55d2-4245-ab86-361f7e042d1f,0,37.0,4756ac78-4328-471a-a210-433680a38ad7,203812,5430,11,39,5,49,7022,2342769205,111,340,4,407,9000,69,16,1,1,,,22,13,0
2224699246000,795e40a1-928d-41e6-8dc6-d5121ce0ccd6,0,38.0,bb50ef39-e887-4c51-bd95-4d9d0f0e3db3,204003,5430,22,35,17,49,7022,2342769205,111,152,4,407,9000,69,16,1,1,,,22,13,0
2224699247000,77134e75-7ceb-4d49-8c21-db61fb9e8162,0,39.0,834749f9-3f0f-40e4-b2ea-c18005025dac,203806,5430,26,74,49,49,940,1062824687,111,81,7,407,9010,69,3,1,1,,,22,13,0
2224699200000,d61a1648-4df6-4fc5-9a32-87481d4c8b6d,0,10.0,cefa246a-b025-4bf2-a12b-848972aa1060,204007,5430,19,69,26,49,7022,2342769205,111,439,4,407,9000,69,16,1,16,,,22,13,0
2224699201000,9b0c37d9-aff0-47e2-9dc8-99f74152dce9,0,11.0,16920cd9-a697-4112-a774-ff82f0096b98,203912,5430,15,22,42,994,7022,2342769205,111,35,4,407,9000,69,16,1,1,,,22,13,0
2224699202000,92b16d3c-f55a-4296-9f05-5bbb17055b40,0,12.0,ca3cd907-4bdc-4dbf-93f2-d29d51bb271d,204008,5430,8,23,4,49,7022,2342769205,111,313,4,407,9000,69,16,1,1,,,22,13,0
2224699203000,6454c116-ce03-4307-a1df-3dc83d2a74c9,0,11.0,cefa246a-b025-4bf2-a12b-848972aa1060,204007,5430,15,42,45,49,7022,2342769205,111,336,4,407,9000,69,16,1,16,,,22,13,0
2224699204000,19220cc6-6640-49e2-b46e-b46b6273900c,0,12.0,16920cd9-a697-4112-a774-ff82f0096b98,203811,5430,29,49,49,49,7022,2342769205,111,269,4,407,9000,69,16,1,1,,,22,13,0
2224699205000,dd6ab54d-add9-4c27-a5c1-a0c975b58456,0,13.0,ca3cd907-4bdc-4dbf-93f2-d29d51bb271d,203810,5430,22,0,4,994,7022,2342769205,111,264,4,407,9000,69,16,1,1,,,22,13,0
2224699206000,ca697fa4-bd8a-4170-8db9-12ea9e5cb6b1,0,13.0,cefa246a-b025-4bf2-a12b-848972aa1060,204007,5430,24,4,14,49,7022,2342769205,111,438,4,407,9000,69,16,1,16,,,22,13,0
2224699207000,0b47300e-ff97-4eb4-b5f1-181b165fd275,0,14.0,16920cd9-a697-4112-a774-ff82f0096b98,203909,5430,29,2,10,49,940,1062824687,111,495,7,328,9010,69,3,1,1,,,22,13,0
2224699208000,40585885-7f15-46b5-983f-e495a1d01b5d,0,15.0,ca3cd907-4bdc-4dbf-93f2-d29d51bb271d,203809,5430,23,17,6,49,3965,2342769205,111,197,7,983,510,68,3,74,1,,,22,13,0
2224699209000,5197a7b4-173e-4b4e-95e9-8c1179eddc25,0,16.0,cefa246a-b025-4bf2-a12b-848972aa1060,204007,5430,17,48,47,49,940,1062824687,111,396,7,328,510,68,16,74,16,,,22,13,0
2224699210000,9d256fb1-62d8-4b9a-8e90-5ef9cbe76e64,0,17.0,16920cd9-a697-4112-a774-ff82f0096b98,203809,5430,13,75,35,49,940,2342769205,111,499,4,826,510,68,3,74,1,,,22,13,0
2224699211000,68cc6f9f-0cdc-4028-a3d3-4011ef19fc2f,0,18.0,ca3cd907-4bdc-4dbf-93f2-d29d51bb271d,203912,5430,14,8,38,994,9062,2342769205,111,269,7,407,510,68,3,74,1,,,22,13,0
2224699212000,719bf35f-3d69-4a79-8ac2-2188c00a9c60,0,19.0,cefa246a-b025-4bf2-a12b-848972aa1060,204002,5430,21,76,47,49,940,4128040931,111,317,7,328,510,68,3,74,1,,,22,13,0
2224699213000,1910ac6c-b42c-4cd0-9502-862b41ba4ca7,0,20.0,16920cd9-a697-4112-a774-ff82f0096b98,204007,5430,9,30,30,49,3537,2342769205,111,168,7,407,100,68,16,66,1,,,22,13,0
2224699214000,229df7f3-9705-45c3-9236-98dfb40cc238,0,21.0,ca3cd907-4bdc-4dbf-93f2-d29d51bb271d,203809,5430,21,23,8,49,3744,2342769205,111,119,4,407,9000,69,16,1,1,,,22,13,0
2224699215000,ab708d17-1012-4879-ae36-1d35c1b4f9a7,0,22.0,cefa246a-b025-4bf2-a12b-848972aa1060,203912,5430,23,13,9,994,940,2531194909,111,258,7,328,510,68,3,74,1,,,22,13,0
2224699216000,c6e4759c-67f0-4e25-a5b0-1d051ea8cb96,0,23.0,16920cd9-a697-4112-a774-ff82f0096b98,203810,5430,15,23,41,49,7022,2342769205,111,439,4,407,9000,69,16,1,1,,,22,13,0
2224699217000,cf5fc586-fcc4-4b20-92ea-d48e677a81ba,0,24.0,ca3cd907-4bdc-4dbf-93f2-d29d51bb271d,203906,5430,13,48,45,49,7022,2342769205,111,346,4,407,9000,69,16,1,1,,,22,13,0
2224699218000,3e114f0e-5ec3-4789-8ab5-08b1bd64e19d,0,25.0,cefa246a-b025-4bf2-a12b-848972aa1060,204010,5430,18,24,54,49,7022,2342769205,111,404,4,407,9000,69,16,1,1,,,22,13,0
2224699219000,cc32398b-6670-4c0e-a1e3-a424cdb0b032,0,26.0,16920cd9-a697-4112-a774-ff82f0096b98,203905,5430,14,4,8,49,940,1062824687,111,249,7,328,9010,69,3,1,1,,,22,13,0
2224699220000,7129c04b-0c5f-41ca-82c0-d7ad22067f87,0,27.0,ca3cd907-4bdc-4dbf-93f2-d29d51bb271d,203911,5430,12,38,47,49,940,20089145,111,343,7,328,510,68,3,74,1,,,22,13,0
2224699221000,40548613-c010-4d7d-bcc5-2b3517c4334c,0,28.0,cefa246a-b025-4bf2-a12b-848972aa1060,204009,5430,15,68,59,49,940,20089145,111,291,7,407,9010,69,3,1,1,,,22,13,0
2224699222000,c5be1755-ad1c-4f3e-a302-ab73558ab9f4,0,29.0,16920cd9-a697-4112-a774-ff82f0096b98,203712,5430,21,2,42,49,940,2531194909,111,100,7,407,110,12,3,31,1,,,22,13,0
2224699223000,7b0ae5d4-596d-4539-9e50-3537196174e5,0,30.0,ca3cd907-4bdc-4dbf-93f2-d29d51bb271d,203909,5430,23,6,41,49,940,3707276281,111,183,7,328,510,68,3,74,1,,,22,13,0
2224699224000,3579670d-5f14-4641-8554-c2dcbadb7429,0,29.0,cefa246a-b025-4bf2-a12b-848972aa1060,203909,5430,7,56,1,49,940,1062824687,111,17,7,328,510,68,3,74,1,,,22,13,0
2224699225000,4e7ec5bf-c2e8-4154-ab8e-043eae8696c3,0,30.0,16920cd9-a697-4112-a774-ff82f0096b98,204008,5430,9,23,46,49,940,2531194909,111,189,7,328,510,68,3,74,1,,,22,13,0
2224699226000,7de2aa35-2707-442c-abb1-9d7c5c897db1,0,31.0,ca3cd907-4bdc-4dbf-93f2-d29d51bb271d,203907,5430,27,35,0,49,940,4128040931,111,214,7,328,510,68,3,74,1,,,22,13,0
2224699227000,d06d31d2-7aec-4258-8a2b-122ce3513a9f,0,30.0,cefa246a-b025-4bf2-a12b-848972aa1060,203909,5430,5,63,10,49,7022,2342769205,111,36,4,407,9000,69,16,1,1,,,22,13,0
2224699228000,ea353b2c-3f7e-4d32-a22c-2bd2644f6a0d,0,31.0,16920cd9-a697-4112-a774-ff82f0096b98,203902,5430,25,62,49,49,7022,2342769205,111,138,4,407,9000,69,16,1,1,,,22,13,0
2224699229000,584c892a-1902-4633-a59b-6ed60d978193,0,32.0,ca3cd907-4bdc-4dbf-93f2-d29d51bb271d,204003,5430,7,70,0,49,940,2342769205,111,210,7,407,510,68,3,36,1,,,22,13,0
2224699230000,dcab2dd1-1e2e-4ce9-a489-f5a5f8f35d0c,0,31.0,cefa246a-b025-4bf2-a12b-848972aa1060,203907,5430,10,23,17,49,940,2531194909,111,346,7,328,510,68,3,74,1,,,22,13,0
2224699231000,d72e39ba-a7c4-4dcb-a6bf-e0a54ba27da0,0,32.0,16920cd9-a697-4112-a774-ff82f0096b98,203810,5430,13,20,52,49,3965,2342769205,111,237,7,407,510,68,3,74,1,,,22,13,0
2224699232000,4240ef41-eaac-4bd9-905b-467257cbc939,0,33.0,ca3cd907-4bdc-4dbf-93f2-d29d51bb271d,203912,5430,18,14,42,49,940,2531194909,111,89,7,328,510,68,3,74,1,,,22,13,0
2224699233000,b59c3f6b-f547-49ed-8202-7cc0f26b1887,0,32.0,cefa246a-b025-4bf2-a12b-848972aa1060,203809,5430,27,38,22,49,7022,2342769205,111,495,4,407,9000,69,16,1,1,,,22,13,0
2224699234000,1cab2e9c-17ad-40af-8464-8cb1d8a7956f,0,33.0,16920cd9-a697-4112-a774-ff82f0096b98,203809,5430,10,73,28,49,940,2342769205,111,385,4,826,510,68,3,74,1,,,22,13,0
2224699235000,541a62fb-1ef3-4fa7-82aa-247dd8c91fb1,0,34.0,ca3cd907-4bdc-4dbf-93f2-d29d51bb271d,203801,5430,12,34,53,49,940,2342769205,111,335,7,407,510,68,3,36,1,,,22,13,0
2224699236000,98cd51d9-a70c-42b5-8590-f59f03cf9cc7,0,33.0,cefa246a-b025-4bf2-a12b-848972aa1060,203902,5430,13,68,27,49,940,1062824687,111,420,7,407,9010,69,3,1,1,,,22,13,0
2224699237000,45c8eb25-25c0-415d-a9de-befce8e7883e,0,35.0,16920cd9-a697-4112-a774-ff82f0096b98,203811,5430,20,59,49,49,7859,2342769205,111,474,7,407,510,68,3,74,1,,,22,13,0
2224699238000,6b5c999c-343c-4c89-b3f0-1ec47e59f746,0,36.0,ca3cd907-4bdc-4dbf-93f2-d29d51bb271d,204001,5430,16,30,13,49,940,1032826250,111,389,7,328,510,68,3,74,1,,,22,13,0
2224699239000,03e831da-f7af-427f-9099-b414566405c0,0,35.0,cefa246a-b025-4bf2-a12b-848972aa1060,203810,5430,16,47,35,49,940,2531194909,111,230,7,328,510,68,3,74,1,,,22,13,0
2224699240000,4f6afbc3-7106-477b-9187-70ee4e2d8c51,0,36.0,16920cd9-a697-4112-a774-ff82f0096b98,204010,5430,25,25,13,49,1692,2342769205,111,149,7,407,510,68,3,74,1,,,22,13,0
2224699241000,fab05602-aa57-4a98-ae1f-0bff54eebf64,0,37.0,ca3cd907-4bdc-4dbf-93f2-d29d51bb271d,203807,5430,10,67,52,49,940,2531194909,111,138,7,328,510,68,3,74,1,,,22,13,0
2224699242000,279e20aa-066d-44d4-900d-c687cad2cb68,0,36.0,cefa246a-b025-4bf2-a12b-848972aa1060,203911,5430,5,45,6,49,940,20089145,111,122,7,328,510,68,3,74,1,,,22,13,0
2224699243000,03a90e8a-f2bd-44e8-ae57-e7aa7af53dd7,0,37.0,16920cd9-a697-4112-a774-ff82f0096b98,204002,5430,20,69,9,49,7859,2342769205,111,221,7,407,510,68,3,74,1,,,22,13,0
2224699244000,88f58171-9d4c-489c-a6d3-0250d01faeb8,0,38.0,ca3cd907-4bdc-4dbf-93f2-d29d51bb271d,203904,5430,25,41,13,49,7022,2342769205,111,394,4,407,9000,69,16,1,1,,,22,13,0
2224699245000,9dc51cc7-2a62-49ec-a3ac-62f03eec7246,0,37.0,cefa246a-b025-4bf2-a12b-848972aa1060,203812,5430,11,39,5,49,7022,2342769205,111,340,4,407,9000,69,16,1,1,,,22,13,0
2224699246000,ea18c70a-8c7d-46e8-9ace-bfd058d5ef18,0,38.0,16920cd9-a697-4112-a774-ff82f0096b98,204003,5430,22,35,17,49,7022,2342769205,111,152,4,407,9000,69,16,1,1,,,22,13,0
2224699247000,632f0ce4-5f7e-4299-8095-ed8059392252,0,39.0,ca3cd907-4bdc-4dbf-93f2-d29d51bb271d,203806,5430,26,74,49,49,940,1062824687,111,81,7,407,9010,69,3,1,1,,,22,13,0
