{
  "epn": {
    "events": [
      {
        "name": "Congestion",
        "attributes": [
          {
            "dimension": 0,
            "description": "The certainty that this event happen (value between 0 to 1)",
            "name": "Certainty",
            "defaultValue": "1",
            "type": "Double"
          },
          {
            "dimension": 0,
            "description": "No value means it equals the event detection time, other option is to use one of the defined distribution functions with parameters",
            "name": "OccurrenceTime",
            "type": "Date"
          },
          {
            "dimension": 0,
            "description": "Only till this time the cost and certainty parameters of the event are valid, and only till this time a proactive action is considered",
            "name": "ExpirationTime",
            "type": "Date"
          },
          {
            "dimension": 0,
            "description": "The cost of this event occurrence. Negative if this is an opportunity",
            "name": "Cost",
            "type": "Double"
          },
          {
            "dimension": 0,
            "description": "Used in case the this event occur within an interval",
            "name": "Duration",
            "defaultValue": "0",
            "type": "Double"
          },
          {
            "dimension": 0,
            "name": "location",
            "type": "String"
          },
          {
            "dimension": 0,
            "name": "average_density",
            "type": "Double"
          },
          {
            "dimension": 0,
            "name": "problem_id",
            "type": "String"
          },
          {
            "dimension": 0,
            "name": "timestamp",
            "type": "String"
          }
        ],
        "createdDate": "Sun Aug 31 2014"
      },
      {
        "name": "ClearCongestion",
        "attributes": [
          {
            "dimension": 0,
            "description": "The certainty that this event happen (value between 0 to 1)",
            "name": "Certainty",
            "defaultValue": "1",
            "type": "Double"
          },
          {
            "dimension": 0,
            "description": "No value means it equals the event detection time, other option is to use one of the defined distribution functions with parameters",
            "name": "OccurrenceTime",
            "type": "Date"
          },
          {
            "dimension": 0,
            "description": "Only till this time the cost and certainty parameters of the event are valid, and only till this time a proactive action is considered",
            "name": "ExpirationTime",
            "type": "Date"
          },
          {
            "dimension": 0,
            "description": "The cost of this event occurrence. Negative if this is an opportunity",
            "name": "Cost",
            "type": "Double"
          },
          {
            "dimension": 0,
            "description": "Used in case the this event occur within an interval",
            "name": "Duration",
            "defaultValue": "0",
            "type": "Double"
          },
          {
            "dimension": 0,
            "name": "location",
            "type": "String"
          },
          {
            "dimension": 0,
            "name": "problem_id",
            "type": "String"
          }
        ],
        "createdDate": "Sun Aug 31 2014"
      },
      {
        "name": "AverageDensityAndSpeedPerLocation",
        "attributes": [
          {
            "dimension": 0,
            "description": "The certainty that this event happen (value between 0 to 1)",
            "name": "Certainty",
            "defaultValue": "1",
            "type": "Double"
          },
          {
            "dimension": 0,
            "description": "No value means it equals the event detection time, other option is to use one of the defined distribution functions with parameters",
            "name": "OccurrenceTime",
            "type": "Date"
          },
          {
            "dimension": 0,
            "description": "Only till this time the cost and certainty parameters of the event are valid, and only till this time a proactive action is considered",
            "name": "ExpirationTime",
            "type": "Date"
          },
          {
            "dimension": 0,
            "description": "The cost of this event occurrence. Negative if this is an opportunity",
            "name": "Cost",
            "type": "Double"
          },
          {
            "dimension": 0,
            "description": "Used in case the this event occur within an interval",
            "name": "Duration",
            "defaultValue": "0",
            "type": "Double"
          },
          {
            "dimension": 0,
            "name": "location",
            "type": "String"
          },
          {
            "dimension": 0,
            "name": "average_flow",
            "type": "Double"
          },
          {
            "dimension": 0,
            "name": "average_density",
            "type": "Double"
          },
          {
            "dimension": 0,
            "name": "average_speed",
            "type": "Double"
          },
          {
            "dimension": 0,
            "name": "lane",
            "type": "String"
          },
          {
            "dimension": 0,
            "name": "timestamp",
            "type": "Date"
          }
        ],
        "createdDate": "Sun Aug 31 2014"
      },
      {
        "name": "PredictedTrend",
        "attributes": [
          {
            "dimension": 0,
            "description": "The certainty that this event happen (value between 0 to 1)",
            "name": "Certainty",
            "defaultValue": "1",
            "type": "Double"
          },
          {
            "dimension": 0,
            "description": "No value means it equals the event detection time, other option is to use one of the defined distribution functions with parameters",
            "name": "OccurrenceTime",
            "type": "Date"
          },
          {
            "dimension": 0,
            "description": "Only till this time the cost and certainty parameters of the event are valid, and only till this time a proactive action is considered",
            "name": "ExpirationTime",
            "type": "Date"
          },
          {
            "dimension": 0,
            "description": "The cost of this event occurrence. Negative if this is an opportunity",
            "name": "Cost",
            "type": "Double"
          },
          {
            "dimension": 0,
            "description": "Used in case the this event occur within an interval",
            "name": "Duration",
            "defaultValue": "0",
            "type": "Double"
          },
          {
            "dimension": 0,
            "name": "location",
            "type": "String"
          },
          {
            "dimension": 0,
            "name": "problem_id",
            "type": "String"
          },
          {
            "dimension": 0,
            "name": "average_density",
            "type": "Double"
          },
          {
            "dimension": 0,
            "name": "timestamp",
            "type": "String"
          },
            {
            "dimension": 0,
            "name": "count",
            "type": "Integer"
          }
          
        ],
        "createdDate": "Mon Nov 10 2014"
      }
    ],
    "name": "CNRSnew",
    "consumers": [
      {
        "events": [
          {
            "name": "PredictedTrend"
          },
          {
            "name": "Congestion"
          },
          {
            "name": "ClearCongestion"
          },
          {
            "name": "AverageDensityAndSpeedPerLocation"
          }
        ],
        "name": "TextConsumer",
        "properties": [
          {
            "name": "filename",
            "value": "D:\\EP\\Projects\\EU\\SPEEDD\\usecases\\CNRS\\simulator data\\Simulator_data_Rocade\\output\\output_simulation7Upgraded.csv"
          },
          {
            "name": "formatter",
            "value": "tag"
          },
          {
            "name": "delimiter",
            "value": ";"
          },
          {
            "name": "tagDataSeparator",
            "value": "="
          },
          {
            "name": "SendingDelay",
            "value": "1000"
          },
          {
            "name": "dateFormat",
            "value": "dd/MM/yyyy-HH:mm:ss"
          }
        ],
        "type": "File",
        "createdDate": "Sun Aug 31 2014",
        "actions": []
      }
    ],
    "epas": [
      {
        "derivedActions": [],
        "inputEvents": [
          {
            "instanceSelectionPolicy": "First",
            "filterExpression": "(!EqualsIgnoreCase(AverageDensityAndSpeedPerLocation.lane,'onramp')) AND (!EqualsIgnoreCase(AverageDensityAndSpeedPerLocation.lane,'offramp')) AND (AverageDensityAndSpeedPerLocation.average_speed != -1) AND (AverageDensityAndSpeedPerLocation.average_density > 0.6) AND (AverageDensityAndSpeedPerLocation.average_speed < 30)",
            "name": "AverageDensityAndSpeedPerLocation",
            "consumptionPolicy": "Consume"
          }
        ],
        "derivedEvents": [
          {
            "name": "Congestion",
            "reportParticipants": false,
            "expressions": {
              "problem_id": "context.SegmentationByProblemId",
              "location": "context.SegmentationByProblemId",
              "Duration": "0",
              "average_density": "ArrayGet(AverageDensityAndSpeedPerLocation.average_density,ArraySize(AverageDensityAndSpeedPerLocation.average_density)-1)",
              "timestamp":"ArrayGet(AverageDensityAndSpeedPerLocation.timestamp,ArraySize(AverageDensityAndSpeedPerLocation.timestamp)-1)"
              
            }
          }
        ],
        "evaluationPolicy": "Immediate",
        "name": "CongestionEPA",
        "internalSegmentation": [],
        "context": "CompositeMonitoringCongestion",
        "epaType": "Aggregate",
        "cardinalityPolicy": "Single",
        "assertion": "Count >14",
        "createdDate": "Mon Oct 26 2015",
        "computedVariables": [
          {
            "AverageDensityAndSpeedPerLocation": "1",
            "name": "Count",
            "aggregationType": "Count"
          }
        ]
      },
      {
        "derivedActions": [],
        "inputEvents": [
          {
            "instanceSelectionPolicy": "First",
            "filterExpression": "(!EqualsIgnoreCase(AverageDensityAndSpeedPerLocation.lane,'onramp')) AND (!EqualsIgnoreCase(AverageDensityAndSpeedPerLocation.lane,'offramp')) AND (AverageDensityAndSpeedPerLocation.average_speed != -1) AND (AverageDensityAndSpeedPerLocation.average_density < 0.5) AND (AverageDensityAndSpeedPerLocation.average_speed>80)",
            "name": "AverageDensityAndSpeedPerLocation",
            "consumptionPolicy": "Consume"
          }
        ],
        "derivedEvents": [
          {
            "name": "ClearCongestion",
            "reportParticipants": false,
            "expressions": {
              "problem_id": "context.SegmentationByProblemId",
              "location": "context.SegmentationByProblemId",
              "Duration": "0"
            }
          }
        ],
        "evaluationPolicy": "Immediate",
        "name": "ClearCongestionEPA",
        "internalSegmentation": [],
        "context": "CompositeMonitoringClearCongestion",
        "epaType": "Aggregate",
        "cardinalityPolicy": "Single",
        "assertion": "Count >14",
        "createdDate": "Mon Nov 10 2014",
        "computedVariables": [
          {
            "AverageDensityAndSpeedPerLocation": "1",
            "name": "Count",
            "aggregationType": "Count"
          }
        ]
      },
      {
        "derivedActions": [],
        "inputEvents": [
          {
            "expression": "AverageDensityAndSpeedPerLocation.average_density",
            "instanceSelectionPolicy": "First",
            "filterExpression": " (!EqualsIgnoreCase(AverageDensityAndSpeedPerLocation.lane,'onramp')) AND (!EqualsIgnoreCase(AverageDensityAndSpeedPerLocation.lane,'offramp')) AND (AverageDensityAndSpeedPerLocation.average_speed != -1) ",
            "name": "AverageDensityAndSpeedPerLocation",
            "consumptionPolicy": "Reuse"
          }
        ],
        "derivedEvents": [
          {
            "name": "PredictedTrend",
            "condition": "((GetAttribute(ArrayGet(trend.participants,ArraySize(trend.participants)-1),\"average_density\") >=0.5) AND (GetAttribute(ArrayGet(trend.participants,ArraySize(trend.participants)-1),\"average_speed\") <= 40))",
            "reportParticipants": false,
            "expressions": {
              "Certainty": "if ((NOT IsWeekend(GetAttribute(ArrayGet(trend.participants,ArraySize(trend.participants)-1),\"timestamp\"))) AND ((GetHours(GetAttribute(ArrayGet(trend.participants,ArraySize(trend.participants)-1),\"timestamp\")) > 8 AND GetHours(GetAttribute(ArrayGet(trend.participants,ArraySize(trend.participants)-1),\"timestamp\")) < 9) OR (GetHours(GetAttribute(ArrayGet(trend.participants,ArraySize(trend.participants)-1),\"timestamp\")) > 17 AND GetHours(GetAttribute(ArrayGet(trend.participants,ArraySize(trend.participants)-1),\"timestamp\")) < 18))) then (if (Sigmoid(-6.667,70.086,0.447,1.010,(GetAttribute(ArrayGet(trend.participants,ArraySize(trend.participants)-1),\"average_density\")-GetAttribute(ArrayGet(trend.participants,0),\"average_density\"))/((GetAttribute(ArrayGet(trend.participants,ArraySize(trend.participants)-1),\"timestamp\")-GetAttribute(ArrayGet(trend.participants,0),\"timestamp\"))/1000),GetAttribute(ArrayGet(trend.participants,ArraySize(trend.participants)-1),\"average_density\"),trend.count)+0.1 <=1.0) then (Sigmoid(-6.667,70.086,0.447,1.010,(GetAttribute(ArrayGet(trend.participants,ArraySize(trend.participants)-1),\"average_density\")-GetAttribute(ArrayGet(trend.participants,0),\"average_density\"))/((GetAttribute(ArrayGet(trend.participants,ArraySize(trend.participants)-1),\"timestamp\")-GetAttribute(ArrayGet(trend.participants,0),\"timestamp\"))/1000),GetAttribute(ArrayGet(trend.participants,ArraySize(trend.participants)-1),\"average_density\"),trend.count)+0.1) else (1.0) endif) else (if (Sigmoid(-6.667,70.086,0.447,1.010,(GetAttribute(ArrayGet(trend.participants,ArraySize(trend.participants)-1),\"average_density\")-GetAttribute(ArrayGet(trend.participants,0),\"average_density\"))/((GetAttribute(ArrayGet(trend.participants,ArraySize(trend.participants)-1),\"timestamp\")-GetAttribute(ArrayGet(trend.participants,0),\"timestamp\"))/1000),GetAttribute(ArrayGet(trend.participants,ArraySize(trend.participants)-1),\"average_density\"),trend.count) <=1.0) then (Sigmoid(-6.667,70.086,0.447,1.010,(GetAttribute(ArrayGet(trend.participants,ArraySize(trend.participants)-1),\"average_density\")-GetAttribute(ArrayGet(trend.participants,0),\"average_density\"))/((GetAttribute(ArrayGet(trend.participants,ArraySize(trend.participants)-1),\"timestamp\")-GetAttribute(ArrayGet(trend.participants,0),\"timestamp\"))/1000),GetAttribute(ArrayGet(trend.participants,ArraySize(trend.participants)-1),\"average_density\"),trend.count)) else (1.0) endif) endif",
              "problem_id": "context.SegmentationByProblemId",
              "location": "context.SegmentationByProblemId",
              "Duration": "0",
              "average_density": "GetAttribute(ArrayGet(trend.participants,ArraySize(trend.participants)-1),\"average_density\")",
              "timestamp":"GetAttribute(ArrayGet(trend.participants,ArraySize(trend.participants)-1),\"timestamp\")",
              "count": "trend.count"
            }
          }
        ],
        "evaluationPolicy": "Immediate",
        "trendN": "5",
        "name": "PredictedTrendEPA",
        "internalSegmentation": [],
        "context": "CompositeMonitoringTrend",
        "epaType": "Trend",
        "cardinalityPolicy": "Unrestricted",
        "trendRelation": "Increase",
        "createdDate": "Mon Nov 10 2014",
        "computedVariables": []
      }
    ],
    "contexts": {
      "temporal": [
        {
          "terminators": [
            {
              "terminatorPolicy": "First",
              "name": "ClearCongestion",
              "terminationType": "Terminate",
              "terminatorType": "Event"
            },
            {
              "terminationType": "Terminate",
              "relativeTime": "37500",
              "terminatorType": "RelativeTime"
            }
          ],
          "neverEnding": false,
          "atStartup": false,
          "name": "TemporalMonitoringCongestion",
          "type": "TemporalInterval",
          "createdDate": "Sun Nov 09 2014",
          "initiators": [
            {
              "initiatorPolicy": "Ignore",
              "name": "AverageDensityAndSpeedPerLocation",
              "initiatorType": "Event"
            }
          ]
        },
        {
          "terminators": [
            {
              "terminationType": "Terminate",
              "relativeTime": "37500",
              "terminatorType": "RelativeTime"
            }
          ],
          "neverEnding": false,
          "atStartup": false,
          "name": "TemporalMonitoringClearCongestion",
          "type": "TemporalInterval",
          "createdDate": "Sun Nov 09 2014",
          "initiators": [
            {
              "initiatorPolicy": "Ignore",
              "name": "Congestion",
              "initiatorType": "Event"
            },
            {
              "initiatorPolicy": "Ignore",
              "name": "PredictedTrend",
              "initiatorType": "Event"
            }
          ]
        },
        {
          "terminators": [
            {
              "terminatorPolicy": "Each",
              "name": "Congestion",
              "terminationType": "Terminate",
              "terminatorType": "Event"
            },
            {
              "terminatorPolicy": "Each",
              "name": "ClearCongestion",
              "terminationType": "Terminate",
              "terminatorType": "Event"
            }
          ],
          "neverEnding": false,
          "atStartup": false,
          "name": "TemporalMonitoringTrend",
          "type": "TemporalInterval",
          "createdDate": "Sun Nov 09 2014",
          "initiators": [
            {
              "initiatorPolicy": "Ignore",
              "name": "AverageDensityAndSpeedPerLocation",
              "initiatorType": "Event"
            }
          ]
        }
      ],
      "segmentation": [
        {
          "name": "SegmentationByLocation",
          "participantEvents": [
            {
              "expression": "AverageDensityAndSpeedPerLocation.location",
              "name": "AverageDensityAndSpeedPerLocation"
            }
          ],
          "createdDate": "Sun Aug 31 2014"
        },
        {
          "name": "SegmentationByProblemId",
          "participantEvents": [
            {
              "expression": "Congestion.problem_id",
              "name": "Congestion"
            },
            {
              "expression": "PredictedTrend.problem_id",
              "name": "PredictedTrend"
            },
            {
              "expression": "ClearCongestion.problem_id",
              "name": "ClearCongestion"
            },
            {
              "expression": " AverageDensityAndSpeedPerLocation.location",
              "name": "AverageDensityAndSpeedPerLocation"
            }
          ],
          "createdDate": "Sun Nov 09 2014"
        }
      ],
      "composite": [
        {
          "segmentationContexts": [
            {
              "name": "SegmentationByProblemId"
            }
          ],
          "temporalContexts": [
            {
              "name": "TemporalMonitoringCongestion"
            }
          ],
          "name": "CompositeMonitoringCongestion",
          "createdDate": "Sun Nov 09 2014"
        },
        {
          "segmentationContexts": [
            {
              "name": "SegmentationByProblemId"
            }
          ],
          "temporalContexts": [
            {
              "name": "TemporalMonitoringClearCongestion"
            }
          ],
          "name": "CompositeMonitoringClearCongestion",
          "createdDate": "Sun Nov 09 2014"
        },
        {
          "segmentationContexts": [
            {
              "name": "SegmentationByProblemId"
            }
          ],
          "temporalContexts": [
            {
              "name": "TemporalMonitoringTrend"
            }
          ],
          "name": "CompositeMonitoringTrend",
          "createdDate": "Sun Nov 09 2014"
        }
      ]
    },
    "producers": [
      {
        "events": [],
        "name": "TextProducer",
        "properties": [
          {
            "name": "filename",
            "value": "D:\\EP\\Projects\\EU\\SPEEDD\\usecases\\CNRS\\simulator data\\Simulator_data_Rocade\\shortened\\data_incident_simulation7Upgraded.csv"
          },
          {
            "name": "pollingInterval",
            "value": "500"
          },
          {
            "name": "sendingDelay",
            "value": "1000"
          },
          {
            "name": "formatter",
            "value": "csv"
          },
          {
            "name": "delimiter",
            "value": ","
          },
          {
            "name": "tagDataSeparator",
            "value": "="
          },
          {
            "name": "csvEventType",
            "value": "AverageDensityAndSpeedPerLocation"
          },
          {
            "name": "csvAttributeNames",
            "value": "did,location,sid,ent,average_flow,average_speed,average_occupancy,density,carsNumber,trucksNumber,timestamp,average_density,lane,OccurrenceTime"
          },
          {
            "name": "dateFormat",
            "value": "dd/MM/yyyy-HH:mm:ss"
          }
        ],
        "type": "Timed",
        "createdDate": "Sun Aug 31 2014"
      }
    ],
    "actions": []
  }
}