{
  "epn": {
    "events": [
      {
        "name": "Congestion",
        "attributes": [
          {
            "dimension": 0,
            "description": "The certainty that this event happen (value between 0 to 1)",
            "name": "Certainty",
            "defaultValue": "1",
            "type": "Double"
          },
          {
            "dimension": 0,
            "description": "No value means it equals the event detection time, other option is to use one of the defined distribution functions with parameters",
            "name": "OccurrenceTime",
            "type": "Date"
          },
          {
            "dimension": 0,
            "description": "Only till this time the cost and certainty parameters of the event are valid, and only till this time a proactive action is considered",
            "name": "ExpirationTime",
            "type": "Date"
          },
          {
            "dimension": 0,
            "description": "The cost of this event occurrence. Negative if this is an opportunity",
            "name": "Cost",
            "type": "Double"
          },
          {
            "dimension": 0,
            "description": "Used in case the this event occur within an interval",
            "name": "Duration",
            "defaultValue": "0",
            "type": "Double"
          },
          {
            "dimension": 0,
            "name": "location",
            "type": "String"
          },
          {
            "dimension": 0,
            "name": "sensorId",
            "type": "String"
          },
          {
            "dimension": 0,
            "name": "average_density",
            "type": "Double"
          },
          {
            "dimension": 0,
            "name": "problem_id",
            "type": "String"
          },
          {
            "dimension": 0,
            "name": "dmPartition",
            "type": "String"
          }
        ],
        "createdDate": "Sun Aug 31 2014"
      },
      {
        "name": "AggregatedQueueLength",
        "attributes": [
          {
            "dimension": 0,
            "description": "The certainty that this event happen (value between 0 to 1)",
            "name": "Certainty",
            "defaultValue": "1",
            "type": "Double"
          },
          {
            "dimension": 0,
            "description": "No value means it equals the event detection time, other option is to use one of the defined distribution functions with parameters",
            "name": "OccurrenceTime",
            "type": "Date"
          },
          {
            "dimension": 0,
            "description": "Only till this time the cost and certainty parameters of the event are valid, and only till this time a proactive action is considered",
            "name": "ExpirationTime",
            "type": "Date"
          },
          {
            "dimension": 0,
            "description": "The cost of this event occurrence. Negative if this is an opportunity",
            "name": "Cost",
            "type": "Double"
          },
          {
            "dimension": 0,
            "description": "Used in case the this event occur within an interval",
            "name": "Duration",
            "defaultValue": "0",
            "type": "Double"
          },
          {
            "dimension": 0,
            "name": "sensorId",
            "type": "String"
          },
          {
            "dimension": 0,
            "name": "dmPartition",
            "type": "String"
          },
          {
            "dimension": 0,
            "name": "queueLength",
            "type": "Double"
          },
          {
            "dimension": 0,
            "name": "maxQueueLength",
            "type": "Double"
          }
        ],
        "createdDate": "Sun Aug 31 2014"
      },
      {
        "name": "PredictedRampOverflow",
        "attributes": [
          {
            "dimension": 0,
            "description": "The certainty that this event happen (value between 0 to 1)",
            "name": "Certainty",
            "defaultValue": "1",
            "type": "Double"
          },
          {
            "dimension": 0,
            "description": "No value means it equals the event detection time, other option is to use one of the defined distribution functions with parameters",
            "name": "OccurrenceTime",
            "type": "Date"
          },
          {
            "dimension": 0,
            "description": "Only till this time the cost and certainty parameters of the event are valid, and only till this time a proactive action is considered",
            "name": "ExpirationTime",
            "type": "Date"
          },
          {
            "dimension": 0,
            "description": "The cost of this event occurrence. Negative if this is an opportunity",
            "name": "Cost",
            "type": "Double"
          },
          {
            "dimension": 0,
            "description": "Used in case the this event occur within an interval",
            "name": "Duration",
            "defaultValue": "0",
            "type": "Double"
          },
          {
            "dimension": 0,
            "name": "sensorId",
            "type": "String"
          },
          {
            "dimension": 0,
            "name": "dmPartition",
            "type": "String"
          }
        ],
        "createdDate": "Sun Aug 31 2014"
      },
      {
        "name": "ClearRampOverflow",
        "attributes": [
          {
            "dimension": 0,
            "description": "The certainty that this event happen (value between 0 to 1)",
            "name": "Certainty",
            "defaultValue": "1",
            "type": "Double"
          },
          {
            "dimension": 0,
            "description": "No value means it equals the event detection time, other option is to use one of the defined distribution functions with parameters",
            "name": "OccurrenceTime",
            "type": "Date"
          },
          {
            "dimension": 0,
            "description": "Only till this time the cost and certainty parameters of the event are valid, and only till this time a proactive action is considered",
            "name": "ExpirationTime",
            "type": "Date"
          },
          {
            "dimension": 0,
            "description": "The cost of this event occurrence. Negative if this is an opportunity",
            "name": "Cost",
            "type": "Double"
          },
          {
            "dimension": 0,
            "description": "Used in case the this event occur within an interval",
            "name": "Duration",
            "defaultValue": "0",
            "type": "Double"
          },
          {
            "dimension": 0,
            "name": "sensorId",
            "type": "String"
          },
          {
            "dimension": 0,
            "name": "dmPartition",
            "type": "String"
          }
        ],
        "createdDate": "Sun Aug 31 2014"
      },
      {
        "name": "PredictedTrend",
        "attributes": [
          {
            "dimension": 0,
            "description": "The certainty that this event happen (value between 0 to 1)",
            "name": "Certainty",
            "defaultValue": "1",
            "type": "Double"
          },
          {
            "dimension": 0,
            "description": "No value means it equals the event detection time, other option is to use one of the defined distribution functions with parameters",
            "name": "OccurrenceTime",
            "type": "Date"
          },
          {
            "dimension": 0,
            "description": "Only till this time the cost and certainty parameters of the event are valid, and only till this time a proactive action is considered",
            "name": "ExpirationTime",
            "type": "Date"
          },
          {
            "dimension": 0,
            "description": "The cost of this event occurrence. Negative if this is an opportunity",
            "name": "Cost",
            "type": "Double"
          },
          {
            "dimension": 0,
            "description": "Used in case the this event occur within an interval",
            "name": "Duration",
            "defaultValue": "0",
            "type": "Double"
          },
          {
            "dimension": 0,
            "name": "location",
            "type": "String"
          },
          {
            "dimension": 0,
            "name": "sensorId",
            "type": "String"
          },
          {
            "dimension": 0,
            "name": "dmPartition",
            "type": "String"
          },
          {
            "dimension": 0,
            "name": "average_density",
            "type": "Double"
          },
          {
            "dimension": 0,
            "name": "problem_id",
            "type": "String"
          },
          {
            "dimension": 0,
            "name": "count",
            "type": "Integer"
          }
        ],
        "createdDate": "Sun Aug 31 2014"
      },
      {
        "name": "ClearCongestion",
        "attributes": [
          {
            "dimension": 0,
            "description": "The certainty that this event happen (value between 0 to 1)",
            "name": "Certainty",
            "defaultValue": "1",
            "type": "Double"
          },
          {
            "dimension": 0,
            "description": "No value means it equals the event detection time, other option is to use one of the defined distribution functions with parameters",
            "name": "OccurrenceTime",
            "type": "Date"
          },
          {
            "dimension": 0,
            "description": "Only till this time the cost and certainty parameters of the event are valid, and only till this time a proactive action is considered",
            "name": "ExpirationTime",
            "type": "Date"
          },
          {
            "dimension": 0,
            "description": "The cost of this event occurrence. Negative if this is an opportunity",
            "name": "Cost",
            "type": "Double"
          },
          {
            "dimension": 0,
            "description": "Used in case the this event occur within an interval",
            "name": "Duration",
            "defaultValue": "0",
            "type": "Double"
          },
          {
            "dimension": 0,
            "name": "location",
            "type": "String"
          },
          {
            "dimension": 0,
            "name": "sensorId",
            "type": "String"
          },
          {
            "dimension": 0,
            "name": "problem_id",
            "type": "String"
          },
          {
            "dimension": 0,
            "name": "dmPartition",
            "type": "String"
          }
        ],
        "createdDate": "Sun Aug 31 2014"
      },
      {
        "name": "AverageOnRampValuesOverInterval",
        "attributes": [
          {
            "dimension": 0,
            "description": "The certainty that this event happen (value between 0 to 1)",
            "name": "Certainty",
            "defaultValue": "1",
            "type": "Double"
          },
          {
            "dimension": 0,
            "description": "No value means it equals the event detection time, other option is to use one of the defined distribution functions with parameters",
            "name": "OccurrenceTime",
            "type": "Date"
          },
          {
            "dimension": 0,
            "description": "Only till this time the cost and certainty parameters of the event are valid, and only till this time a proactive action is considered",
            "name": "ExpirationTime",
            "type": "Date"
          },
          {
            "dimension": 0,
            "description": "The cost of this event occurrence. Negative if this is an opportunity",
            "name": "Cost",
            "type": "Double"
          },
          {
            "dimension": 0,
            "description": "Used in case the this event occur within an interval",
            "name": "Duration",
            "defaultValue": "0",
            "type": "Double"
          },
          {
            "dimension": 0,
            "name": "location",
            "type": "String"
          },
          {
            "dimension": 0,
            "name": "sensorId",
            "type": "String"
          },
          {
            "dimension": 0,
            "name": "average_flow",
            "type": "Double"
          },
          {
            "dimension": 0,
            "name": "average_speed",
            "type": "Double"
          },
          {
            "dimension": 0,
            "name": "average_occupancy",
            "type": "Double"
          },
          {
            "dimension": 0,
            "name": "dmPartition",
            "type": "String"
          },
          {
            "dimension": 0,
            "name": "density",
            "type": "Double"
          }
        ],
        "createdDate": "Sun Aug 31 2014"
      },
      {
        "name": "AverageOffRampValuesOverInterval",
        "attributes": [
          {
            "dimension": 0,
            "description": "The certainty that this event happen (value between 0 to 1)",
            "name": "Certainty",
            "defaultValue": "1",
            "type": "Double"
          },
          {
            "dimension": 0,
            "description": "No value means it equals the event detection time, other option is to use one of the defined distribution functions with parameters",
            "name": "OccurrenceTime",
            "type": "Date"
          },
          {
            "dimension": 0,
            "description": "Only till this time the cost and certainty parameters of the event are valid, and only till this time a proactive action is considered",
            "name": "ExpirationTime",
            "type": "Date"
          },
          {
            "dimension": 0,
            "description": "The cost of this event occurrence. Negative if this is an opportunity",
            "name": "Cost",
            "type": "Double"
          },
          {
            "dimension": 0,
            "description": "Used in case the this event occur within an interval",
            "name": "Duration",
            "defaultValue": "0",
            "type": "Double"
          },
          {
            "dimension": 0,
            "name": "location",
            "type": "String"
          },
          {
            "dimension": 0,
            "name": "sensorId",
            "type": "String"
          },
          {
            "dimension": 0,
            "name": "average_flow",
            "type": "Double"
          },
          {
            "dimension": 0,
            "name": "average_speed",
            "type": "Double"
          },
          {
            "dimension": 0,
            "name": "average_occupancy",
            "type": "Double"
          },
          {
            "dimension": 0,
            "name": "dmPartition",
            "type": "String"
          }
        ],
        "createdDate": "Sun Aug 31 2014"
      },
      {
        "name": "AverageDensityAndSpeedPerLocation",
        "attributes": [
          {
            "dimension": 0,
            "description": "The certainty that this event happen (value between 0 to 1)",
            "name": "Certainty",
            "defaultValue": "1",
            "type": "Double"
          },
          {
            "dimension": 0,
            "description": "No value means it equals the event detection time, other option is to use one of the defined distribution functions with parameters",
            "name": "OccurrenceTime",
            "type": "Date"
          },
          {
            "dimension": 0,
            "description": "Only till this time the cost and certainty parameters of the event are valid, and only till this time a proactive action is considered",
            "name": "ExpirationTime",
            "type": "Date"
          },
          {
            "dimension": 0,
            "description": "The cost of this event occurrence. Negative if this is an opportunity",
            "name": "Cost",
            "type": "Double"
          },
          {
            "dimension": 0,
            "description": "Used in case the this event occur within an interval",
            "name": "Duration",
            "defaultValue": "0",
            "type": "Double"
          },
          {
            "dimension": 0,
            "name": "location",
            "type": "String"
          },
          {
            "dimension": 0,
            "name": "average_flow",
            "type": "Double"
          },
          {
            "dimension": 0,
            "name": "average_density",
            "type": "Double"
          },
          {
            "dimension": 0,
            "name": "average_speed",
            "type": "Double"
          },
          {
            "dimension": 0,
            "name": "average_occupancy",
            "type": "Double"
          },
          {
            "dimension": 0,
            "name": "lane",
            "type": "String"
          },
          {
            "dimension": 0,
            "name": "timestamp",
            "type": "Date"
          },
          {
            "dimension": 0,
            "name": "sensorId",
            "type": "String"
          },
          {
            "dimension": 0,
            "name": "dmPartition",
            "type": "String"
          },
          {
            "dimension": 0,
            "name": "queueLength",
            "type": "Integer"
          }
        ],
        "createdDate": "Sun Aug 31 2014"
      },
      {
        "name": "AverageDensityAndSpeedPerLocationOverInterval",
        "attributes": [
          {
            "dimension": 0,
            "description": "The certainty that this event happen (value between 0 to 1)",
            "name": "Certainty",
            "defaultValue": "1",
            "type": "Double"
          },
          {
            "dimension": 0,
            "description": "No value means it equals the event detection time, other option is to use one of the defined distribution functions with parameters",
            "name": "OccurrenceTime",
            "type": "Date"
          },
          {
            "dimension": 0,
            "description": "Only till this time the cost and certainty parameters of the event are valid, and only till this time a proactive action is considered",
            "name": "ExpirationTime",
            "type": "Date"
          },
          {
            "dimension": 0,
            "description": "The cost of this event occurrence. Negative if this is an opportunity",
            "name": "Cost",
            "type": "Double"
          },
          {
            "dimension": 0,
            "description": "Used in case the this event occur within an interval",
            "name": "Duration",
            "defaultValue": "0",
            "type": "Double"
          },
          {
            "dimension": 0,
            "name": "location",
            "type": "String"
          },
          {
            "dimension": 0,
            "name": "sensorId",
            "type": "String"
          },
          {
            "dimension": 0,
            "name": "average_flow",
            "type": "Double"
          },
          {
            "dimension": 0,
            "name": "average_occupancy",
            "type": "Double"
          },
          {
            "dimension": 0,
            "name": "average_speed",
            "type": "Double"
          },
          {
            "dimension": 0,
            "name": "dmPartition",
            "type": "String"
          }
        ],
        "createdDate": "Sun Aug 31 2014"
      }
    ],
    "name": "CNRSnew",
    "consumers": [
      {
        "events": [
          {
            "name": "PredictedTrend"
          },
          {
            "name": "Congestion"
          },
          {
            "name": "ClearCongestion"
          },
          {
            "name": "AverageOnRampValuesOverInterval"
          },
          {
            "name": "AverageDensityAndSpeedPerLocation"
          },
          {
            "name": "AverageOffRampValuesOverInterval"
          },
          {
            "name": "AverageDensityAndSpeedPerLocationOverInterval"
          },
          {
            "name": "AggregatedQueueLength"
          },
          {
            "name": "PredictedRampOverflow"
          },
          {
            "name": "ClearRampOverflow"
          }
        ],
        "name": "TextConsumer",
        "properties": [
          {
            "name": "filename",
            "value": "D:\\EP\\Projects\\EU\\SPEEDD\\usecases\\CNRS\\exampleOutput.txt"
          },
          {
            "name": "formatter",
            "value": "json"
          },
          {
            "name": "delimiter",
            "value": ";"
          },
          {
            "name": "tagDataSeparator",
            "value": "="
          },
          {
            "name": "SendingDelay",
            "value": "1000"
          },
          {
            "name": "dateFormat",
            "value": "dd/MM/yyyy HH:mm:ss"
          }
        ],
        "type": "File",
        "createdDate": "Sun Aug 31 2014",
        "actions": []
      }
    ],
    "epas": [
      {
        "derivedActions": [],
        "inputEvents": [
          {
            "instanceSelectionPolicy": "First",
            "filterExpression": "(!EqualsIgnoreCase(AverageDensityAndSpeedPerLocation.lane,'onramp')) AND (!EqualsIgnoreCase(AverageDensityAndSpeedPerLocation.lane,'offramp')) AND (!EqualsIgnoreCase(AverageDensityAndSpeedPerLocation.lane,'queue')) AND (AverageDensityAndSpeedPerLocation.average_speed != -1) AND (AverageDensityAndSpeedPerLocation.average_density > 0.6) AND (AverageDensityAndSpeedPerLocation.average_speed < 30)",
            "name": "AverageDensityAndSpeedPerLocation",
            "consumptionPolicy": "Consume"
          }
        ],
        "derivedEvents": [
          {
            "name": "Congestion",
            "reportParticipants": false,
            "expressions": {
              "problem_id": "context.SegmentationByProblemId",
              "location": "ArrayGet(AverageDensityAndSpeedPerLocation.location,0)",
              "sensorId": "context.SegmentationByProblemId",
              "Duration": "0",
              "average_density": "ArrayGet(AverageDensityAndSpeedPerLocation.average_density,ArraySize(AverageDensityAndSpeedPerLocation.average_density)-1)",
              "dmPartition": "ArrayGet(AverageDensityAndSpeedPerLocation.dmPartition,0)"
            }
          }
        ],
        "evaluationPolicy": "Immediate",
        "name": "CongestionEPA",
        "internalSegmentation": [],
        "context": "CompositeMonitoringCongestion",
        "epaType": "Aggregate",
        "cardinalityPolicy": "Single",
        "assertion": "Count >14",
        "createdDate": "Mon Nov 10 2014",
        "computedVariables": [
          {
            "AverageDensityAndSpeedPerLocation": "1",
            "name": "Count",
            "aggregationType": "Count"
          }
        ]
      },
      {
        "derivedActions": [],
        "inputEvents": [
          {
            "instanceSelectionPolicy": "First",
            "filterExpression": "(!EqualsIgnoreCase(AverageDensityAndSpeedPerLocation.lane,'onramp')) AND (!EqualsIgnoreCase(AverageDensityAndSpeedPerLocation.lane,'queue')) AND (!EqualsIgnoreCase(AverageDensityAndSpeedPerLocation.lane,'offramp')) AND (AverageDensityAndSpeedPerLocation.average_speed != -1) AND (AverageDensityAndSpeedPerLocation.average_density < 0.5) AND (AverageDensityAndSpeedPerLocation.average_speed>80)",
            "name": "AverageDensityAndSpeedPerLocation",
            "consumptionPolicy": "Consume"
          }
        ],
        "derivedEvents": [
          {
            "name": "ClearCongestion",
            "reportParticipants": false,
            "expressions": {
              "problem_id": "context.SegmentationByProblemId",
              "location": "ArrayGet(AverageDensityAndSpeedPerLocation.location,0)",
              "sensorId": "context.SegmentationByProblemId",
              "Duration": "0",
              "dmPartition": "ArrayGet(AverageDensityAndSpeedPerLocation.dmPartition,0)"
            }
          }
        ],
        "evaluationPolicy": "Immediate",
        "name": "ClearCongestionEPA",
        "internalSegmentation": [],
        "context": "CompositeMonitoringClearCongestion",
        "epaType": "Aggregate",
        "cardinalityPolicy": "Single",
        "assertion": "Count >14",
        "createdDate": "Mon Nov 10 2014",
        "computedVariables": [
          {
            "AverageDensityAndSpeedPerLocation": "1",
            "name": "Count",
            "aggregationType": "Count"
          }
        ]
      },
      {
        "derivedActions": [],
        "inputEvents": [
          {
            "expression": "AverageDensityAndSpeedPerLocation.average_density",
            "instanceSelectionPolicy": "First",
            "filterExpression": " (!EqualsIgnoreCase(AverageDensityAndSpeedPerLocation.lane,'onramp')) AND (!EqualsIgnoreCase(AverageDensityAndSpeedPerLocation.lane,'queue')) AND (!EqualsIgnoreCase(AverageDensityAndSpeedPerLocation.lane,'offramp')) AND (AverageDensityAndSpeedPerLocation.average_speed != -1) ",
            "name": "AverageDensityAndSpeedPerLocation",
            "consumptionPolicy": "Reuse"
          }
        ],
        "derivedEvents": [
          {
            "condition": "((GetAttribute(ArrayGet(trend.participants,ArraySize(trend.participants)-1),\"average_density\") >=0.5) AND (GetAttribute(ArrayGet(trend.participants,ArraySize(trend.participants)-1),\"average_speed\") <= 40))",
            "name": "PredictedTrend",
            "reportParticipants": false,
            "expressions": {
              "Certainty": "if ((NOT IsWeekend(GetAttribute(ArrayGet(trend.participants,ArraySize(trend.participants)-1),\"timestamp\"))) AND ((GetHours(GetAttribute(ArrayGet(trend.participants,ArraySize(trend.participants)-1),\"timestamp\")) > 8 AND GetHours(GetAttribute(ArrayGet(trend.participants,ArraySize(trend.participants)-1),\"timestamp\")) < 9) OR (GetHours(GetAttribute(ArrayGet(trend.participants,ArraySize(trend.participants)-1),\"timestamp\")) > 17 AND GetHours(GetAttribute(ArrayGet(trend.participants,ArraySize(trend.participants)-1),\"timestamp\")) < 18))) then (if (Sigmoid(-6.667,70.086,0.447,1.010,(GetAttribute(ArrayGet(trend.participants,ArraySize(trend.participants)-1),\"average_density\")-GetAttribute(ArrayGet(trend.participants,0),\"average_density\"))/((GetAttribute(ArrayGet(trend.participants,ArraySize(trend.participants)-1),\"timestamp\")-GetAttribute(ArrayGet(trend.participants,0),\"timestamp\"))/1000),GetAttribute(ArrayGet(trend.participants,ArraySize(trend.participants)-1),\"average_density\"),trend.count)+0.1 <=1.0) then (Sigmoid(-6.667,70.086,0.447,1.010,(GetAttribute(ArrayGet(trend.participants,ArraySize(trend.participants)-1),\"average_density\")-GetAttribute(ArrayGet(trend.participants,0),\"average_density\"))/((GetAttribute(ArrayGet(trend.participants,ArraySize(trend.participants)-1),\"timestamp\")-GetAttribute(ArrayGet(trend.participants,0),\"timestamp\"))/1000),GetAttribute(ArrayGet(trend.participants,ArraySize(trend.participants)-1),\"average_density\"),trend.count)+0.1) else (1.0) endif) else (if (Sigmoid(-6.667,70.086,0.447,1.010,(GetAttribute(ArrayGet(trend.participants,ArraySize(trend.participants)-1),\"average_density\")-GetAttribute(ArrayGet(trend.participants,0),\"average_density\"))/((GetAttribute(ArrayGet(trend.participants,ArraySize(trend.participants)-1),\"timestamp\")-GetAttribute(ArrayGet(trend.participants,0),\"timestamp\"))/1000),GetAttribute(ArrayGet(trend.participants,ArraySize(trend.participants)-1),\"average_density\"),trend.count) <=1.0) then (Sigmoid(-6.667,70.086,0.447,1.010,(GetAttribute(ArrayGet(trend.participants,ArraySize(trend.participants)-1),\"average_density\")-GetAttribute(ArrayGet(trend.participants,0),\"average_density\"))/((GetAttribute(ArrayGet(trend.participants,ArraySize(trend.participants)-1),\"timestamp\")-GetAttribute(ArrayGet(trend.participants,0),\"timestamp\"))/1000),GetAttribute(ArrayGet(trend.participants,ArraySize(trend.participants)-1),\"average_density\"),trend.count)) else (1.0) endif) endif",
              "problem_id": "context.SegmentationByProblemId",
              "count": "trend.count",
              "location": "GetAttribute(ArrayGet(trend.participants,0),\"location\")",
              "Duration": "0",
              "sensorId": "context.SegmentationByProblemId",
              "average_density": "GetAttribute(ArrayGet(trend.participants,ArraySize(trend.participants)-1),\"average_density\")",
              "dmPartition": "GetAttribute(ArrayGet(trend.participants,0),\"dmPartition\")"
            }
          }
        ],
        "evaluationPolicy": "Immediate",
        "trendN": "5",
        "name": "PredictedTrendEPA",
        "internalSegmentation": [],
        "context": "CompositeMonitoringTrend",
        "epaType": "Trend",
        "cardinalityPolicy": "Unrestricted",
        "trendRelation": "Increase",
        "createdDate": "Mon Nov 10 2014",
        "computedVariables": []
      },
      {
        "derivedActions": [],
        "inputEvents": [
          {
            "expression": "AggregatedQueueLength.queueLength",
            "instanceSelectionPolicy": "First",
            "name": "AggregatedQueueLength",
            "consumptionPolicy": "Reuse"
          }
        ],
        "derivedEvents": [
          {
            "name": "PredictedRampOverflow",
            "reportParticipants": false,
            "expressions": {
              "Certainty": "Sigmoid(-2.367,0.693,trend.count)",
              "Duration": "0",
              "sensorId": "context.SegmentationByProblemId",
              "dmPartition": "GetAttribute(ArrayGet(trend.participants,0),\"dmPartition\")"
            }
          }
        ],
        "evaluationPolicy": "Immediate",
        "trendN": "4",
        "name": "PredictedRampOverflowEPA",
        "internalSegmentation": [],
        "context": "CompositeRampOverflow",
        "epaType": "Trend",
        "cardinalityPolicy": "Unrestricted",
        "trendRelation": "Increase",
        "createdDate": "Mon Nov 10 2014",
        "computedVariables": []
      },
      {
        "derivedActions": [],
        "inputEvents": [
          {
            "expression": "AggregatedQueueLength.queueLength",
            "instanceSelectionPolicy": "First",
            "name": "AggregatedQueueLength",
            "consumptionPolicy": "Reuse"
          }
        ],
        "derivedEvents": [
          {
            "condition": "(GetAttribute(ArrayGet(trend.participants,ArraySize(trend.participants)-1),\"queueLength\") < (GetAttribute(ArrayGet(trend.participants,ArraySize(trend.participants)-1),\"maxQueueLength\")/2))",
            "name": "ClearRampOverflow",
            "reportParticipants": false,
            "expressions": {
              "Certainty": "1.0",
              "Duration": "0",
              "sensorId": "context.SegmentationByProblemId",
              "dmPartition": "GetAttribute(ArrayGet(trend.participants,0),\"dmPartition\")"
            }
          }
        ],
        "evaluationPolicy": "Immediate",
        "trendN": "4",
        "name": "PredictedClearRampOverflowEPA",
        "internalSegmentation": [],
        "context": "CompositeRampClearOverflow",
        "epaType": "Trend",
        "cardinalityPolicy": "Single",
        "trendRelation": "Decrease",
        "createdDate": "Mon Nov 10 2014",
        "computedVariables": []
      },
      {
        "derivedActions": [],
        "inputEvents": [
          {
            "instanceSelectionPolicy": "First",
            "filterExpression": "EqualsIgnoreCase(AverageDensityAndSpeedPerLocation.lane,'onramp')",
            "name": "AverageDensityAndSpeedPerLocation",
            "consumptionPolicy": "Consume"
          }
        ],
        "derivedEvents": [
          {
            "name": "AverageOnRampValuesOverInterval",
            "reportParticipants": false,
            "expressions": {
              "average_occupancy": "AverageOccupancy",
              "location": "ArrayGet(AverageDensityAndSpeedPerLocation.location,0)",
              "sensorId": "context.SegmentationByProblemId",
              "Duration": "0",
              "average_flow": "AverageFlow",
              "dmPartition": "ArrayGet(AverageDensityAndSpeedPerLocation.dmPartition,0)",
              "OccurrenceTime":"ArrayGet(AverageDensityAndSpeedPerLocation.OccurrenceTime,ArraySize(AverageDensityAndSpeedPerLocation.OccurrenceTime)-1)",
              "density":"ArrayGet(AverageDensityAndSpeedPerLocation.average_density,ArraySize(AverageDensityAndSpeedPerLocation.average_density)-1)",
              "average_speed": "AverageSpeed"
            }
          }
        ],
        "evaluationPolicy": "Deferred",
        "name": "AvgOnRampEPA",
        "internalSegmentation": [],
        "context": "CompositeTemporalWindowsForOnRampAggregation",
        "epaType": "Aggregate",
        "cardinalityPolicy": "Single",
        "createdDate": "Mon Nov 10 2014",
        "computedVariables": [
          {
            "AverageDensityAndSpeedPerLocation": "AverageDensityAndSpeedPerLocation.average_flow",
            "name": "AverageFlow",
            "aggregationType": "Sum"
          },
          {
            "AverageDensityAndSpeedPerLocation": "AverageDensityAndSpeedPerLocation.average_speed",
            "name": "AverageSpeed",
            "aggregationType": "Average"
          },
          {
            "AverageDensityAndSpeedPerLocation": "AverageDensityAndSpeedPerLocation.average_occupancy",
            "name": "AverageOccupancy",
            "aggregationType": "Average"
          }
        ]
      },
      {
        "derivedActions": [],
        "inputEvents": [
          {
            "instanceSelectionPolicy": "First",
            "filterExpression": "EqualsIgnoreCase(AverageDensityAndSpeedPerLocation.lane,'offramp')",
            "name": "AverageDensityAndSpeedPerLocation",
            "consumptionPolicy": "Consume"
          }
        ],
        "derivedEvents": [
          {
            "name": "AverageOffRampValuesOverInterval",
            "reportParticipants": false,
            "expressions": {
              "average_occupancy": "AverageOccupancy",
              "location": "ArrayGet(AverageDensityAndSpeedPerLocation.location,0)",
              "sensorId": "context.SegmentationByProblemId",
              "Duration": "0",
              "average_flow": "AverageFlow",
              "dmPartition": "ArrayGet(AverageDensityAndSpeedPerLocation.dmPartition,0)",
              "OccurrenceTime":"ArrayGet(AverageDensityAndSpeedPerLocation.OccurrenceTime,ArraySize(AverageDensityAndSpeedPerLocation.OccurrenceTime)-1)",
              "average_speed": "AverageSpeed"
            }
          }
        ],
        "evaluationPolicy": "Deferred",
        "name": "AvgOffRampEPA",
        "internalSegmentation": [],
        "context": "CompositeTemporalWindowsForOffRampAggregation",
        "epaType": "Aggregate",
        "cardinalityPolicy": "Single",
        "createdDate": "Mon Nov 10 2014",
        "computedVariables": [
          {
            "AverageDensityAndSpeedPerLocation": "AverageDensityAndSpeedPerLocation.average_flow",
            "name": "AverageFlow",
            "aggregationType": "Sum"
          },
          {
            "AverageDensityAndSpeedPerLocation": "AverageDensityAndSpeedPerLocation.average_speed",
            "name": "AverageSpeed",
            "aggregationType": "Average"
          },
          {
            "AverageDensityAndSpeedPerLocation": "AverageDensityAndSpeedPerLocation.average_occupancy",
            "name": "AverageOccupancy",
            "aggregationType": "Average"
          }
        ]
      },
      {
        "derivedActions": [],
        "inputEvents": [
          {
            "instanceSelectionPolicy": "First",
            "filterExpression": "(!EqualsIgnoreCase(AverageDensityAndSpeedPerLocation.lane,'offramp')) AND (!EqualsIgnoreCase(AverageDensityAndSpeedPerLocation.lane,'onramp')) AND (!EqualsIgnoreCase(AverageDensityAndSpeedPerLocation.lane,'queue'))",
            "name": "AverageDensityAndSpeedPerLocation",
            "consumptionPolicy": "Consume"
          }
        ],
        "derivedEvents": [
          {
            "name": "AverageDensityAndSpeedPerLocationOverInterval",
            "reportParticipants": false,
            "expressions": {
              "average_occupancy": "AverageOccupancy",
              "location": "ArrayGet(AverageDensityAndSpeedPerLocation.location,0)",
              "sensorId": "context.SegmentationByProblemId",
              "Duration": "0",
              "average_flow": "AverageFlow",
              "dmPartition": "ArrayGet(AverageDensityAndSpeedPerLocation.dmPartition,0)",
              "OccurrenceTime":"ArrayGet(AverageDensityAndSpeedPerLocation.OccurrenceTime,ArraySize(AverageDensityAndSpeedPerLocation.OccurrenceTime)-1)",
              "average_speed": "AverageSpeed"
            }
          }
        ],
        "evaluationPolicy": "Deferred",
        "name": "AvgAggregationOverTimeEPA",
        "internalSegmentation": [],
        "context": "CompositeAggregatedIntervalContext",
        "epaType": "Aggregate",
        "cardinalityPolicy": "Single",
        "createdDate": "Mon Nov 10 2014",
        "computedVariables": [
          {
            "AverageDensityAndSpeedPerLocation": "AverageDensityAndSpeedPerLocation.average_speed",
            "name": "AverageSpeed",
            "aggregationType": "Average"
          },
          {
            "AverageDensityAndSpeedPerLocation": "AverageDensityAndSpeedPerLocation.average_flow",
            "name": "AverageFlow",
            "aggregationType": "Sum"
          },
          {
            "AverageDensityAndSpeedPerLocation": "AverageDensityAndSpeedPerLocation.average_occupancy",
            "name": "AverageOccupancy",
            "aggregationType": "Average"
          }
        ]
      }
    ],
    "contexts": {
      "temporal": [
        {
          "terminators": [
            {
              "terminatorPolicy": "First",
              "name": "ClearCongestion",
              "terminationType": "Terminate",
              "terminatorType": "Event"
            },
            {
              "terminationType": "Terminate",
              "relativeTime": "150000",
              "terminatorType": "RelativeTime"
            }
          ],
          "neverEnding": false,
          "atStartup": false,
          "name": "TemporalMonitoringCongestion",
          "type": "TemporalInterval",
          "createdDate": "Sun Nov 09 2014",
          "initiators": [
            {
              "initiatorPolicy": "Ignore",
              "name": "AverageDensityAndSpeedPerLocation",
              "initiatorType": "Event"
            }
          ]
        },
        {
          "terminators": [
            {
              "terminationType": "Terminate",
              "relativeTime": "150000",
              "terminatorType": "RelativeTime"
            }
          ],
          "neverEnding": false,
          "atStartup": false,
          "name": "TemporalMonitoringClearCongestion",
          "type": "TemporalInterval",
          "createdDate": "Sun Nov 09 2014",
          "initiators": [
            {
              "initiatorPolicy": "Ignore",
              "name": "Congestion",
              "initiatorType": "Event"
            },
            {
              "initiatorPolicy": "Ignore",
              "name": "PredictedTrend",
              "initiatorType": "Event"
            }
          ]
        },
        {
          "terminators": [
            {
              "terminatorPolicy": "Each",
              "name": "Congestion",
              "terminationType": "Terminate",
              "terminatorType": "Event"
            },
            {
              "terminatorPolicy": "Each",
              "name": "ClearCongestion",
              "terminationType": "Terminate",
              "terminatorType": "Event"
            }
          ],
          "neverEnding": false,
          "atStartup": false,
          "name": "TemporalMonitoringTrend",
          "type": "TemporalInterval",
          "createdDate": "Sun Nov 09 2014",
          "initiators": [
            {
              "initiatorPolicy": "Ignore",
              "name": "AverageDensityAndSpeedPerLocation",
              "initiatorType": "Event"
            }
          ]
        },
        {
          "terminators": [
            {
              "terminatorPolicy": "Each",
              "name": "ClearRampOverflow",
              "terminationType": "Terminate",
              "terminatorType": "Event"
            },
            {
              "terminationType": "Terminate",
              "relativeTime": "60000",
              "terminatorType": "RelativeTime"
            }
          ],
          "neverEnding": false,
          "atStartup": false,
          "name": "TemporalMonitoringRampOverflow",
          "type": "TemporalInterval",
          "createdDate": "Sun Nov 09 2014",
          "initiators": [
            {
              "initiatorPolicy": "Ignore",
              "condition": "AggregatedQueueLength.queueLength > (AggregatedQueueLength.maxQueueLength/2)",
              "name": "AggregatedQueueLength",
              "initiatorType": "Event"
            }
          ]
        },
        {
          "terminators": [
            {
              "terminationType": "Terminate",
              "relativeTime": "60000",
              "terminatorType": "RelativeTime"
            }
          ],
          "neverEnding": false,
          "atStartup": false,
          "name": "TemporalMonitoringClearRampOverflow",
          "type": "TemporalInterval",
          "createdDate": "Sun Nov 09 2014",
          "initiators": [
            {
              "initiatorPolicy": "Ignore",
              "name": "PredictedRampOverflow",
              "initiatorType": "Event"
            }
          ]
        },
        {
          "terminators": [
            {
              "terminationType": "Terminate",
              "relativeTime": "32500",
              "terminatorType": "RelativeTime"
            }
          ],
          "neverEnding": false,
          "atStartup": false,
          "name": "TemporalWindowsForOnRampAggregation",
          "type": "TemporalInterval",
          "createdDate": "Sun Nov 09 2014",
          "initiators": [
            {
              "initiatorPolicy": "Ignore",
              "condition": "EqualsIgnoreCase(AverageDensityAndSpeedPerLocation.lane,'onramp')",
              "name": "AverageDensityAndSpeedPerLocation",
              "initiatorType": "Event"
            }
          ]
        },
        {
          "terminators": [
            {
              "terminationType": "Terminate",
              "relativeTime": "32500",
              "terminatorType": "RelativeTime"
            }
          ],
          "neverEnding": false,
          "atStartup": false,
          "name": "TemporalWindowsForOffRampAggregation",
          "type": "TemporalInterval",
          "createdDate": "Sun Nov 09 2014",
          "initiators": [
            {
              "initiatorPolicy": "Ignore",
              "condition": "EqualsIgnoreCase(AverageDensityAndSpeedPerLocation.lane,'offramp')",
              "name": "AverageDensityAndSpeedPerLocation",
              "initiatorType": "Event"
            }
          ]
        },
        {
          "terminators": [
            {
              "terminationType": "Terminate",
              "relativeTime": "32500",
              "terminatorType": "RelativeTime"
            }
          ],
          "neverEnding": false,
          "atStartup": false,
          "name": "TemporalWindowAggregatedInterval",
          "type": "TemporalInterval",
          "createdDate": "Sun Nov 09 2014",
          "initiators": [
            {
              "initiatorPolicy": "Ignore",
              "condition": "((!EqualsIgnoreCase(AverageDensityAndSpeedPerLocation.lane,'offramp')) AND (!EqualsIgnoreCase(AverageDensityAndSpeedPerLocation.lane,'onramp')) AND (!EqualsIgnoreCase(AverageDensityAndSpeedPerLocation.lane,'queue')))",
              "name": "AverageDensityAndSpeedPerLocation",
              "initiatorType": "Event"
            }
          ]
        }
      ],
      "segmentation": [
        {
          "name": "SegmentationByProblemId",
          "participantEvents": [
            {
              "expression": "Congestion.problem_id",
              "name": "Congestion"
            },
            {
              "expression": "PredictedTrend.problem_id",
              "name": "PredictedTrend"
            },
            {
              "expression": "ClearCongestion.problem_id",
              "name": "ClearCongestion"
            },
            {
              "expression": " AverageDensityAndSpeedPerLocation.sensorId",
              "name": "AverageDensityAndSpeedPerLocation"
            },
            {
              "expression": " AggregatedQueueLength.sensorId",
              "name": "AggregatedQueueLength"
            },
            {
              "expression": " PredictedRampOverflow.sensorId",
              "name": "PredictedRampOverflow"
            },
            {
              "expression": " ClearRampOverflow.sensorId",
              "name": "ClearRampOverflow"
            }
          ],
          "createdDate": "Sun Nov 09 2014"
        }
      ],
      "composite": [
        {
          "segmentationContexts": [
            {
              "name": "SegmentationByProblemId"
            }
          ],
          "temporalContexts": [
            {
              "name": "TemporalMonitoringCongestion"
            }
          ],
          "name": "CompositeMonitoringCongestion",
          "createdDate": "Sun Nov 09 2014"
        },
        {
          "segmentationContexts": [
            {
              "name": "SegmentationByProblemId"
            }
          ],
          "temporalContexts": [
            {
              "name": "TemporalMonitoringRampOverflow"
            }
          ],
          "name": "CompositeRampOverflow",
          "createdDate": "Sun Nov 09 2014"
        },
        {
          "segmentationContexts": [
            {
              "name": "SegmentationByProblemId"
            }
          ],
          "temporalContexts": [
            {
              "name": "TemporalMonitoringClearRampOverflow"
            }
          ],
          "name": "CompositeRampClearOverflow",
          "createdDate": "Sun Nov 09 2014"
        },
        {
          "segmentationContexts": [
            {
              "name": "SegmentationByProblemId"
            }
          ],
          "temporalContexts": [
            {
              "name": "TemporalMonitoringClearCongestion"
            }
          ],
          "name": "CompositeMonitoringClearCongestion",
          "createdDate": "Sun Nov 09 2014"
        },
        {
          "segmentationContexts": [
            {
              "name": "SegmentationByProblemId"
            }
          ],
          "temporalContexts": [
            {
              "name": "TemporalMonitoringTrend"
            }
          ],
          "name": "CompositeMonitoringTrend",
          "createdDate": "Sun Nov 09 2014"
        },
        {
          "segmentationContexts": [
            {
              "name": "SegmentationByProblemId"
            }
          ],
          "temporalContexts": [
            {
              "name": "TemporalWindowsForOnRampAggregation"
            }
          ],
          "name": "CompositeTemporalWindowsForOnRampAggregation",
          "createdDate": "Sun Nov 09 2014"
        },
        {
          "segmentationContexts": [
            {
              "name": "SegmentationByProblemId"
            }
          ],
          "temporalContexts": [
            {
              "name": "TemporalWindowsForOffRampAggregation"
            }
          ],
          "name": "CompositeTemporalWindowsForOffRampAggregation",
          "createdDate": "Sun Nov 09 2014"
        },
        {
          "segmentationContexts": [
            {
              "name": "SegmentationByProblemId"
            }
          ],
          "temporalContexts": [
            {
              "name": "TemporalWindowAggregatedInterval"
            }
          ],
          "name": "CompositeAggregatedIntervalContext",
          "createdDate": "Sun Nov 09 2014"
        }
      ]
    },
    "producers": [
      {
        "events": [],
        "name": "TextProducer",
        "properties": [
          {
            "name": "filename",
            "value": "D:/EP/Projects/Proton/MergeOpenSourceUncertaintyWorkspace//ProtonEU/SPEEDD/Grenoble/for integration (prototype demo)/2015/simulator_data_incident_enriched_timed.csv"
          },
          {
            "name": "pollingInterval",
            "value": "500"
          },
          {
            "name": "sendingDelay",
            "value": "1000"
          },
          {
            "name": "formatter",
            "value": "csv"
          },
          {
            "name": "delimiter",
            "value": ","
          },
          {
            "name": "tagDataSeparator",
            "value": "="
          },
          {
            "name": "csvEventType",
            "value": "AverageDensityAndSpeedPerLocation"
          },
          {
            "name": "csvAttributeNames",
            "value": "timestamp,sensorId,average_speed,vehicle_count_car,vehicle_count_truck,density,density_car,density_truck,average_occupancy,average_density,average_flow,lane,location,dmPartition,queueLength,OccurrenceTime"
          },
          {
            "name": "dateFormat",
            "value": "yyyy-MM-dd HH:mm:ss"
          }
        ],
        "type": "Timed",
        "createdDate": "Sun Aug 31 2014"
      }
    ],
    "actions": []
  }
}