{
  "epn": {
    "events": [
      {
        "name": "Transaction",
        "createdDate": "Tue Aug 05 2014",
        "attributes": [
          {
            "name": "Certainty",
            "type": "Double",
            "defaultValue": "1",
            "dimension": 0,
            "description": "The certainty that this event happen (value between 0 to 1)"
          },
          {
            "name": "OccurrenceTime",
            "type": "Date",
            "dimension": 0,
            "description": "No value means it equals the event detection time, other option is to use one of the defined distribution functions with parameters"
          },
          {
            "name": "ExpirationTime",
            "type": "Date",
            "dimension": 0,
            "description": "Only till this time the cost and certainty parameters of the event are valid, and only till this time a proactive action is considered"
          },
          {
            "name": "Cost",
            "type": "Double",
            "dimension": 0,
            "description": "The cost of this event occurrence. Negative if this is an opportunity"
          },
          {
            "name": "Duration",
            "type": "Double",
            "defaultValue": "0",
            "dimension": 0,
            "description": "Used in case the this event occur within an interval"
          },
          {
            "name": "card_pan",
            "type": "String",
            "dimension": 0
          },
          {
            "name": "terminal_id",
            "type": "String",
            "dimension": 0
          },
           
            {
            "name": "transaction_id",
            "type": "String",
            "dimension": 0
          },
          {
            "name": "cvv_validation",
            "type": "Integer",
            "dimension": 0
          },
          {
            "name": "amount_eur",
            "type": "Double",
            "dimension": 0
          },
          {
            "name": "acquirer_country",
            "type": "Integer",
            "dimension": 0
          },
          {
            "name": "is_cnp",
            "type": "Integer",
            "dimension": 0
          },
          {
            "name": "card_exp_date",
            "type": "Date",
            "dimension": 0
          }
        ]
      },
      {
        "name": "DecreasingAmounts",
        "createdDate": "Tue Aug 05 2014",
        "attributes": [
          {
            "name": "Certainty",
            "type": "Double",
            "defaultValue": "1",
            "dimension": 0,
            "description": "The certainty that this event happen (value between 0 to 1)"
          },
          {
            "name": "OccurrenceTime",
            "type": "Date",
            "dimension": 0,
            "description": "No value means it equals the event detection time, other option is to use one of the defined distribution functions with parameters"
          },
          {
            "name": "ExpirationTime",
            "type": "Date",
            "dimension": 0,
            "description": "Only till this time the cost and certainty parameters of the event are valid, and only till this time a proactive action is considered"
          },
          {
            "name": "Cost",
            "type": "Double",
            "dimension": 0,
            "description": "The cost of this event occurrence. Negative if this is an opportunity"
          },
          {
            "name": "Duration",
            "type": "Double",
            "defaultValue": "0",
            "dimension": 0,
            "description": "Used in case the this event occur within an interval"
          },
          {
            "name": "card_pan",
            "type": "String",
            "dimension": 0
          },
          {
            "name": "TrendCount",
            "type": "Double",
            "dimension": 0
          },
          {
            "name": "is_cnp",
            "type": "Integer",
            "dimension": 0
          },
           {
            "name": "transaction_ids",
            "type": "String",
            "dimension": 1
          }
        ]
      },
      {
        "name": "IncreasingAmounts",
        "createdDate": "Tue Aug 05 2014",
        "attributes": [
          {
            "name": "Certainty",
            "type": "Double",
            "defaultValue": "1",
            "dimension": 0,
            "description": "The certainty that this event happen (value between 0 to 1)"
          },
          {
            "name": "OccurrenceTime",
            "type": "Date",
            "dimension": 0,
            "description": "No value means it equals the event detection time, other option is to use one of the defined distribution functions with parameters"
          },
          {
            "name": "ExpirationTime",
            "type": "Date",
            "dimension": 0,
            "description": "Only till this time the cost and certainty parameters of the event are valid, and only till this time a proactive action is considered"
          },
          {
            "name": "Cost",
            "type": "Double",
            "dimension": 0,
            "description": "The cost of this event occurrence. Negative if this is an opportunity"
          },
          {
            "name": "Duration",
            "type": "Double",
            "defaultValue": "0",
            "dimension": 0,
            "description": "Used in case the this event occur within an interval"
          },
          {
            "name": "card_pan",
            "type": "String",
            "dimension": 0
          },
          {
            "name": "TrendCount",
            "type": "Double",
            "dimension": 0
          },
          {
            "name": "is_cnp",
            "type": "Integer",
            "dimension": 0
          },          
           {
            "name": "transaction_ids",
            "type": "String",
            "dimension": 1
          }
        ]
      },
      {
        "name": "IncreasingAmountsAfterCVVAtack",
        "createdDate": "Tue Aug 05 2014",
        "attributes": [
          {
            "name": "Certainty",
            "type": "Double",
            "defaultValue": "1",
            "dimension": 0,
            "description": "The certainty that this event happen (value between 0 to 1)"
          },
          {
            "name": "OccurrenceTime",
            "type": "Date",
            "dimension": 0,
            "description": "No value means it equals the event detection time, other option is to use one of the defined distribution functions with parameters"
          },
          {
            "name": "ExpirationTime",
            "type": "Date",
            "dimension": 0,
            "description": "Only till this time the cost and certainty parameters of the event are valid, and only till this time a proactive action is considered"
          },
          {
            "name": "Cost",
            "type": "Double",
            "dimension": 0,
            "description": "The cost of this event occurrence. Negative if this is an opportunity"
          },
          {
            "name": "Duration",
            "type": "Double",
            "defaultValue": "0",
            "dimension": 0,
            "description": "Used in case the this event occur within an interval"
          },
          {
            "name": "card_pan",
            "type": "String",
            "dimension": 0
          },
          {
            "name": "TrendCount",
            "type": "Double",
            "dimension": 0
          },
          {
            "name": "is_cnp",
            "type": "Integer",
            "dimension": 0
          },
           {
            "name": "transaction_ids",
            "type": "String",
            "dimension": 1
          }
        ]
      },
      {
        "name": "FlashAttackAfterCVVAttack",
        "createdDate": "Tue Aug 05 2014",
        "attributes": [
          {
            "name": "Certainty",
            "type": "Double",
            "defaultValue": "1",
            "dimension": 0,
            "description": "The certainty that this event happen (value between 0 to 1)"
          },
          {
            "name": "OccurrenceTime",
            "type": "Date",
            "dimension": 0,
            "description": "No value means it equals the event detection time, other option is to use one of the defined distribution functions with parameters"
          },
          {
            "name": "ExpirationTime",
            "type": "Date",
            "dimension": 0,
            "description": "Only till this time the cost and certainty parameters of the event are valid, and only till this time a proactive action is considered"
          },
          {
            "name": "Cost",
            "type": "Double",
            "dimension": 0,
            "description": "The cost of this event occurrence. Negative if this is an opportunity"
          },
          {
            "name": "Duration",
            "type": "Double",
            "defaultValue": "0",
            "dimension": 0,
            "description": "Used in case the this event occur within an interval"
          },
          {
            "name": "card_pan",
            "type": "String",
            "dimension": 0
          },
          {
            "name": "TransactionsCount",
            "type": "Double",
            "dimension": 0
          },
          {
            "name": "is_cnp",
            "type": "Integer",
            "dimension": 0
          },
           {
            "name": "transaction_ids",
            "type": "String",
            "dimension": 1
          }
        ]
      },
      {
        "name": "SuddenCardUseNearExpirationDateAfterCVVAttack",
        "createdDate": "Tue Aug 05 2014",
        "attributes": [
          {
            "name": "Certainty",
            "type": "Double",
            "defaultValue": "1",
            "dimension": 0,
            "description": "The certainty that this event happen (value between 0 to 1)"
          },
          {
            "name": "OccurrenceTime",
            "type": "Date",
            "dimension": 0,
            "description": "No value means it equals the event detection time, other option is to use one of the defined distribution functions with parameters"
          },
          {
            "name": "ExpirationTime",
            "type": "Date",
            "dimension": 0,
            "description": "Only till this time the cost and certainty parameters of the event are valid, and only till this time a proactive action is considered"
          },
          {
            "name": "Cost",
            "type": "Double",
            "dimension": 0,
            "description": "The cost of this event occurrence. Negative if this is an opportunity"
          },
          {
            "name": "Duration",
            "type": "Double",
            "defaultValue": "0",
            "dimension": 0,
            "description": "Used in case the this event occur within an interval"
          },
          {
            "name": "card_pan",
            "type": "String",
            "dimension": 0
          },
          {
            "name": "TransactionsCount",
            "type": "Double",
            "dimension": 0
          },
          {
            "name": "is_cnp",
            "type": "Integer",
            "dimension": 0
          },
           {
            "name": "transaction_ids",
            "type": "String",
            "dimension": 1
          }
        ]
      },
      {
        "name": "MultipleATMWithdrawalsAfterCVVAttack",
        "createdDate": "Tue Aug 05 2014",
        "attributes": [
          {
            "name": "Certainty",
            "type": "Double",
            "defaultValue": "1",
            "dimension": 0,
            "description": "The certainty that this event happen (value between 0 to 1)"
          },
          {
            "name": "OccurrenceTime",
            "type": "Date",
            "dimension": 0,
            "description": "No value means it equals the event detection time, other option is to use one of the defined distribution functions with parameters"
          },
          {
            "name": "ExpirationTime",
            "type": "Date",
            "dimension": 0,
            "description": "Only till this time the cost and certainty parameters of the event are valid, and only till this time a proactive action is considered"
          },
          {
            "name": "Cost",
            "type": "Double",
            "dimension": 0,
            "description": "The cost of this event occurrence. Negative if this is an opportunity"
          },
          {
            "name": "Duration",
            "type": "Double",
            "defaultValue": "0",
            "dimension": 0,
            "description": "Used in case the this event occur within an interval"
          },
          {
            "name": "terminal_id",
            "type": "String",
            "dimension": 0
          },
          {
            "name": "TransactionsCount",
            "type": "Double",
            "dimension": 0
          },
           {
            "name": "transaction_ids",
            "type": "String",
            "dimension": 1
          }
        ]
      },
      {
        "name": "CVVAttack",
        "createdDate": "Tue Aug 05 2014",
        "attributes": [
          {
            "name": "Certainty",
            "type": "Double",
            "defaultValue": "1",
            "dimension": 0,
            "description": "The certainty that this event happen (value between 0 to 1)"
          },
          {
            "name": "OccurrenceTime",
            "type": "Date",
            "dimension": 0,
            "description": "No value means it equals the event detection time, other option is to use one of the defined distribution functions with parameters"
          },
          {
            "name": "ExpirationTime",
            "type": "Date",
            "dimension": 0,
            "description": "Only till this time the cost and certainty parameters of the event are valid, and only till this time a proactive action is considered"
          },
          {
            "name": "Cost",
            "type": "Double",
            "dimension": 0,
            "description": "The cost of this event occurrence. Negative if this is an opportunity"
          },
          {
            "name": "Duration",
            "type": "Double",
            "defaultValue": "0",
            "dimension": 0,
            "description": "Used in case the this event occur within an interval"
          },
          {
            "name": "card_pan",
            "type": "String",
            "dimension": 0
          },
          {
            "name": "TransactionsCount",
            "type": "Integer",
            "dimension": 0
          },
          {
            "name": "is_cnp",
            "type": "Integer",
            "dimension": 0
          },
           {
            "name": "transaction_ids",
            "type": "String",
            "dimension": 1
          }
        ]
      },
      {
        "name": "FlashAttack",
        "createdDate": "Tue Aug 05 2014",
        "attributes": [
          {
            "name": "Certainty",
            "type": "Double",
            "defaultValue": "1",
            "dimension": 0,
            "description": "The certainty that this event happen (value between 0 to 1)"
          },
          {
            "name": "OccurrenceTime",
            "type": "Date",
            "dimension": 0,
            "description": "No value means it equals the event detection time, other option is to use one of the defined distribution functions with parameters"
          },
          {
            "name": "ExpirationTime",
            "type": "Date",
            "dimension": 0,
            "description": "Only till this time the cost and certainty parameters of the event are valid, and only till this time a proactive action is considered"
          },
          {
            "name": "Cost",
            "type": "Double",
            "dimension": 0,
            "description": "The cost of this event occurrence. Negative if this is an opportunity"
          },
          {
            "name": "Duration",
            "type": "Double",
            "defaultValue": "0",
            "dimension": 0,
            "description": "Used in case the this event occur within an interval"
          },
          {
            "name": "card_pan",
            "type": "String",
            "dimension": 0
          },
          {
            "name": "TransactionsCount",
            "type": "Integer",
            "dimension": 0
          },
          {
            "name": "is_cnp",
            "type": "Integer",
            "dimension": 0
          },
           {
            "name": "transaction_ids",
            "type": "String",
            "dimension": 1
          }
        ]
      },
      {
        "name": "SmallFollowedByBigAmounts",
        "createdDate": "Tue Aug 05 2014",
        "attributes": [
          {
            "name": "Certainty",
            "type": "Double",
            "defaultValue": "1",
            "dimension": 0,
            "description": "The certainty that this event happen (value between 0 to 1)"
          },
          {
            "name": "OccurrenceTime",
            "type": "Date",
            "dimension": 0,
            "description": "No value means it equals the event detection time, other option is to use one of the defined distribution functions with parameters"
          },
          {
            "name": "ExpirationTime",
            "type": "Date",
            "dimension": 0,
            "description": "Only till this time the cost and certainty parameters of the event are valid, and only till this time a proactive action is considered"
          },
          {
            "name": "Cost",
            "type": "Double",
            "dimension": 0,
            "description": "The cost of this event occurrence. Negative if this is an opportunity"
          },
          {
            "name": "Duration",
            "type": "Double",
            "defaultValue": "0",
            "dimension": 0,
            "description": "Used in case the this event occur within an interval"
          },
          {
            "name": "card_pan",
            "type": "String",
            "dimension": 0
          },
          {
            "name": "is_cnp",
            "type": "Integer",
            "dimension": 0
          },
           {
            "name": "transaction_ids",
            "type": "String",
            "dimension": 1
          }
        ]
      },
      {
        "name": "MultipleATMWithdrawals",
        "createdDate": "Tue Aug 05 2014",
        "attributes": [
          {
            "name": "Certainty",
            "type": "Double",
            "defaultValue": "1",
            "dimension": 0,
            "description": "The certainty that this event happen (value between 0 to 1)"
          },
          {
            "name": "OccurrenceTime",
            "type": "Date",
            "dimension": 0,
            "description": "No value means it equals the event detection time, other option is to use one of the defined distribution functions with parameters"
          },
          {
            "name": "ExpirationTime",
            "type": "Date",
            "dimension": 0,
            "description": "Only till this time the cost and certainty parameters of the event are valid, and only till this time a proactive action is considered"
          },
          {
            "name": "Cost",
            "type": "Double",
            "dimension": 0,
            "description": "The cost of this event occurrence. Negative if this is an opportunity"
          },
          {
            "name": "Duration",
            "type": "Double",
            "defaultValue": "0",
            "dimension": 0,
            "description": "Used in case the this event occur within an interval"
          },
          {
            "name": "terminal_id",
            "type": "String",
            "dimension": 0
          },
          {
            "name": "TransactionsCount",
            "type": "Integer",
            "dimension": 0
          },
           {
            "name": "transaction_ids",
            "type": "String",
            "dimension": 1
          }
        ]
      },
      {
        "name": "SuddenCardUseNearExpirationDate",
        "createdDate": "Tue Aug 05 2014",
        "attributes": [
          {
            "name": "Certainty",
            "type": "Double",
            "defaultValue": "1",
            "dimension": 0,
            "description": "The certainty that this event happen (value between 0 to 1)"
          },
          {
            "name": "OccurrenceTime",
            "type": "Date",
            "dimension": 0,
            "description": "No value means it equals the event detection time, other option is to use one of the defined distribution functions with parameters"
          },
          {
            "name": "ExpirationTime",
            "type": "Date",
            "dimension": 0,
            "description": "Only till this time the cost and certainty parameters of the event are valid, and only till this time a proactive action is considered"
          },
          {
            "name": "Cost",
            "type": "Double",
            "dimension": 0,
            "description": "The cost of this event occurrence. Negative if this is an opportunity"
          },
          {
            "name": "Duration",
            "type": "Double",
            "defaultValue": "0",
            "dimension": 0,
            "description": "Used in case the this event occur within an interval"
          },
          {
            "name": "card_pan",
            "type": "String",
            "dimension": 0
          },
          {
            "name": "TransactionsCount",
            "type": "Integer",
            "dimension": 0
          },
          {
            "name": "is_cnp",
            "type": "Integer",
            "dimension": 0
          },
           {
            "name": "transaction_ids",
            "type": "String",
            "dimension": 1
          }
        ]
      },
      {
        "name": "TransactionsInFarAwayPlaces",
        "createdDate": "Tue Aug 05 2014",
        "attributes": [
          {
            "name": "Certainty",
            "type": "Double",
            "defaultValue": "1",
            "dimension": 0,
            "description": "The certainty that this event happen (value between 0 to 1)"
          },
          {
            "name": "OccurrenceTime",
            "type": "Date",
            "dimension": 0,
            "description": "No value means it equals the event detection time, other option is to use one of the defined distribution functions with parameters"
          },
          {
            "name": "ExpirationTime",
            "type": "Date",
            "dimension": 0,
            "description": "Only till this time the cost and certainty parameters of the event are valid, and only till this time a proactive action is considered"
          },
          {
            "name": "Cost",
            "type": "Double",
            "dimension": 0,
            "description": "The cost of this event occurrence. Negative if this is an opportunity"
          },
          {
            "name": "Duration",
            "type": "Double",
            "defaultValue": "0",
            "dimension": 0,
            "description": "Used in case the this event occur within an interval"
          },
          {
            "name": "card_pan",
            "type": "String",
            "dimension": 0
          },
           {
            "name": "transaction_ids",
            "type": "String",
            "dimension": 1
          }
        ]
      },
      {
        "name": "FlashAttackAfterSmallFollowedByBigAmounts",
        "createdDate": "Tue Aug 05 2014",
        "attributes": [
          {
            "name": "Certainty",
            "type": "Double",
            "defaultValue": "1",
            "dimension": 0,
            "description": "The certainty that this event happen (value between 0 to 1)"
          },
          {
            "name": "OccurrenceTime",
            "type": "Date",
            "dimension": 0,
            "description": "No value means it equals the event detection time, other option is to use one of the defined distribution functions with parameters"
          },
          {
            "name": "ExpirationTime",
            "type": "Date",
            "dimension": 0,
            "description": "Only till this time the cost and certainty parameters of the event are valid, and only till this time a proactive action is considered"
          },
          {
            "name": "Cost",
            "type": "Double",
            "dimension": 0,
            "description": "The cost of this event occurrence. Negative if this is an opportunity"
          },
          {
            "name": "Duration",
            "type": "Double",
            "defaultValue": "0",
            "dimension": 0,
            "description": "Used in case the this event occur within an interval"
          },
          {
            "name": "card_pan",
            "type": "String",
            "dimension": 0
          },
          {
            "name": "TransactionsCount",
            "type": "Double",
            "dimension": 0
          },
          {
            "name": "is_cnp",
            "type": "Integer",
            "dimension": 0
          },
           {
            "name": "transaction_ids",
            "type": "String",
            "dimension": 1
          }
        ]
      }
    ],
    "epas": [
      {
        "name": "CP_IncreasingAmountsEPA",
        "createdDate": "Tue Aug 05 2014",
        "epaType": "Trend",
        "context": "CompositeInitiatedFirstTransaction15mins",
        "inputEvents": [
          {
            "name": "Transaction",
            "filterExpression": "Transaction.is_cnp == 0 && Transaction.cvv_validation == 16",
            "expression": "Transaction.amount_eur",
            "consumptionPolicy": "Reuse",
            "instanceSelectionPolicy": "First"
          }
        ],
        "computedVariables": [],
        "evaluationPolicy": "Immediate",
        "cardinalityPolicy": "Unrestricted",
        "trendN": "4",
        "trendRelation": "Increase",
        "internalSegmentation": [],
        "derivedEvents": [
          {
            "name": "IncreasingAmounts",
            "reportParticipants": false,
            "expressions": {
              "Certainty": "Sigmoid(-2.367,0.693,trend.count)",
              "Duration": "0",
              "card_pan": "context.CardNumberSegmentation",
              "TrendCount": "trend.count",
              "is_cnp": "0",
              "transaction_ids": "ArrayConvert(Transaction.transaction_id)"
            }
          }
        ]
      },
      {
        "name": "CP_DecreasingAmountsEPA",
        "createdDate": "Tue Aug 05 2014",
        "epaType": "Trend",
        "context": "CompositeInitiatedFirstTransaction15mins",
        "inputEvents": [
          {
            "name": "Transaction",
            "filterExpression": "Transaction.is_cnp == 0 && Transaction.cvv_validation == 16 && Transaction.amount_eur > 400",
            "expression": "Transaction.amount_eur",
            "consumptionPolicy": "Reuse",
            "instanceSelectionPolicy": "First"
          }
        ],
        "computedVariables": [],
        "evaluationPolicy": "Immediate",
        "cardinalityPolicy": "Unrestricted",
        "trendN": "4",
        "trendRelation": "Decrease",
        "internalSegmentation": [],
        "derivedEvents": [
          {
            "name": "DecreasingAmounts",
            "reportParticipants": false,
            "expressions": {
              "Certainty": "Sigmoid(-2.367,0.693,trend.count)",
              "Duration": "0",
              "card_pan": "context.CardNumberSegmentation",
              "TrendCount": "trend.count",
              "is_cnp": "0",
              "transaction_ids": "ArrayConvert(Transaction.transaction_id)"
            }
          }
        ]
      },
      {
        "name": "CP_FlashAttackEPA",
        "createdDate": "Tue Aug 05 2014",
        "epaType": "Aggregate",
        "context": "CompositeInitiatedFirstTransaction7mins",
        "inputEvents": [
          {
            "name": "Transaction",
            "filterExpression": "Transaction.cvv_validation == 16 && Transaction.is_cnp == 0",
            "consumptionPolicy": "Consume",
            "instanceSelectionPolicy": "First"
          }
        ],
        "computedVariables": [
          {
            "name": "Count",
            "aggregationType": "Count",
            "Transaction": "1"
          }
        ],
        "assertion": "Count >= 3",
        "evaluationPolicy": "Deferred",
        "cardinalityPolicy": "Unrestricted",
        "internalSegmentation": [],
        "derivedEvents": [
          {
            "name": "FlashAttack",
            "reportParticipants": false,
            "expressions": {
              "Certainty": "Sigmoid(-2.728,1.116,Count)",
              "Duration": "0",
              "card_pan": "context.CardNumberSegmentation",
              "TransactionsCount": "Count",
              "is_cnp": "0",
              "transaction_ids": "ArrayConvert(Transaction.transaction_id)"
            }
          }
        ]
      },
      {
        "name": "CP_SmallFollowedByBigAmountsEPA",
        "createdDate": "Wed Aug 06 2014",
        "epaType": "Sequence",
        "context": "CompositeInitiatedFirstTransaction7minsInitiatedSmall",
        "inputEvents": [
          {
            "name": "Transaction",
            "alias": "T1",
            "filterExpression": "T1.is_cnp == 0 && T1.cvv_validation == 16 && T1.amount_eur < 1.0",
            "consumptionPolicy": "Consume",
            "instanceSelectionPolicy": "First"
          },
          {
            "name": "Transaction",
            "alias": "T2",
            "filterExpression": "T2.is_cnp == 0 && T2.cvv_validation == 16 && T2.amount_eur > 200.0",
            "consumptionPolicy": "Consume",
            "instanceSelectionPolicy": "Override"
          }
        ],
        "computedVariables": [],
        "evaluationPolicy": "Immediate",
        "cardinalityPolicy": "Single",
        "internalSegmentation": [],
        "derivedEvents": [
          {
            "name": "SmallFollowedByBigAmounts",
            "reportParticipants": false,
            "expressions": {
              "Certainty": "0.8",
              "Duration": "0",
              "card_pan": "context.CardNumberSegmentation",
              "is_cnp": "0",
              "transaction_ids":"ArrayConvert(Split(Concat(Concat(T1.transaction_id,\",\"),T2.transaction_id),\",\"))"
            }
          }
        ]
      },
      {
        "name": "CP_MultipleATMWithdrawalsEPA",
        "createdDate": "Tue Aug 05 2014",
        "epaType": "Aggregate",
        "context": "CompositeATM",
        "inputEvents": [
          {
            "name": "Transaction",
            "filterExpression": "Transaction.cvv_validation == 16 && Transaction.is_cnp == 0 && Transaction.amount_eur < 200 && Transaction.amount_eur > 180",
            "consumptionPolicy": "Reuse",
            "instanceSelectionPolicy": "First"
          }
        ],
        "computedVariables": [
          {
            "name": "Count",
            "aggregationType": "Count",
            "Transaction": "1"
          }
        ],
        "assertion": "Count >= 3",
        "evaluationPolicy": "Immediate",
        "cardinalityPolicy": "Unrestricted",
        "internalSegmentation": [],
        "derivedEvents": [
          {
            "name": "MultipleATMWithdrawals",
            "reportParticipants": false,
            "expressions": {
              "Certainty": "Sigmoid(-3.202, 1.350,Count)",
              "Duration": "0",
              "terminal_id": "context.ATMSegmentation",
              "TransactionsCount": "Count",
              "transaction_ids": "ArrayConvert(Transaction.transaction_id)"
            }
          }
        ]
      },
      {
        "name": "CP_SuddenCardUseNearExpirationDateEPA",
        "createdDate": "Tue Aug 05 2014",
        "epaType": "Aggregate",
        "context": "CompositeInitiatedFirstTransaction20mins",
        "inputEvents": [
          {
            "name": "Transaction",
            "filterExpression": "Transaction.cvv_validation == 16 && Transaction.is_cnp == 0 && (Transaction.card_exp_date != null && DayDiff(Transaction.card_exp_date,Transaction.OccurrenceTime)<=1 && CompareDates(Transaction.card_exp_date,Transaction.OccurrenceTime) != 1)",
            "consumptionPolicy": "Consume",
            "instanceSelectionPolicy": "First"
          }
        ],
        "computedVariables": [
          {
            "name": "Count",
            "aggregationType": "Count",
            "Transaction": "1"
          }
        ],
        "assertion": "Count >= 3",
        "evaluationPolicy": "Deferred",
        "cardinalityPolicy": "Unrestricted",
        "internalSegmentation": [],
        "derivedEvents": [
          {
            "name": "SuddenCardUseNearExpirationDate",
            "reportParticipants": false,
            "expressions": {
              "Certainty": "Sigmoid(-1.674, 0.693,Count)",
              "Duration": "0",
              "card_pan": "context.CardNumberSegmentation",
              "TransactionsCount": "Count",
              "is_cnp": "0",
              "transaction_ids": "ArrayConvert(Transaction.transaction_id)"
            }
          }
        ]
      },
      {
        "name": "CP_TransactionsInFarAwayPlacesEPA",
        "createdDate": "Wed Aug 06 2014",
        "epaType": "Sequence",
        "context": "CompositeInitiatedFirstTransaction15mins",
        "inputEvents": [
          {
            "name": "Transaction",
            "alias": "T1",
            "filterExpression": "T1.is_cnp == 0",
            "consumptionPolicy": "Consume",
            "instanceSelectionPolicy": "First"
          },
          {
            "name": "Transaction",
            "alias": "T2",
            "filterExpression": "T2.is_cnp == 0",
            "consumptionPolicy": "Consume",
            "instanceSelectionPolicy": "Override"
          }
        ],
        "computedVariables": [],
        "assertion": "T1.acquirer_country != T2.acquirer_country",
        "evaluationPolicy": "Immediate",
        "cardinalityPolicy": "Unrestricted",
        "internalSegmentation": [],
        "derivedEvents": [
          {
            "name": "TransactionsInFarAwayPlaces",
            "reportParticipants": false,
            "expressions": {
              "Certainty": "1.0",
              "Duration": "0",
              "card_pan": "context.CardNumberSegmentation",
              "transaction_ids":"ArrayConvert(Split(Concat(Concat(T1.transaction_id,\",\"),T2.transaction_id),\",\"))"
            }
          }
        ]
      },
      {
        "name": "CP_FlashAttackAfterSmallFollowedByBigAmountsEPA",
        "createdDate": "Tue Aug 05 2014",
        "epaType": "Aggregate",
        "context": "CompositeInitiatedSmallFollowedByBigAmounts7mins",
        "inputEvents": [
          {
            "name": "Transaction",
            "filterExpression": "Transaction.cvv_validation == 16 && Transaction.is_cnp == 0",
            "consumptionPolicy": "Reuse",
            "instanceSelectionPolicy": "First"
          }
        ],
        "computedVariables": [
          {
            "name": "Count",
            "aggregationType": "Count",
            "Transaction": "1"
          }
        ],
        "assertion": "Count >= 3",
        "evaluationPolicy": "Deferred",
        "cardinalityPolicy": "Unrestricted",
        "internalSegmentation": [],
        "derivedEvents": [
          {
            "name": "FlashAttackAfterSmallFollowedByBigAmounts",
            "reportParticipants": false,
            "expressions": {
              "Certainty": "1",
              "Duration": "0",
              "card_pan": "context.CardNumberSegmentation",
              "TransactionsCount": "Count",
              "is_cnp": "0",
               "transaction_ids": "ArrayConvert(Transaction.transaction_id)"
            }
          }
        ]
      }
    ],
    "contexts": {
      "temporal": [
        {
          "name": "TemporalInitiatedSmallFollowedByBigAmounts7mins",
          "createdDate": "Tue Aug 05 2014",
          "type": "TemporalInterval",
          "atStartup": false,
          "neverEnding": false,
          "initiators": [
            {
              "initiatorType": "Event",
              "initiatorPolicy": "Ignore",
              "name": "SmallFollowedByBigAmounts"
            }
          ],
          "terminators": [
            {
              "terminatorType": "RelativeTime",
              "terminationType": "Terminate",
              "relativeTime": "420000"
            }
          ]
        },
        {
          "name": "TemporalInitiatedFirstTranscation7mins",
          "createdDate": "Thu Oct 29 2015",
          "type": "TemporalInterval",
          "atStartup": false,
          "neverEnding": false,
          "initiators": [
            {
              "initiatorType": "Event",
              "initiatorPolicy": "Ignore",
              "name": "Transaction"
            }
          ],
          "terminators": [
            {
              "terminatorType": "RelativeTime",
              "terminationType": "Terminate",
              "relativeTime": "420000"
            }
          ]
        },
        {
          "name": "TemporalInitiatedFirstTransaction7minsInitiatedSmall",
          "createdDate": "Mon Aug 18 2014",
          "type": "TemporalInterval",
          "atStartup": false,
          "neverEnding": false,
          "initiators": [
            {
              "initiatorType": "Event",
              "initiatorPolicy": "Ignore",
              "name": "Transaction",
              "condition": "Transaction.amount_eur < 1.0"
            }
          ],
          "terminators": [
            {
              "terminatorType": "RelativeTime",
              "terminationType": "Terminate",
              "relativeTime": "420000"
            }
          ]
        },
        {
          "name": "TemporalInitiatedFirstTransaction10mins",
          "createdDate": "Thu Oct 29 2015",
          "type": "TemporalInterval",
          "atStartup": false,
          "neverEnding": false,
          "initiators": [
            {
              "initiatorType": "Event",
              "initiatorPolicy": "Ignore",
              "name": "Transaction"
            }
          ],
          "terminators": [
            {
              "terminatorType": "RelativeTime",
              "terminationType": "Terminate",
              "relativeTime": "600000"
            }
          ]
        },
        {
          "name": "TemporalInitiatedFirstTransaction15mins",
          "createdDate": "Thu Oct 29 2015",
          "type": "TemporalInterval",
          "atStartup": false,
          "neverEnding": false,
          "initiators": [
            {
              "initiatorType": "Event",
              "initiatorPolicy": "Ignore",
              "name": "Transaction"
            }
          ],
          "terminators": [
            {
              "terminatorType": "RelativeTime",
              "terminationType": "Terminate",
              "relativeTime": "900000"
            }
          ]
        },
        {
          "name": "TemporalInitiatedFirstTransaction20mins",
          "createdDate": "Thu Oct 29 2015",
          "type": "TemporalInterval",
          "atStartup": false,
          "neverEnding": false,
          "initiators": [
            {
              "initiatorType": "Event",
              "initiatorPolicy": "Ignore",
              "name": "Transaction"
            }
          ],
          "terminators": [
            {
              "terminatorType": "RelativeTime",
              "terminationType": "Terminate",
              "relativeTime": "1200000"
            }
          ]
        }
      ],
      "segmentation": [
        {
          "name": "CardNumberSegmentation",
          "createdDate": "Tue Aug 05 2014",
          "participantEvents": [
            {
              "name": "Transaction",
              "expression": "Transaction.card_pan"
            },
            {
              "name": "CVVAttack",
              "expression": "CVVAttack.card_pan"
            },
            {
              "name": "SmallFollowedByBigAmounts",
              "expression": "SmallFollowedByBigAmounts.card_pan"
            }
          ]
        },
        {
          "name": "ATMSegmentation",
          "createdDate": "Tue Aug 05 2014",
          "participantEvents": [
            {
              "name": "Transaction",
              "expression": "Transaction.terminal_id"
            }
          ]
        },
        {
          "name": "CntrySegmentation",
          "createdDate": "Mon Dec 15 2014",
          "participantEvents": [
            {
              "name": "Transaction",
              "expression": "Transaction.acquirer_country"
            }
          ]
        }
      ],
      "composite": [
        {
          "name": "CompositeInitiatedSmallFollowedByBigAmounts7mins",
          "createdDate": "Wed Aug 06 2014",
          "temporalContexts": [
            {
              "name": "TemporalInitiatedSmallFollowedByBigAmounts7mins"
            }
          ],
          "segmentationContexts": [
            {
              "name": "CardNumberSegmentation"
            }
          ]
        },
        {
          "name": "CompositeInitiatedFirstTransaction7mins",
          "createdDate": "Wed Aug 06 2014",
          "temporalContexts": [
            {
              "name": "TemporalInitiatedFirstTranscation7mins"
            }
          ],
          "segmentationContexts": [
            {
              "name": "CardNumberSegmentation"
            }
          ]
        },
        {
          "name": "CompositeInitiatedFirstTransaction7minsInitiatedSmall",
          "createdDate": "Wed Aug 06 2014",
          "temporalContexts": [
            {
              "name": "TemporalInitiatedFirstTransaction7minsInitiatedSmall"
            }
          ],
          "segmentationContexts": [
            {
              "name": "CardNumberSegmentation"
            }
          ]
        },
        {
          "name": "CompositeInitiatedFirstTransaction15mins",
          "createdDate": "Wed Aug 06 2014",
          "temporalContexts": [
            {
              "name": "TemporalInitiatedFirstTransaction15mins"
            }
          ],
          "segmentationContexts": [
            {
              "name": "CardNumberSegmentation"
            }
          ]
        },
        {
          "name": "CompositeInitiatedFirstTransaction20mins",
          "createdDate": "Wed Aug 06 2014",
          "temporalContexts": [
            {
              "name": "TemporalInitiatedFirstTransaction20mins"
            }
          ],
          "segmentationContexts": [
            {
              "name": "CardNumberSegmentation"
            }
          ]
        },
        {
          "name": "CompositeATM",
          "createdDate": "Wed Aug 06 2014",
          "temporalContexts": [
            {
              "name": "TemporalInitiatedFirstTransaction10mins"
            }
          ],
          "segmentationContexts": [
            {
              "name": "ATMSegmentation"
            }
          ]
        }
      ]
    },
    "consumers": [
      {
        "name": "ExampleConsumer",
        "createdDate": "Wed Aug 06 2014",
        "type": "File",
        "properties": [
          {
            "name": "filename",
            "value": "D:\\EP\\Projects\\EU\\SPEEDD\\usecases\\Feedzai\\IvoSample.txt"
          },
          {
            "name": "formatter",
            "value": "json"
          },
          {
            "name": "delimiter",
            "value": ";"
          },
          {
            "name": "tagDataSeparator",
            "value": "="
          },
          {
            "name": "SendingDelay",
            "value": "1000"
          },
          {
            "name": "dateFormat",
            "value": "dd/MM/yyyy-HH:mm:ss"
          }
        ],
        "events": [
          {
            "name": "Transaction"
          },
          {
            "name": "IncreasingAmountsAfterCVVAtack"
          },
          {
            "name": "FlashAttackAfterCVVAttack"
          },
          {
            "name": "SuddenCardUseNearExpirationDateAfterCVVAttack"
          },
          {
            "name": "MultipleATMWithdrawalsAfterCVVAttack"
          },
          {
            "name": "FlashAttackAfterSmallFollowedByBigAmounts"
          },
          {
            "name": "CVVAttack"
          },
          {
            "name": "FlashAttack"
          },
          {
            "name": "SmallFollowedByBigAmounts"
          },
          {
            "name": "MultipleATMWithdrawals"
          },
          {
            "name": "SuddenCardUseNearExpirationDate"
          },
          {
            "name": "TransactionsInFarAwayPlaces"
          },
          {
            "name": "IncreasingAmounts"
          },
          {
            "name": "DecreasingAmounts"
          }
        ]
      }
    ],
    "producers": [
      {
        "name": "ExampleProducer",
        "createdDate": "Wed Aug 06 2014",
        "type": "Timed",
        "properties": [
          {
            "name": "filename",
            "value": "D:/EP/Projects/Proton/MergeOpenSourceUncertaintyWorkspace/ProtonJ2SE/config/speedd-fraud-shortened.csv"
          },
          {
            "name": "pollingInterval",
            "value": "1000"
          },
          {
            "name": "sendingDelay",
            "value": "1000"
          },
          {
            "name": "formatter",
            "value": "csv"
          },
          {
            "name": "delimiter",
            "value": "|"
          },
          {
            "name": "tagDataSeparator",
            "value": "="
          },
          {
            "name": "csvEventType",
            "value": "Transaction"
          },
          {
            "name": "csvAttributeNames",
            "value": "OccurrenceTime,transaction_id,is_cnp,amount_eur,card_pan,card_exp_date,card_country,card_family,card_type,card_tech,acquirer_country,merchant_mcc,terminal_brand,terminal_id,terminal_type,terminal_emv,transaction_response,card_auth,terminal_auth,client_auth,card_band,cvv_validation,tmp_card_pan,tmp_card_exp_date,transaction_type,auth_type,merchant_code,merchant_group,is_fraud"
          },
          {
            "name": "dateFormat",
            "value": "dd/MM/yyyy-HH:mm:ss"
          }
        ],
        "events": []
      }
    ],
    "name": "FeedzaiFraud_CP_Uncertain_Ivo"
  }
}