{
  "epn": {
    "events": [
      {
        "name": "Transaction",
        "createdDate": "Tue Aug 05 2014",
        "attributes": [
          {
            "name": "Certainty",
            "type": "Double",
            "defaultValue": "1",
            "dimension": 0,
            "description": "The certainty that this event happen (value between 0 to 1)"
          },
          {
            "name": "OccurrenceTime",
            "type": "Date",
            "dimension": 0,
            "description": "No value means it equals the event detection time, other option is to use one of the defined distribution functions with parameters"
          },
          {
            "name": "ExpirationTime",
            "type": "Date",
            "dimension": 0,
            "description": "Only till this time the cost and certainty parameters of the event are valid, and only till this time a proactive action is considered"
          },
          {
            "name": "Cost",
            "type": "Double",
            "dimension": 0,
            "description": "The cost of this event occurrence. Negative if this is an opportunity"
          },
          {
            "name": "Duration",
            "type": "Double",
            "defaultValue": "0",
            "dimension": 0,
            "description": "Used in case the this event occur within an interval"
          },
          {
            "name": "card_pan",
            "type": "String",
            "dimension": 0
          },
          {
            "name": "terminal_id",
            "type": "String",
            "dimension": 0
          },
           
            {
            "name": "transaction_id",
            "type": "String",
            "dimension": 0
          },
          {
            "name": "cvv_validation",
            "type": "Integer",
            "dimension": 0
          },
          {
            "name": "amount_eur",
            "type": "Double",
            "dimension": 0
          },
          {
            "name": "acquirer_country",
            "type": "Integer",
            "dimension": 0
          },
          {
            "name": "card_country",
            "type": "Integer",
            "dimension": 0
          },
          {
            "name": "is_cnp",
            "type": "Integer",
            "dimension": 0
          },
          {
            "name": "card_exp_date",
            "type": "Date",
            "dimension": 0
          }
        ]
      },
      {
        "name": "SuddenCardUseNearExpirationDate",
        "createdDate": "Tue Aug 05 2014",
        "attributes": [
          {
            "name": "Certainty",
            "type": "Double",
            "defaultValue": "1",
            "dimension": 0,
            "description": "The certainty that this event happen (value between 0 to 1)"
          },
          {
            "name": "OccurrenceTime",
            "type": "Date",
            "dimension": 0,
            "description": "No value means it equals the event detection time, other option is to use one of the defined distribution functions with parameters"
          },
          {
            "name": "ExpirationTime",
            "type": "Date",
            "dimension": 0,
            "description": "Only till this time the cost and certainty parameters of the event are valid, and only till this time a proactive action is considered"
          },
          {
            "name": "Cost",
            "type": "Double",
            "dimension": 0,
            "description": "The cost of this event occurrence. Negative if this is an opportunity"
          },
          {
            "name": "Duration",
            "type": "Double",
            "defaultValue": "0",
            "dimension": 0,
            "description": "Used in case the this event occur within an interval"
          },
          {
            "name": "card_pan",
            "type": "String",
            "dimension": 0
          },
          {
            "name": "TransactionsCount",
            "type": "Integer",
            "dimension": 0
          },
          {
            "name": "is_cnp",
            "type": "Integer",
            "dimension": 0
          },
           {
            "name": "transaction_ids",
            "type": "String",
            "dimension": 1
          },
          {
            "name": "timestamps",
            "type": "Long",
            "dimension": 1
          },
           {
            "name": "acquirer_country",
            "type": "Integer",
            "dimension": 1
          },
           {
            "name": "card_country",
            "type": "Integer",
            "dimension": 0
          }
        ]
      },
      {
        "name": "TransactionsInFarAwayPlaces",
        "createdDate": "Tue Aug 05 2014",
        "attributes": [
          {
            "name": "Certainty",
            "type": "Double",
            "defaultValue": "1",
            "dimension": 0,
            "description": "The certainty that this event happen (value between 0 to 1)"
          },
          {
            "name": "OccurrenceTime",
            "type": "Date",
            "dimension": 0,
            "description": "No value means it equals the event detection time, other option is to use one of the defined distribution functions with parameters"
          },
          {
            "name": "ExpirationTime",
            "type": "Date",
            "dimension": 0,
            "description": "Only till this time the cost and certainty parameters of the event are valid, and only till this time a proactive action is considered"
          },
          {
            "name": "Cost",
            "type": "Double",
            "dimension": 0,
            "description": "The cost of this event occurrence. Negative if this is an opportunity"
          },
          {
            "name": "Duration",
            "type": "Double",
            "defaultValue": "0",
            "dimension": 0,
            "description": "Used in case the this event occur within an interval"
          },
          {
            "name": "card_pan",
            "type": "String",
            "dimension": 0
          },
           {
            "name": "transaction_ids",
            "type": "String",
            "dimension": 1
          },
           {
            "name": "timestamps",
            "type": "Long",
            "dimension": 1
          },
           {
            "name": "acquirer_country",
            "type": "Integer",
            "dimension": 1
          },
           {
            "name": "card_country",
            "type": "Integer",
            "dimension": 0
          }
        ]
      },
       {
        "name": "TransactionStats",
        "createdDate": "Mon Dec 15 2014",
        "attributes": [
          {
            "name": "Certainty",
            "type": "Double",
            "defaultValue": "1",
            "dimension": 0,
            "description": "The certainty that this event happen (value between 0 to 1)"
          },
          {
            "name": "OccurrenceTime",
            "type": "Date",
            "dimension": 0,
            "description": "No value means it equals the event detection time, other option is to use one of the defined distribution functions with parameters"
          },
          {
            "name": "ExpirationTime",
            "type": "Date",
            "dimension": 0,
            "description": "Only till this time the cost and certainty parameters of the event are valid, and only till this time a proactive action is considered"
          },
          {
            "name": "Cost",
            "type": "Double",
            "dimension": 0,
            "description": "The cost of this event occurrence. Negative if this is an opportunity"
          },
          {
            "name": "Duration",
            "type": "Double",
            "defaultValue": "0",
            "dimension": 0,
            "description": "Used in case the this event occur within an interval"
          },
          {
            "name": "country",
            "type": "Integer",
            "dimension": 0
          },
          {
            "name": "average_transaction_amount_eur",
            "type": "Double",
            "dimension": 0
          },
          {
            "name": "transaction_volume",
            "type": "Double",
            "dimension": 0
          },
          {
            "name": "transaction_count",
            "type": "Double",
            "dimension": 0
          }
        ]
      }
    ],
    "epas": [
    
      {
        "name": "CP_SuddenCardUseNearExpirationDateEPA",
        "createdDate": "Tue Aug 05 2014",
        "epaType": "Aggregate",
        "context": "CompositeInitiatedFirstTransaction20mins",
        "inputEvents": [
          {
            "name": "Transaction",
            "filterExpression": "Transaction.cvv_validation == 16 && Transaction.is_cnp == 0 && (Transaction.card_exp_date != null && DayDiff(Transaction.card_exp_date,Transaction.OccurrenceTime)<=1 && CompareDates(Transaction.OccurrenceTime,Transaction.card_exp_date) != 1)",
            "consumptionPolicy": "Consume",
            "instanceSelectionPolicy": "First"
          }
        ],
        "computedVariables": [
          {
            "name": "Count",
            "aggregationType": "Count",
            "Transaction": "1"
          }
        ],
        "assertion": "Count >= 3",
        "evaluationPolicy": "Immediate",
        "cardinalityPolicy": "Unrestricted",
        "internalSegmentation": [],
        "derivedEvents": [
          {
            "name": "SuddenCardUseNearExpirationDate",
            "reportParticipants": false,
            "expressions": {
              "Certainty": "Sigmoid(-1.674, 0.693,Count)",
              "Duration": "0",
              "card_pan": "context.CardNumberSegmentation",
              "TransactionsCount": "Count",
              "is_cnp": "0",
              "transaction_ids": "ArrayConvert(Transaction.transaction_id)",
              "timestamps":"ArrayConvert(Transaction.DetectionTime)",
              "acquirer_country":"ArrayConvert(Transaction.acquirer_country)",
              "card_country":"ArrayGet(Transaction.card_country,ArraySize(Transaction.card_country)-1)",
              "OccurrenceTime":"ArrayGet(Transaction.OccurrenceTime,ArraySize(Transaction.OccurrenceTime)-1)"                            
            }
          }
        ]
      },
      {
        "name": "CP_TransactionsInFarAwayPlacesEPA",
        "createdDate": "Wed Aug 06 2014",
        "epaType": "Sequence",
        "context": "CompositeInitiatedFirstTransaction15mins",
        "inputEvents": [
          {
            "name": "Transaction",
            "alias": "T1",
            "filterExpression": "T1.is_cnp == 0",
            "consumptionPolicy": "Consume",
            "instanceSelectionPolicy": "First"
          },
          {
            "name": "Transaction",
            "alias": "T2",
            "filterExpression": "T2.is_cnp == 0",
            "consumptionPolicy": "Consume",
            "instanceSelectionPolicy": "Override"
          }
        ],
        "computedVariables": [],
        "assertion": "T1.acquirer_country != T2.acquirer_country",
        "evaluationPolicy": "Immediate",
        "cardinalityPolicy": "Unrestricted",
        "internalSegmentation": [],
        "derivedEvents": [
          {
            "name": "TransactionsInFarAwayPlaces",
            "reportParticipants": false,
            "expressions": {
              "Certainty": "1.0",
              "Duration": "0",
              "card_pan": "context.CardNumberSegmentation",
              "card_country":"T1.card_country",
              "acquirer_country":"ArrayConvert(Split(Concat(Concat(T1.acquirer_country,\",\"),T2.acquirer_country),\",\"))",
              "timestamps":"ArrayConvert(Split(Concat(Concat(T1.DetectionTime,\",\"),T2.DetectionTime),\",\"))",
              "transaction_ids":"ArrayConvert(Split(Concat(Concat(T1.transaction_id,\",\"),T2.transaction_id),\",\"))",
              "OccurrenceTime":"CreateDate(GetDate(T2.OccurrenceTime),GetHours(T2.OccurrenceTime),GetMinutes(T2.OccurrenceTime),GetSeconds(T2.OccurrenceTime))"
            }
          }
        ]
      }
      ,
      {
        "name": "AggregateStatsEPA",
        "createdDate": "Mon Dec 15 2014",
        "epaType": "Aggregate",
        "context": "CompositeCountry",
        "inputEvents": [
          {
            "name": "Transaction",
            "consumptionPolicy": "Consume",
            "instanceSelectionPolicy": "First"
          }
        ],
        "computedVariables": [
          {
            "name": "AverageAmountEur",
            "aggregationType": "Average",
            "Transaction": "Transaction.amount_eur"
          },
          {
            "name": "Volume",
            "aggregationType": "Sum",
            "Transaction": "Transaction.amount_eur"
          },
          {
            "name": "Count",
            "aggregationType": "Count",
            "Transaction": "1"
          }
        ],
        "evaluationPolicy": "Deferred",
        "cardinalityPolicy": "Single",
        "internalSegmentation": [],
        "derivedEvents": [
          {
            "name": "TransactionStats",
            "reportParticipants": false,
            "expressions": {
              "Duration": "0",
              "country": "context.CntrySegmentation",
              "average_transaction_amount_eur": "AverageAmountEur",
              "transaction_volume": "Volume",
              "transaction_count": "Count"
            }
          }
        ]
      }
    ],
    "contexts": {
      "temporal": [
      {
          "name": "TemporalInitiatedFirstTransaction",
          "createdDate": "Mon Aug 18 2014",
          "type": "TemporalInterval",
          "atStartup": false,
          "neverEnding": false,
          "initiators": [
            {
              "initiatorType": "Event",
              "initiatorPolicy": "Ignore",
              "name": "Transaction"
            }
          ],
          "terminators": [
            {
              "terminatorType": "RelativeTime",
              "terminationType": "Terminate",
              "relativeTime": "30000"
            }
          ]
        },
        {
          "name": "TemporalInitiatedFirstTransaction15mins",
          "createdDate": "Thu Oct 29 2015",
          "type": "TemporalInterval",
          "atStartup": false,
          "neverEnding": false,
          "initiators": [
            {
              "initiatorType": "Event",
              "initiatorPolicy": "Ignore",
              "name": "Transaction"
            }
          ],
          "terminators": [
            {
              "terminatorType": "RelativeTime",
              "terminationType": "Terminate",
              "relativeTime": "900000"
            }
          ]
        },
        {
          "name": "TemporalInitiatedFirstTransaction20mins",
          "createdDate": "Thu Oct 29 2015",
          "type": "TemporalInterval",
          "atStartup": false,
          "neverEnding": false,
          "initiators": [
            {
              "initiatorType": "Event",
              "initiatorPolicy": "Ignore",
              "name": "Transaction"
            }
          ],
          "terminators": [
            {
              "terminatorType": "RelativeTime",
              "terminationType": "Terminate",
              "relativeTime": "1200000"
            }
          ]
        }
      ],
      "segmentation": [
        {
          "name": "CardNumberSegmentation",
          "createdDate": "Tue Aug 05 2014",
          "participantEvents": [
            {
              "name": "Transaction",
              "expression": "Transaction.card_pan"
            }
          ]
        },
        {
          "name": "CntrySegmentation",
          "createdDate": "Mon Dec 15 2014",
          "participantEvents": [
            {
              "name": "Transaction",
              "expression": "Transaction.acquirer_country"
            }
          ]
        }
      ],
      "composite": [
       {
          "name": "CompositeInitiatedFirstTransaction15mins",
          "createdDate": "Wed Aug 06 2014",
          "temporalContexts": [
            {
              "name": "TemporalInitiatedFirstTransaction15mins"
            }
          ],
          "segmentationContexts": [
            {
              "name": "CardNumberSegmentation"
            }
          ]
        },
        {
          "name": "CompositeInitiatedFirstTransaction20mins",
          "createdDate": "Wed Aug 06 2014",
          "temporalContexts": [
            {
              "name": "TemporalInitiatedFirstTransaction20mins"
            }
          ],
          "segmentationContexts": [
            {
              "name": "CardNumberSegmentation"
            }
          ]
        },
        {
          "name": "CompositeCountry",
          "createdDate": "Mon Dec 15 2014",
          "temporalContexts": [
            {
              "name": "TemporalInitiatedFirstTransaction"
            }
          ],
          "segmentationContexts": [
            {
              "name": "CntrySegmentation"
            }
          ]
        }
      ]
    },
    "consumers": [
      {
        "name": "ExampleConsumer",
        "createdDate": "Wed Aug 06 2014",
        "type": "File",
        "properties": [
          {
            "name": "filename",
            "value": "D:\\EP\\Projects\\EU\\SPEEDD\\usecases\\Feedzai\\sampleOutputUncertainty.txt"
          },
          {
            "name": "formatter",
            "value": "json"
          },
          {
            "name": "delimiter",
            "value": ";"
          },
          {
            "name": "tagDataSeparator",
            "value": "="
          },
          {
            "name": "SendingDelay",
            "value": "1000"
          },
          {
            "name": "dateFormat",
            "value": "dd/MM/yyyy-HH:mm:ss"
          }
        ],
        "events": [
          {
            "name": "Transaction"
          },
        
          {
            "name": "SuddenCardUseNearExpirationDate"
          },
          {
            "name": "TransactionsInFarAwayPlaces"
          },
           {
            "name": "TransactionStats"
          }
        ]
      }
    ],
    "producers": [
      {
        "name": "ExampleProducer",
        "createdDate": "Wed Aug 06 2014",
        "type": "Timed",
        "properties": [
          {
            "name": "filename",
            "value": "D:/EP/Projects/Proton/MergeOpenSourceUncertaintyWorkspace/ProtonJ2SE/config/FeedzaiIntegrationData.csv"
          },
          {
            "name": "pollingInterval",
            "value": "1000"
          },
          {
            "name": "sendingDelay",
            "value": "1000"
          },
          {
            "name": "formatter",
            "value": "csv"
          },
          {
            "name": "delimiter",
            "value": ","
          },
          {
            "name": "tagDataSeparator",
            "value": "="
          },
          {
            "name": "csvEventType",
            "value": "Transaction"
          },
          {
            "name": "csvAttributeNames",
            "value": "OccurrenceTime,transaction_id,is_cnp,amount_eur,card_pan,card_exp_date,card_country,card_family,card_type,card_tech,acquirer_country,merchant_mcc,terminal_brand,terminal_id,terminal_type,terminal_emv,transaction_response,card_auth,terminal_auth,client_auth,card_band,cvv_validation,tmp_card_pan,tmp_card_exp_date,transaction_type,auth_type,is_fraud"
          },
          {
            "name": "dateFormat",
            "value": "yyyyMM"
          }
        ],
        "events": []
      }
    ],
    "name": "FeedzaiFraud_CP_Uncertain_Ivo"
  }
}