<?xml version="1.0" encoding="UTF-8"?>
<!-- ====================================================================== 
     Build Proton Project                                                     
     ====================================================================== -->
<project name="proton" default="all" basedir="../.">
	<description>
            This script packages the Proton Stand alone application
			This script assumes the following :
		    * The script is run from an eclipse based workspace
			* The java projects are as defines in the properties bellow
		    * Each project has a bin directory as an output directory (contianing *.class files)
		    * The user has write permissions to C:\temp 
            
		When does this script should be updated ?		
		* An additional project should be added to the build -> update "create_jar" target
	    * An additional library (jar file) is required -> 
			update "prepare" target where jars are copied
			update "lib class-path"" property. add the newly added jar to the class-path
    </description>

	<property name="app.name" value="proton" />
	<property name="app.path" value="/${app.name}" />
	<property name="app.version" value="0.1" />
	<property name="temp.dir" value="C:/temp" />
	<property name="build.home" value="${temp.dir}/ProtonBuild" />
	<property name="build.home.temp" value="${build.home}/temp" />
	<property name="src.home" value="${basedir}/src" />
	<property name="application.lib" value="${build.home.temp}/lib" />
	<property name="workspace" value="${basedir}/../." />
	<property name="metadata project" value="${workspace}/ProtonMetadata" />
	<property name="expression evaluator project" value="${workspace}/ProtonExpressionEvaluator" />
	<property name="adapters project" value="${workspace}/ProtonAdapters" />
	<property name="utilities project" value="${workspace}/ProtonUtilities" />
	<property name="Rand project" value="${workspace}/Rand" />
	<property name="agentQueues project" value="${workspace}/ProtonAgentQueues" />
	<property name="context project" value="${workspace}/ProtonContext" />
	<property name="epaManager project" value="${workspace}/ProtonEPAManager" />
	<property name="logic project" value="${workspace}/ProtonLogic" />
	<property name="orchestration project" value="${workspace}/ProtonOrchestration" />
	<property name="standalone project" value="${workspace}/ProtonStandalone" />
	<property name="mathUtils project" value="${workspace}/MathUtils" />
	<property name="proactive project" value="${workspace}/ProtonProactive" />
	<property name="EEP project" value="${workspace}/Amit3.0EEP" />
	<property name="Documentation project" value="${workspace}/ProtonDocumentation" />
	<property name="app docs" value="${Documentation project}/docs" />
	<property name="app sample" value="${Documentation project}/sample" />
	<property name="app.config.home" value="${standalone project}/config" />
	<property name="lib class-path" value=". lib/EEP.jar lib/JSON4J.jar lib/MathUtils.jar lib/commons-logging.jar lib/commons-httpclient-3.0.jar lib/commons-codec-1.3.jar lib/com.ibm.ws.sib.client.thin.jms_7.0.0.jar lib/com.ibm.ws.orb_7.0.0.jar lib/com.ibm.ws.ejb.thinclient_7.0.0.jar" />
	<property name="classes.home" value="${build.home}/classes" />
	<property name="publish.server" value="srv-pm.haifa.ibm.com" />
	<property name="publish.user" value="anonymous" />
	<property name="publish.password" value="vivaldi-build@il.ibm.com" />
	<property name="publish.remotedir" value="/proton-builds" />
	<property name="pack.filename" value="${app.name}.zip" />


	<path id="compile.classpath">
		<!-- ProtonAdapters project libraries -->
		<fileset dir="${adapters project}/lib">
			<include name="*.jar" />
		</fileset>

		<!-- ProtonExpressionEvaluator Libraries -->
		<fileset dir="${expression evaluator project}/lib">
			<include name="*.jar" />
		</fileset>

		<!-- ProtonMetadata Libraries -->
		<fileset dir="${metadata project}/lib">
			<include name="*.jar" />
		</fileset>
		
		<!-- ProtonLogic Libraries -->
		<fileset dir="${logic project}/lib">
			<include name="*.jar" />
		</fileset>

		<!-- Rand Libraries -->
		<fileset dir="${Rand project}/lib">
			<include name="*.jar" />
		</fileset>
	</path>

	<!-- ================================= 
          target: dependencies              
         ================================= -->
	<target name="dependencies">
		<ant antfile="${mathUtils project}/build.xml" target="build">
			<property name="build.home" value="${build.home}/MathUtilsBuild" />
			<property name="basedir" value="${mathUtils project}"></property>
		</ant>
	</target>		

	<!-- ================================= 
          target: compile              
         ================================= -->
	<target name="compile" depends="clean, dependencies" description="Compile Java sources">

		<!-- Compile Java classes as necessary -->
		<mkdir dir="${classes.home}" />
		<javac encoding="ISO-8859-1" verbose="yes" destdir="${classes.home}" debug="${compile.debug}" deprecation="${compile.deprecation}" optimize="${compile.optimize}" includeantruntime="false">
			<classpath refid="compile.classpath" />
			<src path="${epaManager project}/src" />
			<src path="${src.home}" />
			<src path="${adapters project}/src" />
			<src path="${agentQueues project}/src" />
			<src path="${context project}/src" />
			<src path="${expression evaluator project}/src" />
			<src path="${metadata project}/src" />
			<src path="${orchestration project}/src" />
			<src path="${utilities project}/src" />
			<src path="${logic project}/src" />
			<src path="${Rand project}" />
			<src path="${proactive project}/src" />
		</javac>

	</target>


	<!-- ================================= 
          target: clean              
         ================================= -->
	<target name="clean" description="Delete old build and dist directories">
		<delete dir="${build.home}" />
	</target>

	<!-- ================================= 
          target: prepare              
         ================================= -->
	<target name="prepare">
		<!-- Create staging directories as needed -->
		<mkdir dir="${build.home.temp}" />
		<mkdir dir="${build.home.temp}/config" />
		<mkdir dir="${build.home.temp}/lib" />
		<mkdir dir="${build.home.temp}/sample" />
		<mkdir dir="${build.home.temp}/docs" />
		<mkdir dir="${build.home}/${app.name}" />


		<!-- Copy static content  -->
		<!--  Properties file
		      example  scenario definition file (json)                                                                                                                                                                                                                                                                                                                                                                                                                                                                                                                                                                                                                                                                                                                                                                                                                                                                                                                                                                                                                                                                                                                                                                                                                                                                                                                                                                                                                                                                                                                                                                                                                                                                                                                                                                                                                                           
		      scenario file (input events)
		      launch.bat file	 
		 -->
		<copy todir="${build.home.temp}/sample" verbose="true">
			<fileset dir="${app sample}/dosAttack" includes="*.txt,*.json" />
		</copy>

		<copy todir="${build.home.temp}" verbose="true">
			<fileset dir="${app.config.home}" includes="*.bat" />
			<fileset dir="${app docs}" includes="proton_readme.txt" />
		</copy>
		<copy todir="${build.home.temp}/config" verbose="true">
			<fileset dir="${app.config.home}" includes="*.properties" />
		</copy>
		<copy todir="${build.home.temp}/docs" verbose="true">
			<fileset dir="${app docs}" includes="ProtonUserGuide.doc" />
		</copy>

		<!-- copy external libraries, In case additional project has external jar it should be added here -->
		<copy todir="${build.home.temp}/lib" verbose="true">
			<!-- ProtonAdapters project libraries -->
			<fileset dir="${adapters project}/lib">
				<include name="*.jar" />
			</fileset>

			<!-- ProtonExpressionEvaluator Libraries -->
			<fileset dir="${expression evaluator project}/lib">
				<include name="*.jar" />
			</fileset>

			<!-- ProtonMetadata Libraries -->
			<fileset dir="${metadata project}/lib">
				<include name="*.jar" />
			</fileset>

			<!-- Rand Libraries -->
			<fileset dir="${Rand project}/lib">
				<include name="*.jar" />
			</fileset>
			
			<!-- Logic Libraries -->
			<fileset dir="${logic project}/lib">
				<include name="*.jar" />
			</fileset>
		</copy>
	</target>

	<!-- ================================= 
	          target: Create jar             
	     ================================= -->

	<pathconvert property="manifest.classpath" pathsep=" ">
	  <path refid="compile.classpath"/>
	  <mapper>
	    <chainedmapper>
	       <flattenmapper/>
	       <globmapper from="*.jar" to="lib/*.jar"/>
	    </chainedmapper>
	  </mapper>
	</pathconvert>

	<target depends="compile,prepare" name="create_jar">

		<jar destfile="${build.home.temp}/IBMProtonApp.jar" filesetmanifest="mergewithoutmain">
			<manifest>
				<attribute name="Built-By" value="${user.name}" />
				<attribute name="Main-Class" value="com.ibm.hrl.proton.server.executor.ProtonExecutor" />
				<attribute name="Class-Path" value="${manifest.classpath}" />
			</manifest>

			<fileset dir="${classes.home}" includes="**/*.class" />
		</jar>

		<!-- Create jar files for MathUtils and EEP and copy them to lib folder-->
		<copy todir="${build.home.temp}/lib">
			<fileset file="${build.home}/MathUtilsBuild/MathUtils.jar">
			</fileset>
		</copy>
	</target>

	<!-- ================================= 
          target: ClearAndPack              
         ================================= -->
	<target name="ClearAndPack" depends="create_jar" description="Clear unnecessary files and folders. copy into ProtonBuild and pack as zip">
		<zip destfile="${build.home}/${pack.filename}" basedir="${build.home.temp}" />
	</target>

	<!-- ================================= 
          target: publish              
         ================================= -->
	<target name="publish" depends="ClearAndPack" description="Publish build artifacts">
		<ftp action="mkdir" 
			password="${publish.password}" 
			server="${publish.server}" 
			userid="${publish.user}" 
			remotedir="${publish.remotedir}/${buildResultUUID}">
		</ftp>
		<ftp password="${publish.password}" 
			server="${publish.server}" 
			userid="${publish.user}" 
			remotedir="${publish.remotedir}/${buildResultUUID}">
			<fileset file="${build.home}/${pack.filename}"></fileset>
		</ftp>
		<artifactLinkPublisher repositoryAddress="${repositoryAddress}"
				                       userId="${userId}"
				                       passwordFile="${rtcpasswordfile}"
				                       buildResultUUID="${buildResultUUID}"
				                       url="ftp://${publish.server}/${publish.remotedir}/${buildResultUUID}/${pack.filename}"
				                       localFilePath="${build.home}/${pack.filename}"
				                       label="Proton J2SE runtime, docs and sample"/>
	</target>


	<!-- ================================= 
          target: all              
         ================================= -->
	<!--<target name="all" depends="clean,compile,create_jar,ClearAndPack,publish" description="Clean, build, and publish" />-->
	<target name="all" depends="clean,compile,create_jar,ClearAndPack" description="Clean, build" />

	<!--<taskdef name="artifactLinkPublisher"
	         classname="com.ibm.team.build.ant.task.ArtifactLinkPublisherTask"/>-->

</project>

