<?xml version="1.0" encoding="UTF-8"?>
<metadata modelVersion="1.1.0">
  <groupId>com.ibm.hrl.proton</groupId>
  <artifactId>ProtonOnStorm</artifactId>
  <version>1.0-SNAPSHOT</version>
  <versioning>
    <snapshot>
      <localCopy>true</localCopy>
    </snapshot>
    <lastUpdated>20140722073352</lastUpdated>
    <snapshotVersions>
      <snapshotVersion>
        <classifier>jar-with-dependencies</classifier>
        <extension>jar</extension>
        <value>1.0-SNAPSHOT</value>
        <updated>20140722073352</updated>
      </snapshotVersion>
      <snapshotVersion>
        <extension>jar</extension>
        <value>1.0-SNAPSHOT</value>
        <updated>20140722073352</updated>
      </snapshotVersion>
      <snapshotVersion>
        <extension>pom</extension>
        <value>1.0-SNAPSHOT</value>
        <updated>20140722073352</updated>
      </snapshotVersion>
    </snapshotVersions>
  </versioning>
</metadata>
