{
  "epn": {
    "events": [
      {
        "name": "Transaction",
        "createdDate": "Tue Aug 05 2014",
        "attributes": [
          {
            "name": "Certainty",
            "type": "Double",
            "defaultValue": "1",
            "dimension": 0,
            "description": "The certainty that this event happen (value between 0 to 1)"
          },
          {
            "name": "OccurrenceTime",
            "type": "Date",
            "dimension": 0,
            "description": "No value means it equals the event detection time, other option is to use one of the defined distribution functions with parameters"
          },
          {
            "name": "ExpirationTime",
            "type": "Date",
            "dimension": 0,
            "description": "Only till this time the cost and certainty parameters of the event are valid, and only till this time a proactive action is considered"
          },
          {
            "name": "Cost",
            "type": "Double",
            "dimension": 0,
            "description": "The cost of this event occurrence. Negative if this is an opportunity"
          },
          {
            "name": "Duration",
            "type": "Double",
            "defaultValue": "0",
            "dimension": 0,
            "description": "Used in case the this event occur within an interval"
          },
          {
            "name": "card_pan",
            "type": "String",
            "dimension": 0
          },
          {
            "name": "terminal_id",
            "type": "Double",
            "dimension": 0
          },
          {
            "name": "cvv_validation",
            "type": "Integer",
            "dimension": 0
          },
          {
            "name": "amount_eur",
            "type": "Double",
            "dimension": 0
          },
          {
            "name": "acquirer_country",
            "type": "Integer",
            "dimension": 0
          },
          {
            "name": "is_cnp",
            "type": "Integer",
            "dimension": 0
          },
          {
            "name": "card_exp_date",
            "type": "Date",
            "dimension": 0
          }
          
        ]
      },
      {
        "name": "DecreasingAmounts",
        "createdDate": "Tue Aug 05 2014",
        "attributes": [
          {
            "name": "Certainty",
            "type": "Double",
            "defaultValue": "1",
            "dimension": 0,
            "description": "The certainty that this event happen (value between 0 to 1)"
          },
          {
            "name": "OccurrenceTime",
            "type": "Date",
            "dimension": 0,
            "description": "No value means it equals the event detection time, other option is to use one of the defined distribution functions with parameters"
          },
          {
            "name": "ExpirationTime",
            "type": "Date",
            "dimension": 0,
            "description": "Only till this time the cost and certainty parameters of the event are valid, and only till this time a proactive action is considered"
          },
          {
            "name": "Cost",
            "type": "Double",
            "dimension": 0,
            "description": "The cost of this event occurrence. Negative if this is an opportunity"
          },
          {
            "name": "Duration",
            "type": "Double",
            "defaultValue": "0",
            "dimension": 0,
            "description": "Used in case the this event occur within an interval"
          },
          {
            "name": "card_pan",
            "type": "String",
            "dimension": 0
          },       
          {
            "name": "TrendCount",
            "type": "Double",
            "dimension": 0
          },
          {
            "name": "is_cnp",
            "type": "Integer",
            "dimension": 0
          }
        ]
      },
      {
        "name": "IncreasingAmounts",
        "createdDate": "Tue Aug 05 2014",
        "attributes": [
          {
            "name": "Certainty",
            "type": "Double",
            "defaultValue": "1",
            "dimension": 0,
            "description": "The certainty that this event happen (value between 0 to 1)"
          },
          {
            "name": "OccurrenceTime",
            "type": "Date",
            "dimension": 0,
            "description": "No value means it equals the event detection time, other option is to use one of the defined distribution functions with parameters"
          },
          {
            "name": "ExpirationTime",
            "type": "Date",
            "dimension": 0,
            "description": "Only till this time the cost and certainty parameters of the event are valid, and only till this time a proactive action is considered"
          },
          {
            "name": "Cost",
            "type": "Double",
            "dimension": 0,
            "description": "The cost of this event occurrence. Negative if this is an opportunity"
          },
          {
            "name": "Duration",
            "type": "Double",
            "defaultValue": "0",
            "dimension": 0,
            "description": "Used in case the this event occur within an interval"
          },
          {
            "name": "card_pan",
            "type": "String",
            "dimension": 0
          },       
          {
            "name": "TrendCount",
            "type": "Double",
            "dimension": 0
          },
          {
            "name": "is_cnp",
            "type": "Integer",
            "dimension": 0
          }
        ]
      },
      {
        "name": "IncreasingAmountsAfterCVVAtack",
        "createdDate": "Tue Aug 05 2014",
        "attributes": [
          {
            "name": "Certainty",
            "type": "Double",
            "defaultValue": "1",
            "dimension": 0,
            "description": "The certainty that this event happen (value between 0 to 1)"
          },
          {
            "name": "OccurrenceTime",
            "type": "Date",
            "dimension": 0,
            "description": "No value means it equals the event detection time, other option is to use one of the defined distribution functions with parameters"
          },
          {
            "name": "ExpirationTime",
            "type": "Date",
            "dimension": 0,
            "description": "Only till this time the cost and certainty parameters of the event are valid, and only till this time a proactive action is considered"
          },
          {
            "name": "Cost",
            "type": "Double",
            "dimension": 0,
            "description": "The cost of this event occurrence. Negative if this is an opportunity"
          },
          {
            "name": "Duration",
            "type": "Double",
            "defaultValue": "0",
            "dimension": 0,
            "description": "Used in case the this event occur within an interval"
          },
          {
            "name": "card_pan",
            "type": "String",
            "dimension": 0
          },
          
          {
            "name": "TrendCount",
            "type": "Double",
            "dimension": 0
          },
           {
            "name": "is_cnp",
            "type": "Integer",
            "dimension": 0
          }
        ]
      },
       {
        "name": "FlashAttackAfterCVVAttack",
        "createdDate": "Tue Aug 05 2014",
        "attributes": [
          {
            "name": "Certainty",
            "type": "Double",
            "defaultValue": "1",
            "dimension": 0,
            "description": "The certainty that this event happen (value between 0 to 1)"
          },
          {
            "name": "OccurrenceTime",
            "type": "Date",
            "dimension": 0,
            "description": "No value means it equals the event detection time, other option is to use one of the defined distribution functions with parameters"
          },
          {
            "name": "ExpirationTime",
            "type": "Date",
            "dimension": 0,
            "description": "Only till this time the cost and certainty parameters of the event are valid, and only till this time a proactive action is considered"
          },
          {
            "name": "Cost",
            "type": "Double",
            "dimension": 0,
            "description": "The cost of this event occurrence. Negative if this is an opportunity"
          },
          {
            "name": "Duration",
            "type": "Double",
            "defaultValue": "0",
            "dimension": 0,
            "description": "Used in case the this event occur within an interval"
          },
          {
            "name": "card_pan",
            "type": "String",
            "dimension": 0
          },
         
          {
            "name": "TransactionsCount",
            "type": "Double",
            "dimension": 0
          },
           {
            "name": "is_cnp",
            "type": "Integer",
            "dimension": 0
          }
        ]
      },
      {
        "name": "SuddenCardUseNearExpirationDateAfterCVVAttack",
        "createdDate": "Tue Aug 05 2014",
        "attributes": [
          {
            "name": "Certainty",
            "type": "Double",
            "defaultValue": "1",
            "dimension": 0,
            "description": "The certainty that this event happen (value between 0 to 1)"
          },
          {
            "name": "OccurrenceTime",
            "type": "Date",
            "dimension": 0,
            "description": "No value means it equals the event detection time, other option is to use one of the defined distribution functions with parameters"
          },
          {
            "name": "ExpirationTime",
            "type": "Date",
            "dimension": 0,
            "description": "Only till this time the cost and certainty parameters of the event are valid, and only till this time a proactive action is considered"
          },
          {
            "name": "Cost",
            "type": "Double",
            "dimension": 0,
            "description": "The cost of this event occurrence. Negative if this is an opportunity"
          },
          {
            "name": "Duration",
            "type": "Double",
            "defaultValue": "0",
            "dimension": 0,
            "description": "Used in case the this event occur within an interval"
          },
          {
            "name": "card_pan",
            "type": "String",
            "dimension": 0
          },
         
          {
            "name": "TransactionsCount",
            "type": "Double",
            "dimension": 0
          },
           {
            "name": "is_cnp",
            "type": "Integer",
            "dimension": 0
          }
        ]
      },
       {
        "name": "MultipleATMWithdrawalsAfterCVVAttack",
        "createdDate": "Tue Aug 05 2014",
        "attributes": [
          {
            "name": "Certainty",
            "type": "Double",
            "defaultValue": "1",
            "dimension": 0,
            "description": "The certainty that this event happen (value between 0 to 1)"
          },
          {
            "name": "OccurrenceTime",
            "type": "Date",
            "dimension": 0,
            "description": "No value means it equals the event detection time, other option is to use one of the defined distribution functions with parameters"
          },
          {
            "name": "ExpirationTime",
            "type": "Date",
            "dimension": 0,
            "description": "Only till this time the cost and certainty parameters of the event are valid, and only till this time a proactive action is considered"
          },
          {
            "name": "Cost",
            "type": "Double",
            "dimension": 0,
            "description": "The cost of this event occurrence. Negative if this is an opportunity"
          },
          {
            "name": "Duration",
            "type": "Double",
            "defaultValue": "0",
            "dimension": 0,
            "description": "Used in case the this event occur within an interval"
          },
          
          {
            "name": "terminal_id",
            "type": "String",
            "dimension": 0
          },
         
          {
            "name": "TransactionsCount",
            "type": "Double",
            "dimension": 0
          }
           
        ]
      },
      {
        "name": "CVVAttack",
        "createdDate": "Tue Aug 05 2014",
        "attributes": [
          {
            "name": "Certainty",
            "type": "Double",
            "defaultValue": "1",
            "dimension": 0,
            "description": "The certainty that this event happen (value between 0 to 1)"
          },
          {
            "name": "OccurrenceTime",
            "type": "Date",
            "dimension": 0,
            "description": "No value means it equals the event detection time, other option is to use one of the defined distribution functions with parameters"
          },
          {
            "name": "ExpirationTime",
            "type": "Date",
            "dimension": 0,
            "description": "Only till this time the cost and certainty parameters of the event are valid, and only till this time a proactive action is considered"
          },
          {
            "name": "Cost",
            "type": "Double",
            "dimension": 0,
            "description": "The cost of this event occurrence. Negative if this is an opportunity"
          },
          {
            "name": "Duration",
            "type": "Double",
            "defaultValue": "0",
            "dimension": 0,
            "description": "Used in case the this event occur within an interval"
          },
          {
            "name": "card_pan",
            "type": "String",
            "dimension": 0
          },
          {
            "name": "TransactionsCount",
            "type": "Integer",
            "dimension": 0
          },
            {
            "name": "is_cnp",
            "type": "Integer",
            "dimension": 0
          }
        ]
      },
      
      {
        "name": "FlashAttack",
        "createdDate": "Tue Aug 05 2014",
        "attributes": [
          {
            "name": "Certainty",
            "type": "Double",
            "defaultValue": "1",
            "dimension": 0,
            "description": "The certainty that this event happen (value between 0 to 1)"
          },
          {
            "name": "OccurrenceTime",
            "type": "Date",
            "dimension": 0,
            "description": "No value means it equals the event detection time, other option is to use one of the defined distribution functions with parameters"
          },
          {
            "name": "ExpirationTime",
            "type": "Date",
            "dimension": 0,
            "description": "Only till this time the cost and certainty parameters of the event are valid, and only till this time a proactive action is considered"
          },
          {
            "name": "Cost",
            "type": "Double",
            "dimension": 0,
            "description": "The cost of this event occurrence. Negative if this is an opportunity"
          },
          {
            "name": "Duration",
            "type": "Double",
            "defaultValue": "0",
            "dimension": 0,
            "description": "Used in case the this event occur within an interval"
          },
          {
            "name": "card_pan",
            "type": "String",
            "dimension": 0
          },
          {
            "name": "TransactionsCount",
            "type": "Integer",
            "dimension": 0
          },
          {
            "name": "is_cnp",
            "type": "Integer",
            "dimension": 0
          }
        ]
      },
       {
        "name": "SmallFollowedByBigAmounts",
        "createdDate": "Tue Aug 05 2014",
        "attributes": [
          {
            "name": "Certainty",
            "type": "Double",
            "defaultValue": "1",
            "dimension": 0,
            "description": "The certainty that this event happen (value between 0 to 1)"
          },
          {
            "name": "OccurrenceTime",
            "type": "Date",
            "dimension": 0,
            "description": "No value means it equals the event detection time, other option is to use one of the defined distribution functions with parameters"
          },
          {
            "name": "ExpirationTime",
            "type": "Date",
            "dimension": 0,
            "description": "Only till this time the cost and certainty parameters of the event are valid, and only till this time a proactive action is considered"
          },
          {
            "name": "Cost",
            "type": "Double",
            "dimension": 0,
            "description": "The cost of this event occurrence. Negative if this is an opportunity"
          },
          {
            "name": "Duration",
            "type": "Double",
            "defaultValue": "0",
            "dimension": 0,
            "description": "Used in case the this event occur within an interval"
          },
          {
            "name": "card_pan",
            "type": "String",
            "dimension": 0
          },
          {
            "name": "is_cnp",
            "type": "Integer",
            "dimension": 0
          }
        ]
      },
      {
        "name": "MultipleATMWithdrawals",
        "createdDate": "Tue Aug 05 2014",
        "attributes": [
          {
            "name": "Certainty",
            "type": "Double",
            "defaultValue": "1",
            "dimension": 0,
            "description": "The certainty that this event happen (value between 0 to 1)"
          },
          {
            "name": "OccurrenceTime",
            "type": "Date",
            "dimension": 0,
            "description": "No value means it equals the event detection time, other option is to use one of the defined distribution functions with parameters"
          },
          {
            "name": "ExpirationTime",
            "type": "Date",
            "dimension": 0,
            "description": "Only till this time the cost and certainty parameters of the event are valid, and only till this time a proactive action is considered"
          },
          {
            "name": "Cost",
            "type": "Double",
            "dimension": 0,
            "description": "The cost of this event occurrence. Negative if this is an opportunity"
          },
          {
            "name": "Duration",
            "type": "Double",
            "defaultValue": "0",
            "dimension": 0,
            "description": "Used in case the this event occur within an interval"
          },
          {
            "name": "terminal_id",
            "type": "String",
            "dimension": 0
          },
          
          {
            "name": "TransactionsCount",
            "type": "Integer",
            "dimension": 0
          }
          
        ]
      },
       {
        "name": "SuddenCardUseNearExpirationDate",
        "createdDate": "Tue Aug 05 2014",
        "attributes": [
          {
            "name": "Certainty",
            "type": "Double",
            "defaultValue": "1",
            "dimension": 0,
            "description": "The certainty that this event happen (value between 0 to 1)"
          },
          {
            "name": "OccurrenceTime",
            "type": "Date",
            "dimension": 0,
            "description": "No value means it equals the event detection time, other option is to use one of the defined distribution functions with parameters"
          },
          {
            "name": "ExpirationTime",
            "type": "Date",
            "dimension": 0,
            "description": "Only till this time the cost and certainty parameters of the event are valid, and only till this time a proactive action is considered"
          },
          {
            "name": "Cost",
            "type": "Double",
            "dimension": 0,
            "description": "The cost of this event occurrence. Negative if this is an opportunity"
          },
          {
            "name": "Duration",
            "type": "Double",
            "defaultValue": "0",
            "dimension": 0,
            "description": "Used in case the this event occur within an interval"
          },
          {
            "name": "card_pan",
            "type": "String",
            "dimension": 0
          },
          {
            "name": "TransactionsCount",
            "type": "Integer",
            "dimension": 0
          },
           {
            "name": "is_cnp",
            "type": "Integer",
            "dimension": 0
          }
        ]
      },
      
      {
        "name": "TransactionsInFarAwayPlaces",
        "createdDate": "Tue Aug 05 2014",
        "attributes": [
          {
            "name": "Certainty",
            "type": "Double",
            "defaultValue": "1",
            "dimension": 0,
            "description": "The certainty that this event happen (value between 0 to 1)"
          },
          {
            "name": "OccurrenceTime",
            "type": "Date",
            "dimension": 0,
            "description": "No value means it equals the event detection time, other option is to use one of the defined distribution functions with parameters"
          },
          {
            "name": "ExpirationTime",
            "type": "Date",
            "dimension": 0,
            "description": "Only till this time the cost and certainty parameters of the event are valid, and only till this time a proactive action is considered"
          },
          {
            "name": "Cost",
            "type": "Double",
            "dimension": 0,
            "description": "The cost of this event occurrence. Negative if this is an opportunity"
          },
          {
            "name": "Duration",
            "type": "Double",
            "defaultValue": "0",
            "dimension": 0,
            "description": "Used in case the this event occur within an interval"
          },
          {
            "name": "card_pan",
            "type": "String",
            "dimension": 0
          }
        ]
      },
       {
        "name": "FlashAttackAfterSmallFollowedByBigAmounts",
        "createdDate": "Tue Aug 05 2014",
        "attributes": [
          {
            "name": "Certainty",
            "type": "Double",
            "defaultValue": "1",
            "dimension": 0,
            "description": "The certainty that this event happen (value between 0 to 1)"
          },
          {
            "name": "OccurrenceTime",
            "type": "Date",
            "dimension": 0,
            "description": "No value means it equals the event detection time, other option is to use one of the defined distribution functions with parameters"
          },
          {
            "name": "ExpirationTime",
            "type": "Date",
            "dimension": 0,
            "description": "Only till this time the cost and certainty parameters of the event are valid, and only till this time a proactive action is considered"
          },
          {
            "name": "Cost",
            "type": "Double",
            "dimension": 0,
            "description": "The cost of this event occurrence. Negative if this is an opportunity"
          },
          {
            "name": "Duration",
            "type": "Double",
            "defaultValue": "0",
            "dimension": 0,
            "description": "Used in case the this event occur within an interval"
          },
          {
            "name": "card_pan",
            "type": "String",
            "dimension": 0
          },
           {
            "name": "TransactionsCount",
            "type": "Double",
            "dimension": 0
          },
           {
            "name": "is_cnp",
            "type": "Integer",
            "dimension": 0
          }
        ]
      }
     
    ],
    "epas": [
     {
        "name": "IncreasingAmountsEPA",
        "createdDate": "Tue Aug 05 2014",
        "epaType": "Trend",
        "context": "CompositeInitiatedTransaction",
        "inputEvents": [
          {
            "name": "Transaction",
            "filterExpression":"Transaction.is_cnp == 0 && Transaction.cvv_validation == 16",
            "expression": "Transaction.amount_eur",
            "consumptionPolicy": "Reuse",
            "instanceSelectionPolicy": "First"
          }
        ],
        "computedVariables": [],
        "evaluationPolicy": "Immediate",
        "cardinalityPolicy": "Unrestricted",
        "trendN": "2",
        "trendRelation": "Increase",
        "internalSegmentation": [],
        "derivedEvents": [
          {
            "name": "IncreasingAmounts",
            "reportParticipants": false,
            "expressions": {
              "Certainty": "Sigmoid(1,6,trend.count)",
              "Duration": "0",
              "card_pan": "context.CardNumberSegmentation",             
               "is_cnp": "0", 
              "TrendCount": "trend.count"
            }
          }
        ],
        "derivedActions": []
      },
       {
        "name": "DecreasingAmountsEPA",
        "createdDate": "Tue Aug 05 2014",
        "epaType": "Trend",
        "context": "CompositeInitiatedTransaction",
        "inputEvents": [
          {
            "name": "Transaction",
            "filterExpression":"Transaction.is_cnp == 0 && Transaction.cvv_validation == 16 && Transaction.amount_eur > 400",
            "expression": "Transaction.amount_eur",
            "consumptionPolicy": "Reuse",
            "instanceSelectionPolicy": "First"
          }
        ],
        "computedVariables": [],
        "evaluationPolicy": "Immediate",
        "cardinalityPolicy": "Unrestricted",
        "trendN": "2",
        "trendRelation": "Decrease",
        "internalSegmentation": [],
        "derivedEvents": [
          {
            "name": "DecreasingAmounts",
            "reportParticipants": false,
            "expressions": {
              "Certainty": "Sigmoid(1,6,trend.count)",
              "Duration": "0",
              "card_pan": "context.CardNumberSegmentation",             
               "is_cnp": "0", 
              "TrendCount": "trend.count"
            }
          }
        ],
        "derivedActions": []
      }
     ,
        {
        "name": "CVVAttackEPA",
        "createdDate": "Tue Aug 05 2014",
        "epaType": "Aggregate",
        "context": "CompositeInitiatedWrongCVV",
        "inputEvents": [
          {
            "name": "Transaction",
            "filterExpression": "Transaction.cvv_validation != 16 && Transaction.is_cnp == 0",
            "consumptionPolicy": "Consume",
            "instanceSelectionPolicy": "First"
          }
        ],
        "computedVariables": [
          {
            "name": "Count",
            "aggregationType": "Count",
            "Transaction": "1"
          }
        ],
        "assertion": "Count >=4",
        "evaluationPolicy": "Deferred",
        "cardinalityPolicy": "Unrestricted",
        "internalSegmentation": [],
        "derivedEvents": [
          {
            "name": "CVVAttack",
            "reportParticipants": false,
            "expressions": {
              "Certainty": "Sigmoid(1,9,Count)",
              "Duration": "0",
              "card_pan": "context.CardNumberSegmentation",
               "is_cnp": "0", 
              "TransactionsCount": "Count"
            }
          }
        ],
        "derivedActions": []
      },
       {
        "name": "FlashAttackEPA",
        "createdDate": "Tue Aug 05 2014",
        "epaType": "Aggregate",
        "context": "CompositeInitiatedTransaction",
        "inputEvents": [
          {
            "name": "Transaction",
            "filterExpression": "Transaction.cvv_validation == 16 && Transaction.is_cnp == 0",
            "consumptionPolicy": "Consume",
            "instanceSelectionPolicy": "First"
          }
        ],
        "computedVariables": [
          {
            "name": "Count",
            "aggregationType": "Count",
            "Transaction": "1"
          }
        ],
        "assertion": "Count >4",
        "evaluationPolicy": "Deferred",
        "cardinalityPolicy": "Unrestricted",
        "internalSegmentation": [],
        "derivedEvents": [
          {
            "name": "FlashAttack",
            "reportParticipants": false,
            "expressions": {
              "Certainty": "Sigmoid(1,9,Count)",
              "Duration": "0",
              "card_pan": "context.CardNumberSegmentation",
               "is_cnp": "0", 
              "TransactionsCount": "Count"
            }
          }
        ],
        "derivedActions": []
      },
      {
        "name": "SmallFollowedByBigAmountsEPA",
        "createdDate": "Wed Aug 06 2014",
        "epaType": "Sequence",
        "context": "CompositeTransaction2minsInitiatedSmall",
        "inputEvents": [
          {
            "name": "Transaction",
            "alias": "T1",
            "filterExpression": "T1.is_cnp == 0 && T1.cvv_validation == 16",
            "consumptionPolicy": "Consume",
            "instanceSelectionPolicy": "First"
          },
          {
            "name": "Transaction",
            "alias": "T2",
            "filterExpression": "T2.is_cnp == 0 && T2.cvv_validation == 16",
            "consumptionPolicy": "Consume",
            "instanceSelectionPolicy": "Override"
          }
        ],
        "computedVariables": [],
        "assertion": "T1.amount_eur < 1 && T2.amount_eur > 200",
        "evaluationPolicy": "Immediate",
        "cardinalityPolicy": "Single",
        "internalSegmentation": [          
        ],
        "derivedEvents": [
          {
            "name": "SmallFollowedByBigAmounts",
            "reportParticipants": false,
            "expressions": {
              "Certainty": "0.8",
              "Duration": "0",
               "is_cnp": "0", 
              "card_pan": "context.CardNumberSegmentation"
            }
          }
        ],
        "derivedActions": []
      },
      {
        "name": "MultipleATMWithdrawalsEPA",
        "createdDate": "Tue Aug 05 2014",
        "epaType": "Aggregate",
        "context": "CompositeATM",
        "inputEvents": [
          {
            "name": "Transaction",
            "filterExpression": "Transaction.cvv_validation == 16 && Transaction.is_cnp == 0 && Transaction.amount_eur < 200 && Transaction.amount_eur > 180",
            "consumptionPolicy": "Reuse",
            "instanceSelectionPolicy": "First"
          }
        ],
        "computedVariables": [
          {
            "name": "Count",
            "aggregationType": "Count",
            "Transaction": "1"
          }
        ],
        "assertion": "Count >=4",
        "evaluationPolicy": "Immediate",
        "cardinalityPolicy": "Unrestricted",
        "internalSegmentation": [],
        "derivedEvents": [
          {
            "name": "MultipleATMWithdrawals",
            "reportParticipants": false,
            "expressions": {
              "Certainty": "Sigmoid(1,9,Count)",
              "Duration": "0",
              "terminal_id": "context.ATMSegmentation",
              "TransactionsCount": "Count"
            }
          }
        ],
        "derivedActions": []
      },
       {
        "name": "SuddenCardUseNearExpirationDateEPA",
        "createdDate": "Tue Aug 05 2014",
        "epaType": "Aggregate",
        "context": "CompositeTransaction2mins",
        "inputEvents": [
          {
            "name": "Transaction",
            "filterExpression": "Transaction.cvv_validation == 16 && Transaction.is_cnp == 0 && (Transaction.card_exp_date != null && DayDiff(Transaction.card_exp_date,Transaction.OccurrenceTime)<=1 && CompareDates(Transaction.card_exp_date,Transaction.OccurrenceTime) != 1)",
            "consumptionPolicy": "Consume",
            "instanceSelectionPolicy": "First"
          }
        ],
        "computedVariables": [
          {
            "name": "Count",
            "aggregationType": "Count",
            "Transaction": "1"
          }
        ],
        "assertion": "Count >=4",
        "evaluationPolicy": "Deferred",
        "cardinalityPolicy": "Unrestricted",
        "internalSegmentation": [],
        "derivedEvents": [
          {
            "name": "SuddenCardUseNearExpirationDate",
            "reportParticipants": false,
            "expressions": {
              "Certainty": "Sigmoid(1,9,Count)",
              "Duration": "0",
              "card_pan": "context.CardNumberSegmentation",
              "is_cnp": "0",
              "TransactionsCount": "Count"
            }
          }
        ],
        "derivedActions": []
      },
       {
        "name": "TransactionsInFarAwayPlacesEPA",
        "createdDate": "Wed Aug 06 2014",
        "epaType": "Sequence",
        "context": "CompositeInitiatedTransaction",
        "inputEvents": [
          {
            "name": "Transaction",
            "alias": "T1",
            "filterExpression": "T1.is_cnp == 0",
            "consumptionPolicy": "Consume",
            "instanceSelectionPolicy": "First"
          },
          {
            "name": "Transaction",
            "alias": "T2",
            "filterExpression": "T2.is_cnp == 0",
            "consumptionPolicy": "Consume",
            "instanceSelectionPolicy": "Override"
          }
        ],
        "computedVariables": [],
        "assertion": "T1.acquirer_country != T2.acquirer_country",
        "evaluationPolicy": "Immediate",
        "cardinalityPolicy": "Unrestricted",
        "internalSegmentation": [
          {
            "name": "CardNumberSegmentation"
          }
        ],
        "derivedEvents": [
          {
            "name": "TransactionsInFarAwayPlaces",
            "reportParticipants": false,
            "expressions": {
              "Certainty": "1.0",
              "Duration": "0",
              "card_pan": "context.CardNumberSegmentation"
            }
          }
        ],
        "derivedActions": []
      },
      {
        "name": "IncreasingAmountsAfterCVVAtackEPA",
        "createdDate": "Tue Aug 05 2014",
        "epaType": "Trend",
        "context": "CompositeInitiatedCVVAttack",
        "inputEvents": [
          {
            "name": "Transaction",
            "filterExpression":"Transaction.is_cnp == 0 && Transaction.cvv_validation == 16",
            "expression": "Transaction.amount_eur",
            "consumptionPolicy": "Reuse",
            "instanceSelectionPolicy": "First"
          }
        ],
        "computedVariables": [],
        "evaluationPolicy": "Immediate",
        "cardinalityPolicy": "Unrestricted",
        "trendN": "2",
        "trendRelation": "Increase",
        "internalSegmentation": [],
        "derivedEvents": [
          {
            "name": "IncreasingAmountsAfterCVVAtack",
            "reportParticipants": false,
            "expressions": {
              "Certainty": "Sigmoid(1,6,trend.count)+0.1",
              "Duration": "0",
              "card_pan": "context.CardNumberSegmentation",
              "TrendCount": "trend.count",
              "is_cnp" : "0"
            }
          }
        ],
        "derivedActions": []
      },
     
       {
        "name": "FlashAttackAfterCVVAttackEPA",
        "createdDate": "Tue Aug 05 2014",
        "epaType": "Aggregate",
        "context": "CompositeInitiatedCVVAttack",
        "inputEvents": [
          {
            "name": "Transaction",
            "filterExpression": "Transaction.cvv_validation == 16 && Transaction.is_cnp == 0",
            "consumptionPolicy": "Reuse",
            "instanceSelectionPolicy": "First"
          }
        ],
        "computedVariables": [
          {
            "name": "Count",
            "aggregationType": "Count",
            "Transaction": "1"
          }
        ],
        "assertion": "Count >=5",
        "evaluationPolicy": "Immediate",
        "cardinalityPolicy": "Unrestricted",
        "internalSegmentation": [],
        "derivedEvents": [
          {
            "name": "FlashAttackAfterCVVAttack",
            "reportParticipants": false,
            "expressions": {
              "Certainty": "Sigmoid(1,9,Count)+0.1",
              "Duration": "0",
              "card_pan": "context.CardNumberSegmentation",
              "TransactionsCount": "Count",              
              "is_cnp":"0"
            }
          }
        ],
        "derivedActions": []
      },
      {
        "name": "SuddenCardUseNearExpirationDateAfterCVVAttackEPA",
        "createdDate": "Tue Aug 05 2014",
        "epaType": "Aggregate",
        "context": "CompositeInitiatedCVVAttack2mins",
        "inputEvents": [
          {
            "name": "Transaction",
            "filterExpression": "Transaction.cvv_validation == 16 && Transaction.is_cnp == 0 && (Transaction.card_exp_date != null && DayDiff(Transaction.card_exp_date,Transaction.OccurrenceTime)<=1 && CompareDates(Transaction.card_exp_date,Transaction.OccurrenceTime) != 1)",
            "consumptionPolicy": "Reuse",
            "instanceSelectionPolicy": "First"
          }
        ],
        "computedVariables": [
          {
            "name": "Count",
            "aggregationType": "Count",
            "Transaction": "1"
          }
        ],
        "assertion": "Count >=4",
        "evaluationPolicy": "Deferred",
        "cardinalityPolicy": "Unrestricted",
        "internalSegmentation": [],
        "derivedEvents": [
          {
            "name": "SuddenCardUseNearExpirationDateAfterCVVAttack",
            "reportParticipants": false,
            "expressions": {
              "Certainty": "Sigmoid(1,9,Count)+0.1",
              "Duration": "0",
              "card_pan": "context.CardNumberSegmentation",
              "TransactionsCount": "Count",
              "is_cnp":"0"
            }
          }
        ],
        "derivedActions": []
      },
       {
        "name": "MultipleATMWithdrawalsAfterCVVAttackEPA",
        "createdDate": "Tue Aug 05 2014",
        "epaType": "Aggregate",
        "context": "CompositeInitiatedCVVAttackATM",
        "inputEvents": [
          {
            "name": "Transaction",
            "filterExpression":  "Transaction.cvv_validation == 16 && Transaction.is_cnp == 0 && Transaction.amount_eur < 200 && Transaction.amount_eur > 180",
            "consumptionPolicy": "Reuse",
            "instanceSelectionPolicy": "First"
          }
        ],
        "computedVariables": [
          {
            "name": "Count",
            "aggregationType": "Count",
            "Transaction": "1"
          }
        ],
        "assertion": "Count >=4",
        "evaluationPolicy": "Immediate",
        "cardinalityPolicy": "Unrestricted",
        "internalSegmentation": [],
        "derivedEvents": [
          {
            "name": "MultipleATMWithdrawalsAfterCVVAttack",
            "reportParticipants": false,
            "expressions": {
              "Certainty": "Sigmoid(1,9,Count)+0.1",
              "Duration": "0",
              "terminal_id": "context.ATMSegmentation",
              "TransactionsCount": "Count"
            }
          }
        ],
        "derivedActions": []
      },
     
       {
        "name": "FlashAttackAfterSmallFollowedByBigAmountsEPA",
        "createdDate": "Tue Aug 05 2014",
        "epaType": "Aggregate",
        "context": "CompositeInitiatedSmallFollowedByBigAmounts",
        "inputEvents": [
          {
            "name": "Transaction",
            "filterExpression": "Transaction.cvv_validation == 16 && Transaction.is_cnp == 0",
            "consumptionPolicy": "Reuse",
            "instanceSelectionPolicy": "First"
          }
        ],
        "computedVariables": [
          {
            "name": "Count",
            "aggregationType": "Count",
            "Transaction": "1"
          }
        ],
        "assertion": "Count >4",
        "evaluationPolicy": "Immediate",
        "cardinalityPolicy": "Unrestricted",
        "internalSegmentation": [],
        "derivedEvents": [
          {
            "name": "FlashAttackAfterSmallFollowedByBigAmounts",
            "reportParticipants": false,
            "expressions": {
              "Certainty": "0.9",
              "Duration": "0",
              "card_pan": "context.CardNumberSegmentation",
              "TransactionsCount": "Count",
              "is_cnp": "0"
            }
          }
        ],
        "derivedActions": []
      }
       
      
     
    ],
    "contexts": {
      "temporal": [
        {
          "name": "TemporalInitiatedCVVAttack",
          "createdDate": "Tue Aug 05 2014",
          "type": "TemporalInterval",
          "atStartup": false,
          "neverEnding": false,
          "initiators": [
            {
              "initiatorType": "Event",
              "initiatorPolicy": "Ignore",
              "name": "CVVAttack"
            }
          ],
          "terminators": [
            {
              "terminatorType": "RelativeTime",
              "terminationType": "Terminate",
              "relativeTime": "300000"
            }
          ]
        },
        {
          "name": "TemporalInitiatedCVVAttack2mins",
          "createdDate": "Tue Aug 05 2014",
          "type": "TemporalInterval",
          "atStartup": false,
          "neverEnding": false,
          "initiators": [
            {
              "initiatorType": "Event",
              "initiatorPolicy": "Ignore",
              "name": "CVVAttack"
            }
          ],
          "terminators": [
            {
              "terminatorType": "RelativeTime",
              "terminationType": "Terminate",
              "relativeTime": "120000"
            }
          ]
        },
         {
          "name": "TemporalInitiatedSmallFollowedByBigAmounts",
          "createdDate": "Tue Aug 05 2014",
          "type": "TemporalInterval",
          "atStartup": false,
          "neverEnding": false,
          "initiators": [
            {
              "initiatorType": "Event",
              "initiatorPolicy": "Ignore",
              "name": "SmallFollowedByBigAmounts"
            }
          ],
          "terminators": [
            {
              "terminatorType": "RelativeTime",
              "terminationType": "Terminate",
              "relativeTime": "300000"
            }
          ]
        },
        
        {
          "name": "TemporalInitiatedWrongCVV",
          "createdDate": "Tue Aug 05 2014",
          "type": "TemporalInterval",
          "atStartup": false,
          "neverEnding": false,
          "initiators": [
            {
              "initiatorType": "Event",
              "initiatorPolicy": "Ignore",
              "name": "Transaction",
              "condition": "Transaction.cvv_validation != 16"
            }
          ],
          "terminators": [
            {
              "terminatorType": "RelativeTime",
              "terminationType": "Terminate",
              "relativeTime": "120000"
            }
          ]
        },
        {
          "name": "TemporalInitiatedFirstTransaction",
          "createdDate": "Mon Aug 18 2014",
          "type": "TemporalInterval",
          "atStartup": false,
          "neverEnding": false,
          "initiators": [
            {
              "initiatorType": "Event",
              "initiatorPolicy": "Ignore",
              "name": "Transaction"
            }
          ],
          "terminators": [
            {
              "terminatorType": "RelativeTime",
              "terminationType": "Terminate",
              "relativeTime": "300000"
            }
          ]
        },
         {
          "name": "TemporalInitiatedFirstTransaction2mins",
          "createdDate": "Mon Aug 18 2014",
          "type": "TemporalInterval",
          "atStartup": false,
          "neverEnding": false,
          "initiators": [
            {
              "initiatorType": "Event",
              "initiatorPolicy": "Ignore",
              "name": "Transaction"
            }
          ],
          "terminators": [
            {
              "terminatorType": "RelativeTime",
              "terminationType": "Terminate",
              "relativeTime": "120000"
            }
          ]
        },
        {
          "name": "TemporalInitiatedFirstTransaction2minsInitiatedSmall",
          "createdDate": "Mon Aug 18 2014",
          "type": "TemporalInterval",
          "atStartup": false,
          "neverEnding": false,
          "initiators": [
            {
              "initiatorType": "Event",
              "initiatorPolicy": "Ignore",
              "name": "Transaction",
               "condition": "Transaction.amount_eur < 1.0"
            }
          ],
          "terminators": [
            {
              "terminatorType": "RelativeTime",
              "terminationType": "Terminate",
              "relativeTime": "120000"
            }
          ]
        }
      ],
      "segmentation": [
        {
          "name": "CardNumberSegmentation",
          "createdDate": "Tue Aug 05 2014",
          "participantEvents": [
            {
              "name": "Transaction",
              "expression": "Transaction.card_pan"
            },            
            {
              "name": "CVVAttack",
              "expression": "CVVAttack.card_pan"
            }
          ]
        },
        {
          "name": "ATMSegmentation",
          "createdDate": "Tue Aug 05 2014",
          "participantEvents": [
            {
              "name": "Transaction",
              "expression": "Transaction.terminal_id"
            }
           
           
          ]
        },
        {
          "name": "CntrySegmentation",
          "createdDate": "Mon Dec 15 2014",
          "participantEvents": [
            {
              "name": "Transaction",
              "expression": "Transaction.acquirer_country"
            }
            
           
          ]
        }
      ],
      "composite": [
        {
          "name": "CompositeInitiatedWrongCVV",
          "createdDate": "Tue Aug 05 2014",
          "temporalContexts": [
            {
              "name": "TemporalInitiatedWrongCVV"
            }
          ],
          "segmentationContexts": [
            {
              "name": "CardNumberSegmentation"
            }
          ]
        },
        {
          "name": "CompositeInitiatedCVVAttack",
          "createdDate": "Wed Aug 06 2014",
          "temporalContexts": [
            {
              "name": "TemporalInitiatedCVVAttack"
            }
          ],
          "segmentationContexts": [
            {
              "name": "CardNumberSegmentation"
            }
          ]
        },
        {
          "name": "CompositeInitiatedCVVAttackATM",
          "createdDate": "Wed Aug 06 2014",
          "temporalContexts": [
            {
              "name": "TemporalInitiatedCVVAttack"
            }
          ],
          "segmentationContexts": [
            {
              "name": "ATMSegmentation"
            }
          ]
        },
        {
          "name": "CompositeInitiatedSmallFollowedByBigAmounts",
          "createdDate": "Wed Aug 06 2014",
          "temporalContexts": [
            {
              "name": "TemporalInitiatedSmallFollowedByBigAmounts"
            }
          ],
          "segmentationContexts": [
            {
              "name": "CardNumberSegmentation"
            }
          ]
        },
        
        {
          "name": "CompositeInitiatedCVVAttack2mins",
          "createdDate": "Wed Aug 06 2014",
          "temporalContexts": [
            {
              "name": "TemporalInitiatedCVVAttack2mins"
            }
          ],
          "segmentationContexts": [
            {
              "name": "CardNumberSegmentation"
            }
          ]
        },
        {
          "name": "CompositeInitiatedTransaction",
          "createdDate": "Wed Aug 06 2014",
          "temporalContexts": [
            {
              "name": "TemporalInitiatedFirstTransaction"
            }
          ],
          "segmentationContexts": [
            {
              "name": "CardNumberSegmentation"
            }
          ]
        },
        {
          "name": "CompositeTransaction2mins",
          "createdDate": "Wed Aug 06 2014",
          "temporalContexts": [
            {
              "name": "TemporalInitiatedFirstTransaction2mins"
            }
          ],
          "segmentationContexts": [
            {
              "name": "CardNumberSegmentation"
            }
          ]
        },
        {
          "name": "CompositeTransaction2minsInitiatedSmall",
          "createdDate": "Wed Aug 06 2014",
          "temporalContexts": [
            {
              "name": "TemporalInitiatedFirstTransaction2minsInitiatedSmall"
            }
          ],
          "segmentationContexts": [
            {
              "name": "CardNumberSegmentation"
            }
          ]
        },            
        
         {
          "name": "CompositeATM",
          "createdDate": "Wed Aug 06 2014",
          "temporalContexts": [
            {
              "name": "TemporalInitiatedFirstTransaction"
            }
          ],
          "segmentationContexts": [
            {
              "name": "ATMSegmentation"
            }
          ]
        }
       
      ]
    },
    "consumers": [
      {
        "name": "ExampleConsumer",
        "createdDate": "Wed Aug 06 2014",
        "type": "File",
        "properties": [
          {
            "name": "filename",
            "value": "D:\\EP\\Projects\\EU\\SPEEDD\\usecases\\Feedzai\\exampleOutput.txt"
          },
          {
            "name": "formatter",
            "value": "tag"
          },
          {
            "name": "delimiter",
            "value": ";"
          },
          {
            "name": "tagDataSeparator",
            "value": "="
          },
          {
            "name": "SendingDelay",
            "value": "1000"
          },
          {
            "name": "dateFormat",
            "value": "dd/MM/yyyy-HH:mm:ss"
          }
        ],
        "events": [
          {
            "name": "Transaction"
          },
          {
            "name": "IncreasingAmountsAfterCVVAtack"
          },
           {
            "name": "FlashAttackAfterCVVAttack"
          },
          {
            "name": "SuddenCardUseNearExpirationDateAfterCVVAttack"
          },
          {
            "name": "MultipleATMWithdrawalsAfterCVVAttack"
          },
           {
            "name": "FlashAttackAfterSmallFollowedByBigAmounts"
          },
          {
            "name": "CVVAttack"
          },
          {
            "name": "FlashAttack"
          },
          {
            "name": "SmallFollowedByBigAmounts"
          }, 
          {
            "name": "MultipleATMWithdrawals"
          },                  
           {
            "name": "SuddenCardUseNearExpirationDate"
          },
          {
            "name": "TransactionsInFarAwayPlaces"
          },
          {
            "name": "IncreasingAmounts"
          },
          {
            "name": "DecreasingAmounts"
          }
         
         
        ],
        "actions": []
      }
    ],
    "producers": [
      {
        "name": "ExampleProducer",
        "createdDate": "Wed Aug 06 2014",
        "type": "File",
        "properties": [
          {
            "name": "filename",
            "value": "D:\\EP\\Projects\\EU\\SPEEDD\\usecases\\Feedzai\\exampleInputUncertain.txt"
          },
          {
            "name": "pollingInterval",
            "value": "1000"
          },
          {
            "name": "sendingDelay",
            "value": "1000"
          },
          {
            "name": "formatter",
            "value": "tag"
          },
          {
            "name": "delimiter",
            "value": ";"
          },
          {
            "name": "tagDataSeparator",
            "value": "="
          },
          {
            "name": "dateFormat",
            "value": "dd/MM/yyyy-HH:mm:ss"
          }
        ],
        "events": []
      }
    ],
    "actions": [],
    "name": "FeedzaiFraud"
  }
}