{
  "epn": {
    "events": [
      {
        "name": "EventTypeA",
        "createdDate": "Mon Nov 10 2014",
        "attributes": [
          {
            "name": "Certainty",
            "type": "Double",
            "defaultValue": "1",
            "dimension": 0,
            "description": "The certainty that this event happen (value between 0 to 1)"
          },
          {
            "name": "OccurrenceTime",
            "type": "Date",
            "dimension": 0,
            "description": "No value means it equals the event detection time, other option is to use one of the defined distribution functions with parameters"
          },
          {
            "name": "ExpirationTime",
            "type": "Date",
            "dimension": 0,
            "description": "Only till this time the cost and certainty parameters of the event are valid, and only till this time a proactive action is considered"
          },
          {
            "name": "Cost",
            "type": "Double",
            "dimension": 0,
            "description": "The cost of this event occurrence. Negative if this is an opportunity"
          },
          {
            "name": "Duration",
            "type": "Double",
            "defaultValue": "0",
            "dimension": 0,
            "description": "Used in case the this event occur within an interval"
          },
          {
            "name": "A1",
            "type": "String",
            "dimension": 0
          }
          
        ]
      },
      {
        "name": "EventTypeB",
        "createdDate": "Mon Nov 10 2014",
        "attributes": [
          {
            "name": "Certainty",
            "type": "Double",
            "defaultValue": "1",
            "dimension": 0,
            "description": "The certainty that this event happen (value between 0 to 1)"
          },
          {
            "name": "OccurrenceTime",
            "type": "Date",
            "dimension": 0,
            "description": "No value means it equals the event detection time, other option is to use one of the defined distribution functions with parameters"
          },
          {
            "name": "ExpirationTime",
            "type": "Date",
            "dimension": 0,
            "description": "Only till this time the cost and certainty parameters of the event are valid, and only till this time a proactive action is considered"
          },
          {
            "name": "Cost",
            "type": "Double",
            "dimension": 0,
            "description": "The cost of this event occurrence. Negative if this is an opportunity"
          },
          {
            "name": "Duration",
            "type": "Double",
            "defaultValue": "0",
            "dimension": 0,
            "description": "Used in case the this event occur within an interval"
          },
          {
            "name": "A1",
            "type": "String",
            "dimension": 0
          }
        ]
      },
      {
        "name": "EventTypeC",
        "createdDate": "Mon Nov 10 2014",
        "attributes": [
          {
            "name": "Certainty",
            "type": "Double",
            "defaultValue": "1",
            "dimension": 0,
            "description": "The certainty that this event happen (value between 0 to 1)"
          },
          {
            "name": "OccurrenceTime",
            "type": "Date",
            "dimension": 0,
            "description": "No value means it equals the event detection time, other option is to use one of the defined distribution functions with parameters"
          },
          {
            "name": "ExpirationTime",
            "type": "Date",
            "dimension": 0,
            "description": "Only till this time the cost and certainty parameters of the event are valid, and only till this time a proactive action is considered"
          },
          {
            "name": "Cost",
            "type": "Double",
            "dimension": 0,
            "description": "The cost of this event occurrence. Negative if this is an opportunity"
          },
          {
            "name": "Duration",
            "type": "Double",
            "defaultValue": "0",
            "dimension": 0,
            "description": "Used in case the this event occur within an interval"
          },
          {
            "name": "A1",
            "type": "String",
            "dimension": 0
          },
          
          {
            "name": "A2",
            "type": "Integer",
            "dimension": 1
          }
        ]
      },
      {
        "name": "DerivedEvent",
        "createdDate": "Mon Nov 10 2014",
        "attributes": [
          {
            "name": "Certainty",
            "type": "Double",
            "defaultValue": "1",
            "dimension": 0,
            "description": "The certainty that this event happen (value between 0 to 1)"
          },
          {
            "name": "OccurrenceTime",
            "type": "Date",
            "dimension": 0,
            "description": "No value means it equals the event detection time, other option is to use one of the defined distribution functions with parameters"
          },
          {
            "name": "ExpirationTime",
            "type": "Date",
            "dimension": 0,
            "description": "Only till this time the cost and certainty parameters of the event are valid, and only till this time a proactive action is considered"
          },
          {
            "name": "Cost",
            "type": "Double",
            "dimension": 0,
            "description": "The cost of this event occurrence. Negative if this is an opportunity"
          },
          {
            "name": "Duration",
            "type": "Double",
            "defaultValue": "0",
            "dimension": 0,
            "description": "Used in case the this event occur within an interval"
          },
          {
            "name": "A1",
            "type": "String",
            "dimension": 0
          },
          {
            "name": "A2",
            "type": "Integer",
            "dimension": 1
          }
          
        ]
      }
    ],
    "epas": [
      {
        "name": "AllEPA",
        "createdDate": "Mon Nov 10 2014",
        "epaType": "All",
        "context": "CompositeContext",
        "inputEvents": [
          {
            "name": "EventTypeC",
            "consumptionPolicy": "Consume",
            "instanceSelectionPolicy": "First"
          }
        ],
        "computedVariables": [],
        "evaluationPolicy": "Deferred",
        "cardinalityPolicy": "Single",
        "internalSegmentation": [],
        "derivedEvents": [
          {
            "name": "DerivedEvent",
            "reportParticipants": false,
            "expressions": {
              "Duration": "0",
              "A1": "EventTypeC.A1",
              "A2":"EventTypeC.A2"
            }
          }
        ],
        "derivedActions": []
      }
    ],
    "contexts": {
      "temporal": [
        {
          "name": "TemporalContext",
          "createdDate": "Mon Nov 10 2014",
          "type": "TemporalInterval",
          "atStartup": false,
          "neverEnding": false,
          "initiators": [
            {
              "initiatorType": "Event",
              "initiatorPolicy": "Ignore",
              "name": "EventTypeA"
            },
            {
              "initiatorType": "Event",
              "initiatorPolicy": "Ignore",
              "name": "EventTypeB"
            }
          ],
          "terminators": [
            {
              "terminatorType": "RelativeTime",
              "terminationType": "Terminate",
              "relativeTime": "15000"
            }
          ]
        }
      ],
      "segmentation": [
        {
          "name": "SegmentationContext",
          "createdDate": "Mon Nov 10 2014",
          "participantEvents": [
            {
              "name": "EventTypeA",
              "expression": "EventTypeA.A1"
            },
            {
              "name": "EventTypeB",
              "expression": "EventTypeB.A1"
            },
            {
              "name": "EventTypeC",
              "expression": "EventTypeC.A1"
            }
          ]
        }
      ],
      "composite": [
        {
          "name": "CompositeContext",
          "createdDate": "Mon Nov 10 2014",
          "temporalContexts": [
            {
              "name": "TemporalContext"
            }
          ],
          "segmentationContexts": [
            {
              "name": "SegmentationContext"
            }
          ]
        }
      ]
    },
    "consumers": 
    [
    	 {
        "name": "TextConsumer",
        "createdDate": "Sun Aug 31 2014",
        "type": "File",
        "properties": [
          {
            "name": "filename",
            "value": "D:\\EP\\Projects\\EU\\SPEEDD\\exampleOutput.txt"
          },
          {
            "name": "formatter",
            "value": "tag"
          },
          {
            "name": "delimiter",
            "value": ";"
          },
          {
            "name": "tagDataSeparator",
            "value": "="
          },
          {
            "name": "SendingDelay",
            "value": "1000"
          },
          {
            "name": "dateFormat",
            "value": "dd/MM/yyyy-HH:mm:ss"
          }
        ],
        "events": [
          {
            "name": "EventTypeA"
          },
          {
            "name": "EventTypeB"
          },          
          {
            "name": "EventTypeC"
          },          
          {
            "name": "DerivedEvent"
          }
          
        ],
        "actions": []
      }
    ],
    "producers": 
    [
    	 {
        "name": "TextProducer",
        "createdDate": "Sun Aug 31 2014",
        "type": "File",
        "properties": [
          {
            "name": "filename",
            "value": "D:\\EP\\Projects\\EU\\SPEEDD\\exampleInput.txt"
          },
          {
            "name": "pollingInterval",
            "value": "500"
          },
          {
            "name": "sendingDelay",
            "value": "1000"
          },
          {
            "name": "formatter",
            "value": "tag"
          },
          {
            "name": "delimiter",
            "value": ";"
          },
          {
            "name": "tagDataSeparator",
            "value": "="
          },
          {
            "name": "dateFormat",
            "value": "dd/MM/yyyy-HH:mm:ss"
          }
         
    ],
    }
    ],
    "actions": [],
    "name": "TestPolicy"
  }
}