{
  "epn": {
    "events": [
      {
        "name": "Transaction",
        "createdDate": "Tue Aug 05 2014",
        "attributes": [
          {
            "name": "Certainty",
            "type": "Double",
            "defaultValue": "1",
            "dimension": 0,
            "description": "The certainty that this event happen (value between 0 to 1)"
          },
          {
            "name": "OccurrenceTime",
            "type": "Date",
            "dimension": 0,
            "description": "No value means it equals the event detection time, other option is to use one of the defined distribution functions with parameters"
          },
          {
            "name": "ExpirationTime",
            "type": "Date",
            "dimension": 0,
            "description": "Only till this time the cost and certainty parameters of the event are valid, and only till this time a proactive action is considered"
          },
          {
            "name": "Cost",
            "type": "Double",
            "dimension": 0,
            "description": "The cost of this event occurrence. Negative if this is an opportunity"
          },
          {
            "name": "Duration",
            "type": "Double",
            "defaultValue": "0",
            "dimension": 0,
            "description": "Used in case the this event occur within an interval"
          },
          {
            "name": "card_pan",
            "type": "String",
            "dimension": 0
          },
          {
            "name": "terminal_id",
            "type": "Double",
            "dimension": 0
          },
          {
            "name": "cvv_validation",
            "type": "Integer",
            "dimension": 0
          },
          {
            "name": "amount_eur",
            "type": "Double",
            "dimension": 0
          },
          {
            "name": "acquirer_country",
            "type": "Integer",
            "dimension": 0
          },
          {
            "name": "is_cnp",
            "type": "Integer",
            "dimension": 0
          }
        ]
      },
       {
        "name": "Timestamp",
        "createdDate": "Tue Aug 05 2014",
        "attributes": [
          {
            "name": "Certainty",
            "type": "Double",
            "defaultValue": "1",
            "dimension": 0,
            "description": "The certainty that this event happen (value between 0 to 1)"
          },
          {
            "name": "OccurrenceTime",
            "type": "Date",
            "dimension": 0,
            "description": "No value means it equals the event detection time, other option is to use one of the defined distribution functions with parameters"
          },
          {
            "name": "ExpirationTime",
            "type": "Date",
            "dimension": 0,
            "description": "Only till this time the cost and certainty parameters of the event are valid, and only till this time a proactive action is considered"
          },
          {
            "name": "Cost",
            "type": "Double",
            "dimension": 0,
            "description": "The cost of this event occurrence. Negative if this is an opportunity"
          },
          {
            "name": "Duration",
            "type": "Double",
            "defaultValue": "0",
            "dimension": 0,
            "description": "Used in case the this event occur within an interval"
          },
          {
            "name": "entry",
            "type": "Integer",
            "dimension": 0
          }         
          
        ]
      },
      {
        "name": "LogEvent",
        "createdDate": "Tue Aug 05 2014",
        "attributes": [
          {
            "name": "Certainty",
            "type": "Double",
            "defaultValue": "1",
            "dimension": 0,
            "description": "The certainty that this event happen (value between 0 to 1)"
          },
          {
            "name": "OccurrenceTime",
            "type": "Date",
            "dimension": 0,
            "description": "No value means it equals the event detection time, other option is to use one of the defined distribution functions with parameters"
          },
          {
            "name": "ExpirationTime",
            "type": "Date",
            "dimension": 0,
            "description": "Only till this time the cost and certainty parameters of the event are valid, and only till this time a proactive action is considered"
          },
          {
            "name": "Cost",
            "type": "Double",
            "dimension": 0,
            "description": "The cost of this event occurrence. Negative if this is an opportunity"
          },
          {
            "name": "Duration",
            "type": "Double",
            "defaultValue": "0",
            "dimension": 0,
            "description": "Used in case the this event occur within an interval"
          } ,
          {
            "name": "timestamp",
            "type": "Long",
            "dimension": 0
          }        
          
        ]
      },
      {
        "name": "IncreasingAmounts",
        "createdDate": "Tue Aug 05 2014",
        "attributes": [
          {
            "name": "Certainty",
            "type": "Double",
            "defaultValue": "1",
            "dimension": 0,
            "description": "The certainty that this event happen (value between 0 to 1)"
          },
          {
            "name": "OccurrenceTime",
            "type": "Date",
            "dimension": 0,
            "description": "No value means it equals the event detection time, other option is to use one of the defined distribution functions with parameters"
          },
          {
            "name": "ExpirationTime",
            "type": "Date",
            "dimension": 0,
            "description": "Only till this time the cost and certainty parameters of the event are valid, and only till this time a proactive action is considered"
          },
          {
            "name": "Cost",
            "type": "Double",
            "dimension": 0,
            "description": "The cost of this event occurrence. Negative if this is an opportunity"
          },
          {
            "name": "Duration",
            "type": "Double",
            "defaultValue": "0",
            "dimension": 0,
            "description": "Used in case the this event occur within an interval"
          },
          {
            "name": "card_pan",
            "type": "String",
            "dimension": 0
          },
          {
            "name": "terminal_id",
            "type": "Double",
            "dimension": 0
          },
          {
            "name": "TrendCount",
            "type": "Double",
            "dimension": 0
          }
        ]
      },
      {
        "name": "TrendAfterCount",
        "createdDate": "Tue Aug 05 2014",
        "attributes": [
          {
            "name": "Certainty",
            "type": "Double",
            "defaultValue": "1",
            "dimension": 0,
            "description": "The certainty that this event happen (value between 0 to 1)"
          },
          {
            "name": "OccurrenceTime",
            "type": "Date",
            "dimension": 0,
            "description": "No value means it equals the event detection time, other option is to use one of the defined distribution functions with parameters"
          },
          {
            "name": "ExpirationTime",
            "type": "Date",
            "dimension": 0,
            "description": "Only till this time the cost and certainty parameters of the event are valid, and only till this time a proactive action is considered"
          },
          {
            "name": "Cost",
            "type": "Double",
            "dimension": 0,
            "description": "The cost of this event occurrence. Negative if this is an opportunity"
          },
          {
            "name": "Duration",
            "type": "Double",
            "defaultValue": "0",
            "dimension": 0,
            "description": "Used in case the this event occur within an interval"
          },
          {
            "name": "card_pan",
            "type": "String",
            "dimension": 0
          },
          {
            "name": "terminal_id",
            "type": "Double",
            "dimension": 0
          },
          {
            "name": "TrendCount",
            "type": "Double",
            "dimension": 0
          }
        ]
      },
      {
        "name": "IncreasingAmountsCardIndication",
        "createdDate": "Tue Aug 05 2014",
        "attributes": [
          {
            "name": "Certainty",
            "type": "Double",
            "defaultValue": "1",
            "dimension": 0,
            "description": "The certainty that this event happen (value between 0 to 1)"
          },
          {
            "name": "OccurrenceTime",
            "type": "Date",
            "dimension": 0,
            "description": "No value means it equals the event detection time, other option is to use one of the defined distribution functions with parameters"
          },
          {
            "name": "ExpirationTime",
            "type": "Date",
            "dimension": 0,
            "description": "Only till this time the cost and certainty parameters of the event are valid, and only till this time a proactive action is considered"
          },
          {
            "name": "Cost",
            "type": "Double",
            "dimension": 0,
            "description": "The cost of this event occurrence. Negative if this is an opportunity"
          },
          {
            "name": "Duration",
            "type": "Double",
            "defaultValue": "0",
            "dimension": 0,
            "description": "Used in case the this event occur within an interval"
          },
          {
            "name": "card_pan",
            "type": "String",
            "dimension": 0
          },
          {
            "name": "terminal_id",
            "type": "Double",
            "dimension": 0
          },
          {
            "name": "TrendCount",
            "type": "Double",
            "dimension": 0
          }
        ]
      },
      {
        "name": "FraudAtATM",
        "createdDate": "Tue Aug 05 2014",
        "attributes": [
          {
            "name": "Certainty",
            "type": "Double",
            "defaultValue": "1",
            "dimension": 0,
            "description": "The certainty that this event happen (value between 0 to 1)"
          },
          {
            "name": "OccurrenceTime",
            "type": "Date",
            "dimension": 0,
            "description": "No value means it equals the event detection time, other option is to use one of the defined distribution functions with parameters"
          },
          {
            "name": "ExpirationTime",
            "type": "Date",
            "dimension": 0,
            "description": "Only till this time the cost and certainty parameters of the event are valid, and only till this time a proactive action is considered"
          },
          {
            "name": "Cost",
            "type": "Double",
            "dimension": 0,
            "description": "The cost of this event occurrence. Negative if this is an opportunity"
          },
          {
            "name": "Duration",
            "type": "Double",
            "defaultValue": "0",
            "dimension": 0,
            "description": "Used in case the this event occur within an interval"
          },          
          {
            "name": "terminal_id",
            "type": "Double",
            "dimension": 0
          }
        ]
      },
      {
        "name": "CountFraud",
        "createdDate": "Tue Aug 05 2014",
        "attributes": [
          {
            "name": "Certainty",
            "type": "Double",
            "defaultValue": "1",
            "dimension": 0,
            "description": "The certainty that this event happen (value between 0 to 1)"
          },
          {
            "name": "OccurrenceTime",
            "type": "Date",
            "dimension": 0,
            "description": "No value means it equals the event detection time, other option is to use one of the defined distribution functions with parameters"
          },
          {
            "name": "ExpirationTime",
            "type": "Date",
            "dimension": 0,
            "description": "Only till this time the cost and certainty parameters of the event are valid, and only till this time a proactive action is considered"
          },
          {
            "name": "Cost",
            "type": "Double",
            "dimension": 0,
            "description": "The cost of this event occurrence. Negative if this is an opportunity"
          },
          {
            "name": "Duration",
            "type": "Double",
            "defaultValue": "0",
            "dimension": 0,
            "description": "Used in case the this event occur within an interval"
          },
          {
            "name": "card_pan",
            "type": "String",
            "dimension": 0
          },
          {
            "name": "TransactionsCount",
            "type": "Integer",
            "dimension": 0
          }
        ]
      },
      {
        "name": "Fraud",
        "createdDate": "Tue Aug 05 2014",
        "attributes": [
          {
            "name": "Certainty",
            "type": "Double",
            "defaultValue": "1",
            "dimension": 0,
            "description": "The certainty that this event happen (value between 0 to 1)"
          },
          {
            "name": "OccurrenceTime",
            "type": "Date",
            "dimension": 0,
            "description": "No value means it equals the event detection time, other option is to use one of the defined distribution functions with parameters"
          },
          {
            "name": "ExpirationTime",
            "type": "Date",
            "dimension": 0,
            "description": "Only till this time the cost and certainty parameters of the event are valid, and only till this time a proactive action is considered"
          },
          {
            "name": "Cost",
            "type": "Double",
            "dimension": 0,
            "description": "The cost of this event occurrence. Negative if this is an opportunity"
          },
          {
            "name": "Duration",
            "type": "Double",
            "defaultValue": "0",
            "dimension": 0,
            "description": "Used in case the this event occur within an interval"
          },
          {
            "name": "card_pan",
            "type": "String",
            "dimension": 0
          }
        ]
      },
      {
        "name": "SequenceFraud",
        "createdDate": "Tue Aug 05 2014",
        "attributes": [
          {
            "name": "Certainty",
            "type": "Double",
            "defaultValue": "1",
            "dimension": 0,
            "description": "The certainty that this event happen (value between 0 to 1)"
          },
          {
            "name": "OccurrenceTime",
            "type": "Date",
            "dimension": 0,
            "description": "No value means it equals the event detection time, other option is to use one of the defined distribution functions with parameters"
          },
          {
            "name": "ExpirationTime",
            "type": "Date",
            "dimension": 0,
            "description": "Only till this time the cost and certainty parameters of the event are valid, and only till this time a proactive action is considered"
          },
          {
            "name": "Cost",
            "type": "Double",
            "dimension": 0,
            "description": "The cost of this event occurrence. Negative if this is an opportunity"
          },
          {
            "name": "Duration",
            "type": "Double",
            "defaultValue": "0",
            "dimension": 0,
            "description": "Used in case the this event occur within an interval"
          },
          {
            "name": "card_pan",
            "type": "String",
            "dimension": 0
          }
          
        ]
      }
    ],
    "epas": [
      {
        "name": "TrendEPA",
        "createdDate": "Tue Aug 05 2014",
        "epaType": "Trend",
        "context": "CompositeTrendContext",
        "inputEvents": [
          {
            "name": "Transaction",
            "expression": "Transaction.amount_eur",
            "consumptionPolicy": "Reuse",
            "instanceSelectionPolicy": "First"
          }
        ],
        "computedVariables": [],
        "evaluationPolicy": "Immediate",
        "cardinalityPolicy": "Unrestricted",
        "trendN": "2",
        "trendRelation": "Increase",
        "internalSegmentation": [],
        "derivedEvents": [
          {
            "name": "TrendAfterCount",
            "reportParticipants": false,
            "expressions": {
              "Certainty": "Sigmoid(1,6,trend.count)",
              "Duration": "0",
              "card_pan": "context.CardNumberSegmentation",
              "TrendCount": "trend.count"
            }
          }
        ]
      },
     {
        "name": "MarkTimestampEPA",
        "createdDate": "Wed Aug 06 2014",
        "epaType": "Sequence",
        "context": "TemporalAlways",
        "inputEvents": [
          {
            "name": "Timestamp",
            "alias": "T1",
            "filterExpression": "T1.entry == 1",
            "consumptionPolicy": "Consume",
            "instanceSelectionPolicy": "First"
          },
          {
            "name": "Timestamp",
            "alias": "T2",
            "filterExpression": "T2.entry == 0",
            "consumptionPolicy": "Consume",
            "instanceSelectionPolicy": "First"
          }
        ],
        "computedVariables": [],       
        "evaluationPolicy": "Immediate",
        "cardinalityPolicy": "Unrestricted",
        "internalSegmentation": [          
        ],
        "derivedEvents": [
          {
            "name": "LogEvent",
            "reportParticipants": false,
            "expressions": {              
              "Duration": "0",
              "timestamp": "T2.DetectionTime-T1.DetectionTime"
            }
          }
        ]
      },
       {
        "name": "IncreasingAmountsEPA",
        "createdDate": "Tue Aug 05 2014",
        "epaType": "Trend",
        "context": "CompositeIncreasingAmounts",
        "inputEvents": [
          {
            "name": "Transaction",
            "expression": "Transaction.amount_eur",
            "consumptionPolicy": "Reuse",
            "instanceSelectionPolicy": "First"
          }
        ],
        "computedVariables": [],
        "evaluationPolicy": "Immediate",
        "cardinalityPolicy": "Unrestricted",
        "trendN": "2",
        "trendRelation": "Increase",
        "internalSegmentation": [],
        "derivedEvents": [
          {
            "name": "IncreasingAmounts",
            "reportParticipants": false,
            "expressions": {
              "Certainty": "Sigmoid(1,6,trend.count)",
              "Duration": "0",
              "card_pan": "context.CardNumberSegmentation",
              "terminal_id": "context.ATMSegmentation",
              "TrendCount": "trend.count"
            }
          }
        ]
      },
      {
        "name": "IncreasingAmountsCardIndicationEPA",
        "createdDate": "Tue Aug 05 2014",
        "epaType": "Trend",
        "context": "CompositeIncreasingAmounts",
        "inputEvents": [
          {
            "name": "Transaction",
            "expression": "Transaction.amount_eur",
            "consumptionPolicy": "Reuse",
            "instanceSelectionPolicy": "First"
          }
        ],
        "computedVariables": [],
        "evaluationPolicy": "Deferred",
        "cardinalityPolicy": "Unrestricted",
        "trendN": "2",
        "trendRelation": "Increase",
        "internalSegmentation": [],
        "derivedEvents": [
          {
            "name": "IncreasingAmountsCardIndication",
            "reportParticipants": false,
            "expressions": {              
              "Duration": "0",
              "Certainty": "Sigmoid(1,5,trend.count)",
              "card_pan": "context.CardNumberSegmentation",
              "terminal_id": "context.ATMSegmentation",
              "TrendCount": "trend.count"
            }
          }
        ]
      },
      {
        "name": "FraudAtATMEPA",
        "createdDate": "Tue Aug 05 2014",
        "epaType": "Aggregate",
        "context": "CompositeFraudAtATM",
        "inputEvents": [
          {
            "name": "IncreasingAmountsCardIndication",                       
            "consumptionPolicy": "Reuse",
            "instanceSelectionPolicy": "First"
          }
        ],
        "computedVariables": [
          {
            "name": "Count",
            "aggregationType": "Count",
            "IncreasingAmountsCardIndication": "1"
          }
        ],
        "assertion": "(1.0-CDF(Count,2.0)) > 0.8",
        "evaluationPolicy": "Immediate",
        "cardinalityPolicy": "Unrestricted",
        "internalSegmentation": [],
        "derivedEvents": [
          {
            "name": "FraudAtATM",
            "reportParticipants": false,
            "expressions": {
              "Certainty": "1.0 - CDF(Count,2.0)",
              "Duration": "0",
              "terminal_id": "context.ATMSegmentation"
            }
          }
        ]
      },
      {
        "name": "CountEPA",
        "createdDate": "Tue Aug 05 2014",
        "epaType": "Aggregate",
        "context": "CountCompositeContext",
        "inputEvents": [
          {
            "name": "Transaction",
            "filterExpression": "Transaction.cvv_validation != 1",
            "consumptionPolicy": "Consume",
            "instanceSelectionPolicy": "First"
          }
        ],
        "computedVariables": [
          {
            "name": "Count",
            "aggregationType": "Count",
            "Transaction": "1"
          }
        ],
        "assertion": "Count >=4",
        "evaluationPolicy": "Deferred",
        "cardinalityPolicy": "Unrestricted",
        "internalSegmentation": [],
        "derivedEvents": [
          {
            "name": "CountFraud",
            "reportParticipants": false,
            "expressions": {
              "Certainty": "Sigmoid(1,9,Count)",
              "Duration": "0",
              "card_pan": "context.CardNumberSegmentation",
              "TransactionsCount": "Count"
            }
          }
        ]
      },
      {
        "name": "CombinedCountTrendFraud",
        "createdDate": "Wed Aug 06 2014",
        "epaType": "All",
        "context": "CompositeTrendContext",
        "inputEvents": [
          {
            "name": "CountFraud",
            "consumptionPolicy": "Reuse",
            "instanceSelectionPolicy": "Last"
          },
          {
            "name": "TrendAfterCount",
            "consumptionPolicy": "Reuse",
            "instanceSelectionPolicy": "Last"
          }
        ],
        "computedVariables": [],
        "evaluationPolicy": "Immediate",
        "cardinalityPolicy": "Unrestricted",
        "internalSegmentation": [],
        "derivedEvents": [
          {
            "name": "Fraud",
            "reportParticipants": false,
            "expressions": {
              "Certainty": "if (((CountFraud.Certainty*TrendAfterCount.Certainty)/0.01) < 1.0) then ((CountFraud.Certainty*TrendAfterCount.Certainty)/0.01) else (1.0) endif",
              "Duration": "0",
              "card_pan": "context.CardNumberSegmentation"
            }
          }
        ]
      },
      {
        "name": "SequenceEPA",
        "createdDate": "Wed Aug 06 2014",
        "epaType": "Sequence",
        "context": "CompositeFirstTransaction",
        "inputEvents": [
          {
            "name": "Transaction",
            "alias": "T1",
            "filterExpression": "T1.is_cnp == 0",
            "consumptionPolicy": "Consume",
            "instanceSelectionPolicy": "First"
          },
          {
            "name": "Transaction",
            "alias": "T2",
            "filterExpression": "T2.is_cnp == 0",
            "consumptionPolicy": "Consume",
            "instanceSelectionPolicy": "Override"
          }
        ],
        "computedVariables": [],
        "assertion": "T1.acquirer_country != T2.acquirer_country",
        "evaluationPolicy": "Immediate",
        "cardinalityPolicy": "Unrestricted",
        "internalSegmentation": [
          {
            "name": "CardNumberSegmentation"
          }
        ],
        "derivedEvents": [
          {
            "name": "SequenceFraud",
            "reportParticipants": false,
            "expressions": {
              "Certainty": "1.0",
              "Duration": "0",
              "card_pan": "context.CardNumberSegmentation"
                         }
          }
        ]
      }
    ],
    "contexts": {
      "temporal": [
        {
          "name": "TemporalInitiatedCount",
          "createdDate": "Tue Aug 05 2014",
          "type": "TemporalInterval",
          "atStartup": false,
          "neverEnding": false,
          "initiators": [
            {
              "initiatorType": "Event",
              "initiatorPolicy": "Ignore",
              "name": "CountFraud"
            }
          ],
          "terminators": [
            {
              "terminatorType": "RelativeTime",
              "terminationType": "Terminate",
              "relativeTime": "300000"
            }
          ]
        },
         {
          "name": "TemporalAlways",
          "createdDate": "Tue Aug 05 2014",
          "type": "TemporalInterval",
          "atStartup": true,
          "neverEnding": true,
          "initiators": [
            {
            }
          ],
          "terminators": [
            {
            }
          ]
        },
        {
          "name": "TemporalInitiatedIncreasingAmountsFirst",
          "createdDate": "Tue Aug 05 2014",
          "type": "TemporalInterval",
          "atStartup": false,
          "neverEnding": false,
          "initiators": [
            {
              "initiatorType": "Event",
              "initiatorPolicy": "Ignore",
              "name": "IncreasingAmountsCardIndication"
            }
          ],
          "terminators": [
            {
              "terminatorType": "RelativeTime",
              "terminationType": "Terminate",
              "relativeTime": "30000"
            }
          ]
        },
        {
          "name": "TemporalInitiatedWrongCVV",
          "createdDate": "Tue Aug 05 2014",
          "type": "TemporalInterval",
          "atStartup": false,
          "neverEnding": false,
          "initiators": [
            {
              "initiatorType": "Event",
              "initiatorPolicy": "Ignore",
              "name": "Transaction",
              "condition": "Transaction.cvv_validation != 1"
            }
          ],
          "terminators": [
            {
              "terminatorType": "RelativeTime",
              "terminationType": "Terminate",
              "relativeTime": "10000"
            }
          ]
        },
        {
          "name": "TemporalInitiatedFirstTransaction",
          "createdDate": "Mon Aug 18 2014",
          "type": "TemporalInterval",
          "atStartup": false,
          "neverEnding": false,
          "initiators": [
            {
              "initiatorType": "Event",
              "initiatorPolicy": "Ignore",
              "name": "Transaction"
            }
          ],
          "terminators": [
            {
              "terminatorType": "RelativeTime",
              "terminationType": "Terminate",
              "relativeTime": "30000"
            }
          ]
        }
      ],
      "segmentation": [
        {
          "name": "CardNumberSegmentation",
          "createdDate": "Tue Aug 05 2014",
          "participantEvents": [
            {
              "name": "Transaction",
              "expression": "Transaction.card_pan"
            },
            {
              "name": "TrendAfterCount",
              "expression": "TrendAfterCount.card_pan"
            },
            {
              "name": "CountFraud",
              "expression": "CountFraud.card_pan"
            }
          ]
        },
        {
          "name": "ATMSegmentation",
          "createdDate": "Tue Aug 05 2014",
          "participantEvents": [
            {
              "name": "Transaction",
              "expression": "Transaction.terminal_id"
            },
            {
              "name": "IncreasingAmounts",
              "expression": "IncreasingAmounts.terminal_id"
            },
            {
              "name": "IncreasingAmountsCardIndication",
              "expression": "IncreasingAmountsCardIndication.terminal_id"
            }
          ]
        }
      ],
      "composite": [
        {
          "name": "CountCompositeContext",
          "createdDate": "Tue Aug 05 2014",
          "temporalContexts": [
            {
              "name": "TemporalInitiatedWrongCVV"
            }
          ],
          "segmentationContexts": [
            {
              "name": "CardNumberSegmentation"
            }
          ]
        },
        {
          "name": "CompositeTrendContext",
          "createdDate": "Wed Aug 06 2014",
          "temporalContexts": [
            {
              "name": "TemporalInitiatedCount"
            }
          ],
          "segmentationContexts": [
            {
              "name": "CardNumberSegmentation"
            }
          ]
        },
        {
          "name": "CompositeIncreasingAmounts",
          "createdDate": "Wed Aug 06 2014",
          "temporalContexts": [
            {
              "name": "TemporalInitiatedFirstTransaction"
            }
          ],
          "segmentationContexts": [
            {
              "name": "CardNumberSegmentation"
            },
            {
              "name": "ATMSegmentation"
            }
          ]
        },
        {
          "name": "CompositeFraudAtATM",
          "createdDate": "Wed Aug 06 2014",
          "temporalContexts": [
            {
              "name": "TemporalInitiatedIncreasingAmountsFirst"
            }
          ],
          "segmentationContexts": [           
            {
              "name": "ATMSegmentation"
            }
          ]
        },
        {
          "name": "CompositeFirstTransaction",
          "createdDate": "Mon Aug 18 2014",
          "temporalContexts": [
            {
              "name": "TemporalInitiatedFirstTransaction"
            }
          ],
          "segmentationContexts": [
            {
              "name": "CardNumberSegmentation"
            }
          ]
        }
      ]
    },
    "consumers": [
      {
        "name": "ExampleConsumer",
        "createdDate": "Wed Aug 06 2014",
        "type": "File",
        "properties": [
          {
            "name": "filename",
            "value": "D:\\EP\\Projects\\EU\\SPEEDD\\usecases\\performance\\Feedzai\\FeedzaiScalability.txt"
          },
          {
            "name": "formatter",
            "value": "tag"
          },
          {
            "name": "delimiter",
            "value": ";"
          },
          {
            "name": "tagDataSeparator",
            "value": "="
          },
          {
            "name": "SendingDelay",
            "value": "1000"
          },
          {
            "name": "dateFormat",
            "value": "dd/MM/yyyy-HH:mm:ss"
          }
        ],
        "events": [
          {
            "name": "Transaction"
          },
          {
            "name": "Timestamp"
          },
          {
            "name": "LogEvent"
          },
          
          {
            "name": "TrendAfterCount"
          },
          {
            "name": "CountFraud"
          },
          {
            "name": "Fraud"
          },
          {
            "name": "SequenceFraud"
          },
           {
            "name": "IncreasingAmounts"
          },
           {
            "name": "IncreasingAmountsCardIndication"
          },
           {
            "name": "FraudAtATM"
          }
        ]
      }
    ],
    "producers": [
      {
        "name": "ExampleProducer",
        "createdDate": "Wed Aug 06 2014",
        "type": "File",
        "properties": [
          {
            "name": "filename",
            "value": "D:\\EP\\Projects\\EU\\SPEEDD\\usecases\\performance\\Feedzai\\exampleInputUncertain.txt"
          },
          {
            "name": "pollingInterval",
            "value": "0"
          },
          {
            "name": "sendingDelay",
            "value": "0"
          },
          {
            "name": "formatter",
            "value": "tag"
          },
          {
            "name": "delimiter",
            "value": ";"
          },
          {
            "name": "tagDataSeparator",
            "value": "="
          },
          {
            "name": "dateFormat",
            "value": "dd/MM/yyyy-HH:mm:ss"
          }
        ],
        "events": []
      }
    ],
    "name": "FeedzaiFraud"
  }
}