{
  "epn": {
    "events": [
      {
        "name": "Transaction",
        "createdDate": "Tue Aug 05 2014",
        "attributes": [
          {
            "name": "Certainty",
            "type": "Double",
            "defaultValue": "1",
            "dimension": 0,
            "description": "The certainty that this event happen (value between 0 to 1)"
          },
          {
            "name": "OccurrenceTime",
            "type": "Date",
            "dimension": 0,
            "description": "No value means it equals the event detection time, other option is to use one of the defined distribution functions with parameters"
          },
          {
            "name": "ExpirationTime",
            "type": "Date",
            "dimension": 0,
            "description": "Only till this time the cost and certainty parameters of the event are valid, and only till this time a proactive action is considered"
          },
          {
            "name": "Cost",
            "type": "Double",
            "dimension": 0,
            "description": "The cost of this event occurrence. Negative if this is an opportunity"
          },
          {
            "name": "Duration",
            "type": "Double",
            "defaultValue": "0",
            "dimension": 0,
            "description": "Used in case the this event occur within an interval"
          },
          {
            "name": "card_pan",
            "type": "String",
            "dimension": 0
          },
          {
            "name": "terminal_id",
            "type": "Double",
            "dimension": 0
          },
          {
            "name": "cvv_validation",
            "type": "Integer",
            "dimension": 0
          },
          {
            "name": "amount_eur",
            "type": "Double",
            "dimension": 0
          },
          {
            "name": "acquirer_country",
            "type": "Integer",
            "dimension": 0
          },
          {
            "name": "is_cnp",
            "type": "Integer",
            "dimension": 0
          }
        ]
      },
      {
        "name": "IncreasingAmounts",
        "createdDate": "Tue Aug 05 2014",
        "attributes": [
          {
            "name": "Certainty",
            "type": "Double",
            "defaultValue": "1",
            "dimension": 0,
            "description": "The certainty that this event happen (value between 0 to 1)"
          },
          {
            "name": "OccurrenceTime",
            "type": "Date",
            "dimension": 0,
            "description": "No value means it equals the event detection time, other option is to use one of the defined distribution functions with parameters"
          },
          {
            "name": "ExpirationTime",
            "type": "Date",
            "dimension": 0,
            "description": "Only till this time the cost and certainty parameters of the event are valid, and only till this time a proactive action is considered"
          },
          {
            "name": "Cost",
            "type": "Double",
            "dimension": 0,
            "description": "The cost of this event occurrence. Negative if this is an opportunity"
          },
          {
            "name": "Duration",
            "type": "Double",
            "defaultValue": "0",
            "dimension": 0,
            "description": "Used in case the this event occur within an interval"
          },
          {
            "name": "card_pan",
            "type": "String",
            "dimension": 0
          },
          {
            "name": "terminal_id",
            "type": "Double",
            "dimension": 0
          },
          {
            "name": "TrendCount",
            "type": "Double",
            "dimension": 0
          }
        ]
      },
       {
        "name": "LatencyCalculation",
        "createdDate": "Tue Aug 05 2014",
        "attributes": [
          {
            "name": "Certainty",
            "type": "Double",
            "defaultValue": "1",
            "dimension": 0,
            "description": "The certainty that this event happen (value between 0 to 1)"
          },
          {
            "name": "OccurrenceTime",
            "type": "Date",
            "dimension": 0,
            "description": "No value means it equals the event detection time, other option is to use one of the defined distribution functions with parameters"
          },
          {
            "name": "ExpirationTime",
            "type": "Date",
            "dimension": 0,
            "description": "Only till this time the cost and certainty parameters of the event are valid, and only till this time a proactive action is considered"
          },
          {
            "name": "Cost",
            "type": "Double",
            "dimension": 0,
            "description": "The cost of this event occurrence. Negative if this is an opportunity"
          },
          {
            "name": "Duration",
            "type": "Double",
            "defaultValue": "0",
            "dimension": 0,
            "description": "Used in case the this event occur within an interval"
          },
          {
            "name": "card_pan",
            "type": "String",
            "dimension": 0
          },
          {
            "name": "latency",
            "type": "Long",
            "dimension": 0
          }
          
         
        ]
      }
    ],
    "epas": [     
       {
        "name": "IncreasingAmountsEPA",
        "createdDate": "Tue Aug 05 2014",
        "epaType": "Trend",
        "context": "CompositeIncreasingAmounts",
        "inputEvents": [
          {
            "name": "Transaction",
            "expression": "Transaction.amount_eur",
            "consumptionPolicy": "Reuse",
            "instanceSelectionPolicy": "First"
          }
        ],
        "computedVariables": [],
        "evaluationPolicy": "Immediate",
        "cardinalityPolicy": "Unrestricted",
        "trendN": "2",
        "trendRelation": "Increase",
        "internalSegmentation": [],
        "derivedEvents": [
          {
            "name": "IncreasingAmounts",
            "reportParticipants": false,
            "expressions": {
              "Certainty": "Sigmoid(1,6,trend.count)",
              "Duration": "0",
              "card_pan": "context.CardNumberSegmentation",
              "terminal_id": "context.ATMSegmentation",
              "TrendCount": "trend.count"              
            }
          }
        ]
      },
      {
        "name": "CalculateLatencyEPA",
        "createdDate": "Mon Nov 10 2014",
        "epaType": "All",
        "context": "CompositeIncreasingAmounts",
        "inputEvents": [
          {
            "name": "Transaction",
            "consumptionPolicy": "Reuse",
            "instanceSelectionPolicy": "Override"
          },
          {
            "name": "IncreasingAmounts",
            "consumptionPolicy": "Consume",
            "instanceSelectionPolicy": "Last"
          }
        ],
        "computedVariables": [],
        "evaluationPolicy": "Immediate",
        "cardinalityPolicy": "Unrestricted",
        "internalSegmentation": [],
        "derivedEvents": [
          {
            "name": "LatencyCalculation",
            "reportParticipants": false,
            "expressions": {
              "Duration": "0",      
              "card_pan": "context.CardNumberSegmentation",    
              "latency":"IncreasingAmounts.DetectionTime-Transaction.DetectionTime"
            }
          }
        ],
        "derivedActions": []
      }
    ],
    "contexts": {
      "temporal": [
        {
          "name": "TemporalInitiatedFirstTransaction",
          "createdDate": "Mon Aug 18 2014",
          "type": "TemporalInterval",
          "atStartup": false,
          "neverEnding": false,
          "initiators": [
            {
              "initiatorType": "Event",
              "initiatorPolicy": "Ignore",
              "name": "Transaction"
            }
          ],
          "terminators": [
            {
              "terminatorType": "RelativeTime",
              "terminationType": "Terminate",
              "relativeTime": "30000"
            }
          ]
        }
      ],
      "segmentation": [
        {
          "name": "CardNumberSegmentation",
          "createdDate": "Tue Aug 05 2014",
          "participantEvents": [
            {
              "name": "Transaction",
              "expression": "Transaction.card_pan"
            },
            {
              "name": "IncreasingAmounts",
              "expression": "IncreasingAmounts.card_pan"
            }
            
          ]
        },
        {
          "name": "ATMSegmentation",
          "createdDate": "Tue Aug 05 2014",
          "participantEvents": [
            {
              "name": "Transaction",
              "expression": "Transaction.terminal_id"
            },
            {
              "name": "IncreasingAmounts",
              "expression": "IncreasingAmounts.terminal_id"
            }
          ]
        }
      ],
      "composite": [               
        {
          "name": "CompositeIncreasingAmounts",
          "createdDate": "Wed Aug 06 2014",
          "temporalContexts": [
            {
              "name": "TemporalInitiatedFirstTransaction"
            }
          ],
          "segmentationContexts": [
            {
              "name": "CardNumberSegmentation"
            },
            {
              "name": "ATMSegmentation"
            }
          ]
        }        
      ]
    },
    "consumers": [
      {
        "name": "ExampleConsumer",
        "createdDate": "Wed Aug 06 2014",
        "type": "File",
        "properties": [
          {
            "name": "filename",
            "value": "D:\\EP\\Projects\\EU\\SPEEDD\\usecases\\performance\\Feedzai\\IncreasingAmountsOutput.txt"
          },
          {
            "name": "formatter",
            "value": "tag"
          },
          {
            "name": "delimiter",
            "value": ";"
          },
          {
            "name": "tagDataSeparator",
            "value": "="
          },
          {
            "name": "SendingDelay",
            "value": "1000"
          },
          {
            "name": "dateFormat",
            "value": "dd/MM/yyyy-HH:mm:ss"
          }
        ],
        "events": [
          {
            "name": "Transaction"
          },
           {
            "name": "IncreasingAmounts"
          },
           {
            "name": "LatencyCalculation"
          }
        ]
      }
    ],
    "producers": [
      {
        "name": "ExampleProducer",
        "createdDate": "Wed Aug 06 2014",
        "type": "File",
        "properties": [
          {
            "name": "filename",
            "value": "D:\\EP\\Projects\\EU\\SPEEDD\\usecases\\performance\\Feedzai\\IncreasingAmountsInput.txt"
          },
          {
            "name": "pollingInterval",
            "value": "100"
          },
          {
            "name": "sendingDelay",
            "value": "100"
          },
          {
            "name": "formatter",
            "value": "tag"
          },
          {
            "name": "delimiter",
            "value": ";"
          },
          {
            "name": "tagDataSeparator",
            "value": "="
          },
          {
            "name": "dateFormat",
            "value": "dd/MM/yyyy-HH:mm:ss"
          }
        ],
        "events": []
      }
    ],
    "name": "FeedzaiFraud"
  }
}